X0,X1,X2,X3,X4,X5,X6,X7,X8,X9,X10,X11,X12,X13,X14,X15,X16,X17,X18,X19,X20,X21,X22,X23,X24,X25,X26,X27,X28,X29
-0.28890917477433936,-0.9935339971032103,-0.9631739462647506,-1.1809847695600455,-2.3868052276788427,-3.8668017585443986,-4.601350378769908,-7.3949200793087195,-6.34390889700385,-9.610328723138835,-28.13113427126795,-2.298741040774162,-44.79896138049574,-34.86181267411627,-49.75889700607268,-59.22707109275665,-19.531575807917754,-81.51221669033626,-273.8599496821183,-276.24851282955507,-161.1331468561242,-68.0517443645762,-82.62585254810199,-72.74979546901726,-380.5018858048545,-800.4728653097176,-2185.589722860799,-403.4035951485859,-5714.767330576716,-571.861688431164
2.316974250357576,0.0875226655917911,3.7420604144176286,4.214668944142368,5.912310691208177,8.411795616548872,9.565077028346524,18.199258388626916,13.907576787034579,14.03917273433433,62.460992459243094,5.095171463396545,103.41260690728419,70.85485014464393,113.3592134745049,113.17812917694745,32.54451149945663,165.40377294079735,588.9177371723478,546.6341854463411,333.0962474356706,162.11225018155537,159.1424160247997,166.85598043880367,879.1462519883501,1687.8821060629587,4571.927384442197,892.2212825444353,12089.318621401195,1247.3171120943111
0.6235985129855038,1.369994613722113,-0.13836586131581852,1.2119048399729726,0.5962042613651514,3.374607312209148,1.4513090084496258,6.329252716865419,1.493175363718801,3.2176139454251755,12.028540250489243,0.41798528918515176,17.218022666512773,17.3885364426462,26.363486855469333,22.151874531412677,6.234588889050034,38.88344352100441,129.9132060747188,123.9753142814072,68.77970802002055,25.88883258049671,29.17319851755463,34.28676884762641,169.500259872554,369.5078683417653,998.1132546092942,181.31190957424377,2599.1637469472093,242.31560661533737
0.21979537321600792,0.6244605985705287,-0.41281064536665446,1.4681571077858688,-0.14341005751834718,1.63764828187668,-0.9591511878789349,1.1703328910107968,2.085190807637342,1.799033717737252,6.219451560742694,1.1603147172223696,9.569190640523397,5.281592866598249,8.940109953076204,13.700017223036776,3.0038320972817933,15.946108730866937,53.98603762034812,57.61117478695444,33.34535110742172,11.22694612253115,18.410100667927914,15.18636977320454,75.62060668600724,164.39527697444043,449.543330393668,78.51183191848925,1159.5666354670511,115.26400823781528
-1.1646326082953993,0.9496466455138117,-0.30803769069310216,-0.30183808388468725,-1.6900665633373355,-0.6946764587655674,-2.3497257020680413,-1.947630170824603,-6.3712882987806605,-2.431912535982551,-17.38129428009447,-2.941036866387766,-31.06553286626891,-11.714207640022863,-27.196479784714647,-29.724457409064524,-4.793291508904683,-40.08976692493019,-143.89731790985863,-125.32009855717338,-74.58658569870214,-49.03626929193599,-47.62182077536476,-42.177097967388804,-240.94146279630908,-394.49431401690146,-1063.326106285299,-229.01748551423898,-2870.5685237561715,-342.321380757498
-1.164787217839572,0.3820905346104576,-1.1455795725229894,-5.6910618317692485,-4.924957936474745,-11.375014373406593,-8.562066377748767,-21.52526504830357,-14.713477788279583,-21.222461655517534,-65.62153312601757,-4.938478014100755,-107.16326466061973,-82.31934126218758,-119.6150907766714,-130.08369771531608,-41.00983824275806,-183.62691736295935,-637.9615391218981,-627.854555810602,-373.2037153541651,-166.10582351009268,-184.38785785282352,-175.69091127241916,-914.5039022389741,-1856.1506402308944,-5064.702231605901,-951.6747848159252,-13284.989365296926,-1346.935983848763
-2.152724536860913,0.4854066555815871,-1.1152934209533127,-3.2211438357926196,-7.014755276721781,-5.279386694463295,-10.465644654843347,-14.042942764066076,-16.436023971292585,-9.652891566722287,-60.943718395908135,-6.300605887641842,-100.46073944935546,-51.29015561875022,-107.22534891498469,-107.27202787549881,-24.88363790387906,-153.46015960395087,-552.9619379880454,-483.49364534125897,-289.4804558853572,-159.29469111601716,-152.83850426382605,-157.80959480309116,-850.114744814303,-1530.5434885146267,-4120.702452587164,-827.9459461908809,-10961.688271847084,-1192.0692154475473
1.3180836839199936,1.1986248074903345,-0.8581366127843792,-0.03234611681998567,1.29123195883142,0.014951117091360301,2.513264531760213,1.697840985577621,4.8126853596977055,-3.2634673417551765,15.354198074884959,3.674151519376488,23.79951912315598,0.31821224453653496,22.397867999962195,18.171239117003093,0.3822491409651907,33.28018047738058,121.20311229071613,76.8151314498386,42.76575927978904,36.61500012848312,27.41002894289695,39.126926057599476,202.8374015788689,299.4881620644065,773.9774846668648,170.9815315740748,2105.6459254103115,265.54646963674287
0.22593497306731905,-0.6944760276495379,0.17648840610084698,0.48579219837010407,1.000990098673385,1.1921966663373893,1.8510258962182584,2.7806703663635615,2.387063241362676,2.6976106457478446,6.375906143534672,0.06628614726361959,9.158902824493557,11.220782569500026,11.682539821293183,13.562464049343005,5.054454605363877,20.294817833919925,65.7412525737288,70.99569102845487,39.33143398888934,13.669096650741603,18.423737145870433,19.911598910126813,89.65228535267049,199.84275610935893,550.618748637572,98.59613126889403,1426.181543308144,133.66213661184733
0.538102881144645,-0.021376940044431636,-2.2193890317719873,0.3591725948658745,-1.6890863230542785,-0.28589419692477325,-2.5756040919662615,-0.32954397425413773,-2.1615656268072168,-0.9107920543378825,-7.756659333073829,-1.9964894591695823,-17.47135599336349,-9.182266624924724,-13.770413173264886,-15.39108976843331,-5.079842235848108,-22.049827790884226,-77.6358002318942,-72.49180387016243,-48.0398484761815,-29.51131896222959,-20.331873164884218,-18.366276647825554,-125.95461129704837,-223.3979244028828,-608.3041146090715,-125.90782701921813,-1635.427929087499,-181.9017626377602
-3.1900700101378696,-0.8154981451478903,-4.924317470641574,-5.895727458873338,-8.498729663535233,-11.49791132570421,-17.845588264056744,-27.69989724501477,-24.76496161601738,-20.093114519961176,-106.8369760967638,-8.7391272981152,-176.35560680066683,-104.14642046630487,-188.45285834471204,-191.3871443921824,-50.23979605350826,-277.42316182758395,-986.1057805189848,-890.0042481174,-537.6605962180944,-270.8903822952417,-270.03149865275645,-276.70781322580444,-1473.351634079448,-2778.2182682940966,-7491.883954621325,-1473.7165960393406,-19849.819572163917,-2084.9842546508
2.810410294598365,3.7024112368453888,4.184433606474161,4.415449945213412,7.013356310446906,5.4785878335381835,13.729037174112898,17.27159240018457,19.312871973983494,16.081006441712383,74.9375618715313,7.847477305255204,124.58744730997246,74.38990757492574,135.94988298072118,148.06294877721447,42.06637827779966,214.06035795305223,731.678491429059,674.8870249116599,399.2134038327237,192.79765295695512,203.66681640118153,193.9520798835601,1056.729204393646,2056.337359502127,5554.813857625604,1072.3863325464663,14657.293618219397,1524.5758470391495
1.0932823627947297,2.1903166067604696,-0.30255196788789185,2.130981586449666,3.0512922009674464,3.4054551524828374,6.027264438602872,9.541033668669728,8.788759982425674,8.013888101571537,35.32247900164595,3.0552750611901383,54.202201334504515,32.38474839200817,65.10608859284233,66.3455963567413,18.469019007852115,98.63466001088895,338.8781843939598,309.24363978454454,177.87059567270822,83.9781834723366,95.25139933001795,98.05434624543862,490.7148536741953,954.3287439550991,2575.1658193903745,490.43855430350214,6766.363371199687,703.43768778057
-0.8564235230424074,-2.5401620219612746,-0.6973690165169292,-1.8549743137321193,-0.34717303047313086,-3.220000673096908,-2.3954030669057826,-6.497262030283396,-5.821558687423852,-5.291189261922925,-21.09944284297812,-0.2833531792690691,-33.32535112468871,-23.64994908300205,-40.145160031376385,-43.83130032136442,-12.874145052813843,-62.495092010046164,-213.18679607509836,-203.2305570794976,-115.80295149953629,-48.961152102498424,-57.45254627938691,-55.09151167794345,-289.40557855714934,-604.7684389840156,-1632.6614621839433,-303.2239585632349,-4276.967345441896,-424.08662906257706
-1.0115635927357869,0.5295843826357837,-1.098662010128124,-1.0883897175480768,-2.982074860297637,-0.7056487273010834,-5.974848362204569,-5.2063742119185035,-2.2934560877686394,-8.618413029118795,-17.243882573085614,-0.2918996608905311,-30.73499943458275,-29.05331520152572,-37.31208784990228,-37.99763208056471,-16.776393097728658,-56.26173404026386,-190.82870956608986,-193.30336429111787,-121.50770810200041,-49.662363898304896,-54.56457580114786,-49.10457102607783,-266.54921850281056,-559.5700929376871,-1543.3952565539953,-289.607297007948,-4041.8831295361,-385.3224237680599
-1.0029139486435268,1.9004363769153103,-1.2594537900807277,-1.9118499650551872,-3.342048542851465,-3.04363680513149,-5.2691802294695185,-7.844517541509435,-8.241571526226505,-2.988915273969776,-31.206129464851,-2.0960931094780526,-51.57719891159776,-24.011289148740488,-51.43444999062604,-47.79993203198654,-10.167731196017403,-69.83553468129725,-262.0311223828493,-215.71468799310944,-139.94458593536135,-78.72215910631454,-65.42365098536766,-81.02810930443253,-421.76476554107427,-728.344738492378,-1948.734861133358,-401.01357076055945,-5217.142274848118,-573.5066590519173
-0.49678386249325435,-1.018459983218474,1.1643640845981125,-2.8319793377206937,-0.15914569658812458,-5.24858597037264,0.9365613986496926,-6.503340444977159,-3.35644280252886,-5.533409270725238,-15.96088187225449,-0.49291742523397164,-22.771848642987596,-20.735488966123416,-29.56117860590881,-33.70711136868701,-6.11001708967922,-44.34828422138914,-154.06773541963676,-157.00243021592593,-83.75930578950032,-34.73910368058694,-44.15125986441912,-43.74446776524614,-212.3372312943053,-451.7650712459296,-1227.3179134278403,-226.3941007889999,-3202.116197315824,-316.7021066651087
0.05078065030090923,0.1460557370859568,-3.086300755200645,0.9242927923218651,-2.904086627239475,4.0348821927406435,-7.261203408545699,1.364782941777022,-4.4539117867350235,3.4326905828307908,-12.791721702265317,-1.400467762467428,-26.510483703736554,1.047588943950474,-20.698146958157746,-16.197663225022186,-2.0721495116393367,-27.785148379063923,-104.33132020021841,-56.64420166990445,-43.38398162884424,-45.36932992204175,-22.310569064910887,-30.602630894233254,-200.91896702155287,-251.40152526120104,-644.1202858130151,-167.37606217015076,-1827.1855174705631,-248.69461004479004
-0.1463097899395757,1.7777180835655846,0.26628114988286644,-0.8074599905162397,0.37739359567591824,-0.8799145746950867,-0.9733534005337069,-1.8498503083870292,-1.6287941901945557,-1.5937622641255955,-6.326691340034825,-2.525420997761606,-9.343488951422508,-7.914841452670373,-8.310568808977951,-9.36276379644015,0.19904558782775017,-14.045292837977987,-47.35182666228682,-49.51513863723939,-26.622477528849615,-11.571917405619107,-17.520866611730263,-19.51300262945002,-80.23280592277912,-145.80179963783903,-402.58046525714644,-81.82609611673016,-1058.882202143296,-115.13018453668204
-0.5404977177448577,-2.6898377025144056,2.1319819528658224,-1.0605644739978926,1.7275365936886709,0.054714108750503865,2.7138669923116656,2.5501128772594432,2.132458011387046,-0.37357921826918183,5.9462995510709105,3.6239148154874856,13.046670999673125,6.981912979036682,9.666298236440749,6.135062968531932,1.5585318294158585,13.236391040359717,52.50051805487489,38.75996669535711,24.99422101064124,22.104027947472726,15.252337565441719,19.886767527619284,101.23365428533025,143.6846468529042,389.2451247186284,94.03712608590742,1076.1294571352496,136.5108824493324
0.2532236933398535,0.50226327633294,0.3542326460962901,0.8926653618597387,1.0991685758183523,1.6675484624486763,3.5206665266805377,4.191725932408552,3.801585519032998,4.852379060200842,17.10148898703204,0.6139387252562543,28.41599602505958,22.079390983445766,30.657512751606266,30.385072766469285,16.637413906394627,42.136343602662976,154.33026958896147,148.9623857132164,105.44521305786114,43.88438333825793,42.81345124978794,43.97336494905308,236.3602828402088,464.0052396861421,1276.3839599320074,242.3882507439201,3358.057445122468,334.223796675417
-1.2765875077920077,-0.5197015405211648,0.929230208600035,-2.571944138132889,-0.36866664313866226,-5.299157383122261,-2.072057367195879,-8.986899023593233,-4.739873761057111,-8.450070135436414,-22.089620132030053,-3.033681034163238,-32.500371328198966,-30.951314674736118,-42.54928540054597,-46.8358315480023,-14.967328637527594,-70.39417998294924,-232.84440497332952,-234.07394042359374,-129.51768292694652,-48.49853368982963,-68.16209080066652,-65.27472907920234,-311.6003171049313,-676.8514089873694,-1849.7211397029937,-334.73766998388476,-4802.861352824455,-463.3081364898668
-0.5373590471140107,1.8891014907957298,-2.738041818025872,-3.0896880285296042,-3.113187584640906,-7.822854956352035,-5.470695055356913,-15.821262516822648,-10.395521985470621,-11.987737475066632,-41.40941193410236,-1.8508725257568606,-69.37732174204784,-57.248351374791724,-77.36892401078471,-82.05053019113656,-27.696748178137163,-115.7421359544489,-407.9050468183451,-398.4163592936188,-241.59997810704962,-105.01815233651092,-112.70599537998766,-115.69240897558893,-586.6229672077508,-1192.4961704100276,-3256.093334546936,-619.6676213684033,-8558.976924180664,-853.2583929548575
-0.3109866105273914,2.849322742062308,-0.4548043226729055,-0.8176926038749638,-2.0052090750839375,-0.873715757844852,-5.494987173214328,-5.941265817105351,-4.403053885559206,-5.734293485468362,-20.72894913182327,-1.97233443989263,-33.08354197672046,-22.726710036110724,-34.44833669438137,-35.27109478783503,-9.876513147301013,-50.97315326469044,-179.0299078582946,-166.57979505638633,-102.4088665511028,-49.6845452197392,-51.806068363768546,-57.975517503387415,-282.48046528917445,-516.6159946912077,-1407.1889665699023,-283.45021706726953,-3735.434653372791,-394.65805712568374
-0.09196182652359322,2.19402650068103,-0.7354010754670581,2.04142174068166,-0.042230976955560995,2.2673769632188234,0.20065243468138294,4.493238108684493,2.786082249972326,6.760449398333133,11.493257879368954,0.047495061582504244,20.20319389253348,16.458141777681195,24.484594676581978,29.80795518836377,9.809520177622437,40.954837851355066,137.09974969752574,140.92647486511223,83.34411986600506,29.432084229033414,35.13858191125177,28.56483703876447,165.97865852978387,394.9443049205636,1075.8072611844948,181.08871313573619,2775.1496686518376,259.3400952981074
0.8447888304709666,-0.0529489449419659,1.3732548554849693,1.7652692140335624,2.062113859291902,2.68376561104541,3.668244555163087,4.566532258130165,5.192924590740375,3.3273162346554637,20.193953156694135,2.320906749232181,35.29338547228101,21.57483826726619,38.024997130994834,36.80599374059807,7.6335856786342795,53.5915124499663,194.31933383081596,175.1748271429288,106.48525085150557,53.314138861715065,52.94368905098978,51.75958937845829,291.1573744341332,544.3098676011391,1466.252131602928,292.6432265605755,3894.046779249164,406.0601367508315
-0.917923152756609,1.2876635261754124,2.466628862439652,-1.1358922380218754,0.7164936628363054,-1.982542086671163,2.254852800556786,-2.402981815873509,-1.5300918652530058,-3.4765407377166992,-3.9961390011729,-0.9499937918794987,0.4384247237694989,-4.4740433474323025,-1.448394752215144,-10.591059979467143,0.7736936090981934,-11.179081179066566,-27.069026025301508,-42.819699358800136,-9.11612624807768,3.539845759736272,-18.379317923939222,-11.782319923950812,-20.720053544844962,-86.42748390043653,-244.52773711579647,-32.08996669137383,-588.509726797517,-51.80397777932617
0.028881974473182512,1.168280092739134,-0.6415833856150459,0.3562477610781955,-1.03533172421402,0.7807617986350498,-2.772785269695018,0.8896505443345404,-2.3086440059694526,1.034240752563217,-7.570046053802217,0.6349812015294329,-13.455604709340596,0.10894503388048216,-6.576934162581429,-7.841748001982567,-1.0490913520399265,-7.341549617829293,-36.420776997595425,-19.579338817491468,-22.30106228618465,-20.505368598375835,-10.936564394433079,-11.75552140024228,-82.09806187553357,-96.22802194818475,-248.10455336607728,-66.58346303662327,-718.9554072704432,-105.5334983372504
0.20435754074981535,-0.44910208208282404,0.5510751445377718,-0.574952230182709,-1.0793790689051834,-0.8128840460447222,-1.7714914885188606,-2.610138411366778,0.9254168275138164,-1.3304817505596485,-4.751987297076796,-0.9093497355294479,-4.711889598271649,-6.068747319892358,-10.68590953250077,-8.058032325071006,-2.8283170737024648,-16.74073384402923,-52.864599995711146,-49.08742360341199,-22.196596076566667,-8.135320799591785,-12.595852984425314,-13.559642487318076,-60.15726643776364,-142.07790218436233,-384.1249493066599,-66.51788857373298,-985.8490534800608,-86.84031493196592
-2.3762227479489066,1.0724503608347076,-3.0467659669283855,-4.2060783290400705,-1.9136363355368697,-8.69084456138391,-4.471288170022701,-12.967733781813822,-11.078173905198527,-11.7628541658816,-50.008756311743696,-4.155791435275115,-82.56410683522877,-56.69091121550115,-85.15118679694962,-89.94752549249284,-26.246901887812665,-122.76380445912345,-443.60760050536413,-423.68014091321606,-268.6558454230731,-125.50913562588731,-129.10742507073087,-125.68367166511027,-676.1839914514029,-1300.2503563703021,-3537.439714998282,-691.5898274542915,-9356.446346132856,-964.5227515256948
0.24218584008966476,-2.6034838634019297,0.35618659794057617,1.1074238077774619,-0.5058990429117811,1.7231899274465303,-0.42578920359415373,5.621591217955144,0.7337748801616732,3.5518381297411064,3.3527851607439243,0.14016654656256367,7.283516809131788,12.804781881066788,8.618764334368398,8.993932836099859,2.052994287412163,14.80826477439283,50.50889591014207,52.41803753766421,31.180348456050933,10.488229958152417,11.257215629314908,15.604108375428934,64.30915843761477,150.31814827591225,417.72498517362584,78.29093920287204,1092.126667330969,98.33100142016421
-1.0757313238050863,0.21386145972786158,-1.0350222239307165,-3.4191906884845533,1.2445095732005051,-5.902762142791807,3.794487343773146,-7.591139026213993,-4.431141381103287,-14.51959130536207,-13.775007353243263,-0.3797221427862942,-21.859471288635923,-39.94655566807323,-25.875878751549568,-48.537765003867314,-14.356900154727935,-52.90488754693084,-162.3932231609918,-232.2825639591265,-124.49602259933648,-30.54393929249964,-62.99356258461477,-39.67526529958892,-188.8610941376934,-552.7821242660248,-1564.4957424661163,-258.48233815646137,-3992.9328880138805,-342.3272100376054
-2.0394274051350867,-0.7764903672471273,1.0622856325446908,-4.044391221878592,0.5225775878711243,-4.4906099120165255,-0.3563496226946483,-9.617696938062634,-6.254189116829277,-9.364762084247916,-25.14768061591035,-1.5512549165464082,-38.14944528837717,-30.86024585980616,-48.197511504216095,-52.58924593642815,-14.161374819774014,-74.86252647533867,-254.83842296923606,-245.33000837643092,-142.4124281395354,-54.95973107519397,-72.90243264468587,-70.0501416983158,-343.38520148009576,-729.407475648061,-1980.188512250112,-364.3460530899499,-5167.168440630511,-506.04805501745284
2.2805406129469845,-1.4224034307940154,2.2802082145494693,3.2725150188005077,6.292976291744841,6.512620830781276,13.551667662520838,18.142071082370926,17.489271229248818,17.081061023803603,73.8608798703297,5.87801189587955,120.82038194935677,76.46098989437482,127.4131565222168,131.9539549238196,37.34856836566535,189.81654102263943,669.3399694685648,617.44713991316,378.70575148363844,186.55655114854733,188.05830886027871,191.60865167718526,1010.5913349312644,1908.592008782501,5172.609607312811,1019.4865198390743,13698.427173843276,1430.4234297980656
2.6774831619012276,-1.8714106323854318,2.0317241184092554,4.392254423258668,6.260570746239659,9.791381084102264,12.37467292339277,21.902604774561723,20.54678572406072,17.892464098331878,78.5457089917515,6.95960851661314,127.62100367996857,83.69734268742252,138.07650740536886,146.20619680308414,39.426442429885725,205.47300537337628,723.5036509312803,680.9744186446414,404.74102579676816,195.52074312083508,205.66925119912997,206.19964310101977,1078.5188985861837,2071.638086872031,5617.269060540369,1093.0274253312987,14835.891645747342,1543.5767279112667
0.9591843922529317,0.49853076912829164,-0.621441577566792,4.863323691522511,1.2882591191748294,9.518972542217837,1.1341893436329318,13.694454960397891,7.496976411413539,13.156082175535408,35.171634915183894,0.6919450418994608,53.34652651537021,49.80833006908054,65.46868056742636,72.48225241214598,23.210802602124698,98.18436672591582,338.32559493965186,350.6327814289007,206.19679689942927,79.89395547871293,99.83268037496543,94.10741008630771,474.50750211861845,1011.3337544964594,2769.319357782417,508.5321501272342,7224.0901220142605,701.4397046152686
-0.49556345486799697,-0.38603030207326655,-1.6380143553929412,-2.842433778472029,-0.6924598627622274,-4.9264518877333945,-1.5023565577663722,-7.892487632843504,-3.732320969805194,-6.031816743340687,-18.167098595569826,1.013799887579403,-31.99599993891134,-29.108314136252602,-39.5172711364771,-40.64413588604761,-11.874819743193168,-56.23388853515923,-198.95160220647415,-197.15920412026898,-117.53609399305928,-47.29098422860371,-50.83013880920233,-49.863429234804684,-267.94312147799724,-578.9569922225381,-1573.9917157577693,-292.72688801857413,-4125.466477989123,-388.86696724607924
-1.6329920048192,0.5969892566604325,-2.2546410459158155,-2.7298381422661486,-4.872966899136188,-5.882914410697268,-10.604717551868129,-17.770288234959658,-13.470846621028219,-12.884705626626383,-56.583854085304715,-4.828095829409385,-93.21938417110825,-59.52297384875319,-101.27903867502195,-104.78924017302138,-29.592856091388217,-155.98692130967618,-544.3836056417078,-497.9624184304861,-297.625244978176,-145.3731523453224,-149.59021521608014,-154.5477808600281,-794.5106039807036,-1537.8833904798294,-4158.575380664468,-804.118277881889,-10977.338565609512,-1143.4025502491008
0.45960358253871625,-2.0347536347659805,-0.2790648954646278,-0.24614880773988534,0.4830850777599666,-0.038647188064027505,1.4508651980863374,2.100916908426256,-1.1958911478453371,0.8371122913632978,1.694982591663992,1.4537694597804798,2.7451027465886564,4.181696619654935,1.9367122652177977,-3.6869652850130117,0.16399770666907276,0.5429026111942699,7.294199456694853,0.5427845314034565,10.998726187865444,5.246278999948751,2.0662371558029915,12.715971111700751,29.99015216210676,35.62833105119856,106.28252230778256,25.009361551465197,285.5900453063708,30.847613076029994
-0.12748685487279793,-0.46111417670923,1.094298834484027,2.620127368734038,0.8634917192181297,5.011323319351716,2.407466429671832,7.783265915528218,4.10463455382286,7.296964839197072,22.012526879304552,-2.9356826937936518,34.3055291981488,30.43017193536593,39.802911122689224,42.96728303708657,16.08826021374779,56.20063120650737,202.91988041059642,201.67398077881646,126.80653318719382,53.07578461812416,56.564683136292935,55.391447100310266,289.48359632928236,601.7970900375302,1646.216714072367,308.9210725559058,4321.639285600101,419.39055609323333
-1.4102737024215324,0.08227633384010426,-1.1281355119744092,-3.874983084414722,-3.3332385285422585,-6.762972660490752,-8.031263169499397,-16.27876503896845,-11.949650249335408,-13.456220112638647,-52.68614873569289,-4.39233342780941,-83.85742683026842,-54.885344755266075,-91.97925687427261,-98.48342801883427,-29.479483744655965,-142.23839655548753,-492.97366264892725,-461.36805039475036,-277.91252786390595,-128.56011260815097,-143.69499031779097,-139.95842999119003,-717.4251924715531,-1409.8045724533256,-3824.2477540771833,-731.1169635731147,-10065.429796805947,-1040.1353596862587
-0.0096930055394009,0.8709501527780424,0.03925988949258043,-0.23061118495768274,-0.14389128118750805,-0.43677181588502906,-0.26729800069733833,-1.8683031064820548,1.8186156915587555,-0.4636274241269236,2.6615182390974232,-0.11077627436422445,5.478552353328563,-1.6682532824121545,0.8039223090420177,5.81765586792912,-0.3023320453406691,3.1462294127862895,13.289883696471952,11.79737019090068,6.417792425312752,7.863086400169655,6.362237248531784,2.2019637227978426,26.784973123935053,37.691607506660226,94.2341268364649,26.41016822284554,274.1281474733305,44.077490485522674
-2.6768852782403316,-0.45019314964447965,-3.860964579426666,-3.8915549926966877,-7.627176640124196,-6.963190664114785,-13.831244247752524,-15.932252530663158,-18.084176273214624,-13.130761304231482,-72.85924551335249,-5.884525644104596,-123.38002862564205,-71.39532522772792,-130.0886854159677,-132.47633233624293,-34.096654474699164,-188.61250485269173,-672.9317814111049,-609.5055461005136,-373.2953817687527,-192.96859066854626,-187.33721011012997,-184.0905493140478,-1021.6471036382032,-1893.8589936538024,-5112.10717621794,-1018.0640352404704,-13583.795456516973,-1437.072955941632
1.7072757068330777,0.29006190584221736,2.79780747128536,3.4199935148257463,4.982619163017961,5.769148129853314,11.742031441028288,15.944778791519719,14.306652606775364,12.143992158287565,57.57120877637596,4.769187755333639,95.49185789758876,61.30583396648989,108.34238514286926,105.8606286849057,31.662664925361792,159.21996756833445,556.3687270027128,506.13631723623826,303.09087311140775,147.24724257581013,144.9774298826057,153.7360426491013,817.2391105944187,1564.2633107502704,4226.730912039282,824.9396172218839,11173.645682752769,1152.9446093912652
-0.6586298896371894,1.478214478164325,0.0020547081007131762,-1.28426986146428,0.12900001940449668,-2.278041122717293,0.27812037436606846,-2.429987490883817,-2.5404423500548834,-3.53886946496343,-11.040847777853932,1.1723736658047463,-17.09743210791935,-12.408710459977877,-14.443744836609893,-20.022854091971237,-3.233036787166829,-19.013513612663875,-76.87270512082459,-77.96869710485255,-56.619824796347835,-25.020485954045398,-27.927685637645318,-22.067333774878666,-121.06334867876855,-237.33576827975187,-650.4817070212064,-128.16151836712731,-1729.3104471104552,-179.6166823977131
0.39310861800503494,0.2636093285121407,-1.6491169071642002,0.2996722601195752,-1.4691417211582989,-0.3878355275106731,-0.5471021290507379,-1.1325832230479553,-1.4659785351571548,-2.797871911211045,-4.919297661459426,-0.25687330256300517,-11.973379570935162,-10.219343459990705,-10.764308819479565,-15.267800698195241,-4.482541165192577,-16.723587149700883,-55.29554378667932,-67.42130164904556,-41.78153248893397,-20.40082911184215,-18.873816858619165,-12.933264490146492,-85.39067234202541,-177.4907120863238,-498.32143962650633,-94.91242807966263,-1313.0696919945508,-134.37941673693777
-0.472531377825916,-0.763743588079729,0.11552781014864927,-1.0300816173107668,1.3409041262089487,-0.9162527539312995,2.6801101196996933,-0.30813778500805394,2.732245925705616,-1.2711475700418402,5.346102109205733,0.03720269989009464,10.779549193930853,1.097219677405462,6.058116469102732,6.779508062472056,1.0491002524866029,8.922909012225995,35.840208818138606,21.201751531039744,17.832172726940904,15.240012460311966,9.621031696020431,12.569478929678226,68.48959377236224,91.14751372986011,238.10810877636916,57.39111220751022,665.8685872974162,93.15474370622486
0.040963715349283294,-3.0199929356303605,0.12766563343285095,-0.5681786884233733,0.6355918623576966,-2.0153252827413737,0.9975034713020312,-3.3031853814720162,1.6379208796535405,-3.2110095041621785,1.2625274293314528,-1.057936563170314,6.261357790618833,-9.890106648864275,-6.7172283295555175,-8.732550840957147,-4.284939447403741,-18.658205419261996,-41.65572148402684,-66.37296481858857,-15.940081681402003,13.538995047626935,-10.250276164173915,-2.875255479954912,9.809158179872348,-124.8477684930852,-348.9338203645734,-25.671721389442208,-790.9719257852487,-14.174180374752767
0.0980766174218522,1.347834505814236,-1.7237047941664505,-0.7237333118310034,-0.05889694180061089,-3.0783118358283463,1.077598219629633,-4.177899873741473,0.7154020716421237,-4.301827209884054,-1.3435361804671608,1.0277233040371712,-5.212266593966881,-15.790466158792986,-6.619727234169091,-7.737791424125194,-7.026347047257789,-9.659829690399818,-33.716678331279375,-55.5910118287091,-40.555357203668606,-7.355367353449948,-9.394147039048136,-8.172393203801892,-39.00481362929194,-139.5159283547685,-404.2107631530353,-65.0143768184482,-1029.626950128422,-68.284757837541
-0.9950393098649168,-3.157338168212036,-0.9752135264383142,-1.7211228749818166,-2.2256262156092834,-3.242124119701268,-4.339654316376872,-7.3126233951266855,-6.877801507799632,-5.602761894792651,-28.00660800790746,-3.112858597359984,-46.86788765137099,-28.87387037954524,-53.379122871724974,-56.67001877833384,-17.212628695089972,-84.64993580313799,-287.9318022838787,-267.42806903848026,-154.53903877756812,-71.89754895890054,-77.26627546347932,-72.24471161003936,-399.4326080347587,-802.6970638285553,-2169.6522456998214,-406.3758494032413,-5695.240749794602,-581.5176150975359
2.7996599521762815,1.383910586044225,2.4677747433662356,4.123854008175639,7.2144771128235545,7.822086223297792,13.96355171257342,20.167537341263237,19.536186037085702,16.134440324087066,79.6555269588998,8.855903381607485,129.82461182575167,77.96022518664044,142.97115641762116,146.31365173842892,40.049076638013524,214.70299652088133,751.7343454108393,682.4837203612626,404.6286753081388,200.8631523061421,208.2569298328046,212.6399403127994,1113.4828715362542,2115.860510199028,5712.527969426165,1113.69250665698,15099.275307643495,1584.2460734033962
0.7990981965781955,0.059616539909609155,-0.39073751688107006,0.8009705133405197,-2.4044288472641075,1.3122949728304272,-4.692589680067592,-1.2696067634768564,-2.7085525711449097,1.0452563915492092,-9.407989447508397,1.5600076592489964,-15.190079006197932,-4.562238403718094,-15.495567724203106,-11.93605982930581,-1.9874667440322995,-20.28987451170622,-76.90402589787176,-51.844901939066666,-31.65375999401149,-26.375130152489042,-14.193459511766202,-22.231725549310475,-123.62575894500688,-189.89558781406,-494.250287697988,-110.56750517021662,-1355.3138060312456,-161.98335995501333
2.111947238731638,2.104844662232717,4.105086260395003,3.9559639536098308,7.476998835908109,6.5469575882043625,15.714366168144583,21.153308436059095,19.208810281514413,15.99458035940843,75.64398119347432,8.664446487454967,126.59909448431675,80.47440822457897,141.37667794022812,144.86319428914274,41.55188258962651,217.85426542567328,749.8738324947692,688.6634184284245,402.23995033136845,196.68458569425505,204.58285297332048,204.5841594218517,1086.9510470054308,2106.4136260806054,5692.09432918767,1101.1862172995595,15020.24077672463,1555.068369212394
1.5590048169742516,0.9102253424631797,2.5953116685225917,5.4083540009561855,1.9316642183886006,9.882922614136291,4.844499310041924,16.852907145962124,11.15215610387495,17.120541734474145,49.61605123742299,3.0350560213912647,78.75669664100498,69.68360924216547,93.16196925882781,104.15160300931453,29.111137606299792,145.1860791037419,495.64174224087867,505.1468699931505,287.5650127678022,117.10109360786562,144.13673054506657,132.59929975773406,683.0996032198561,1453.0471871784896,3964.3052300192744,734.622575021463,10364.659368438204,1012.4657314039921
0.2179072318233296,5.4890472302873805,0.6070521672549218,0.6016357191550585,2.3144250064174967,0.7203597416764838,4.283719336121119,6.1846703991866985,1.9638788367545805,6.038988242399734,13.641421519500971,1.8786470272175464,21.474967646576243,21.505964345736174,37.56120921747986,38.82135992104863,15.511919970896972,68.92297130215678,209.5204151553657,205.40306687579897,99.71754207784508,35.2957883156368,50.48109716089272,42.99133742010463,227.31161710402094,565.7914886037702,1530.0976368115475,255.11877902646265,3923.7284138104164,357.1042835806186
1.85628819870946,-0.3546432507922352,1.578442188273111,1.2753801393383422,8.328885761606797,4.309333626061372,15.781682964475696,11.952224690439063,16.073756331260963,8.782744034356574,65.17045546625381,7.3955013332435415,108.00884203568822,51.14621724191866,113.09332862469016,109.46370296855265,31.767311143100784,164.55599607808514,585.3266834642924,500.7412100317377,307.89293902345986,171.09668220151133,159.1256420519327,166.40873181112477,904.8108887107055,1613.1421187105634,4337.853772275817,871.9426795240042,11549.212128645346,1261.9486583827295
-1.731690272574649,0.7643780785515127,-1.7397889013724126,-4.82462186176556,-4.6427134319195,-6.839702566050513,-9.039422139467815,-15.631592973074344,-13.328982641298806,-13.883593449251377,-58.02040790876902,-5.914105948186437,-93.99001124421154,-61.997479648344054,-103.20862605546718,-107.31203675911978,-29.37687389774968,-153.0153744570516,-538.0809298333986,-503.60005051644197,-303.4937316149812,-145.54551692864547,-153.30698739761203,-154.88833897960188,-804.2795071962869,-1536.5351975528395,-4174.7329613173615,-812.6789663396751,-11019.07539050688,-1147.6595035552766
-0.9365808796514944,-0.2183278812656518,-0.4764930952963898,0.7439371913715218,-2.750448421247011,1.3471706383920758,-5.188224534000904,-1.23352040416452,-4.111968115252545,-0.20780736843368336,-16.259829325606802,-2.3685448713837496,-26.751705766947747,-8.472277694660297,-25.030528916946743,-24.349441226247208,-4.760936364239626,-37.908159493586915,-135.1714617019819,-105.47550377107189,-65.95488722529272,-43.69295812150245,-37.288337248304856,-39.55325697839345,-219.98352824895508,-357.99018482236767,-952.575564263219,-204.4561510688248,-2572.907393010181,-297.5815329312802
-2.402907456801037,-0.04108115246563125,-2.049475243061005,-4.59287858008274,-4.682636956535187,-8.709680633735692,-9.84165968338967,-19.029590624378663,-15.849930751316734,-12.301739485220212,-64.48929407131557,-8.147111835943438,-102.5287394914277,-67.18820982151223,-115.39614762687656,-115.56208483779693,-32.4841849851345,-174.36151835483432,-607.9349576012024,-558.2758208441328,-324.99721840419346,-155.7812277441828,-167.1508613461039,-177.96233204757868,-898.7293366790758,-1727.2908419845885,-4666.337984792766,-904.7847413266717,-12307.153206097839,-1277.077523468864
-0.429767029931076,0.2943857270681701,-2.4666706797101527,-2.4205562884981706,-3.1888020870013234,-3.7248744961420313,-5.310945534608315,-8.556752145610512,-7.975048135511047,-8.097421732710133,-27.1010426275311,-2.1592732088655993,-47.842227431766936,-36.35339859907455,-54.375265734479925,-59.72879731602352,-18.817786501442313,-83.12595437204536,-281.58195212756914,-280.2881473805567,-163.71943228176522,-76.29740396885056,-77.26923788558626,-73.78354958726123,-409.15986315117084,-814.8769936169579,-2226.2577696503163,-428.05078981436213,-5864.851266386894,-594.2974979083086
-0.25185868859072835,1.3757668834724452,-0.19947537837497187,-0.20614817497835772,0.7546122239765206,-2.9834678526585328,1.439187582213919,-3.9279173739496205,0.5528387982201407,-3.208685548413393,-0.8233163128040046,-1.1221193687845372,-0.4301860745243281,-12.270696954767276,-2.644628311873424,-3.9738297971710335,-4.724076466748067,-10.083511157422567,-25.25285718207462,-46.2728652923806,-22.29792388829898,-1.933567188884285,-12.062764069979362,-9.043041785644983,-19.379213479610687,-104.37246643335078,-305.53850977747805,-43.08251718880381,-754.3143234901186,-50.8907120892084
-0.6112021661008431,3.4472498562813603,0.4032989035873338,-0.7519158857932021,-2.289176657938611,-1.4085927782618186,-4.852361798545779,-5.07152511219547,-4.940672964637505,-3.7093348827560675,-21.203116016800628,-2.9457246076539016,-32.28088660361485,-17.267862879952105,-29.76312068161899,-32.27940732776451,-8.218218540085594,-47.106980775063874,-165.1372703258252,-144.41938961009188,-88.45607558799657,-51.6446887262661,-51.33376597908044,-56.48071533486376,-270.74282006418383,-466.90684656411383,-1267.2458977241915,-261.811911803237,-3386.8333898387555,-387.4919616229102
1.0714106846809888,0.7690499297792797,0.8712613253045385,2.1684768844598032,1.015451531769084,3.516426382468036,0.4300836198291138,6.283212221100339,4.99873046169427,3.820982049233173,18.451444871128288,1.5867016489175705,34.034233855793595,20.430394150803973,38.74920984062867,34.90156591149845,10.462121343973731,50.25819291406512,187.6621748040092,166.253635283799,110.59522192309183,54.29026256596939,48.89973707426841,50.30816552139236,284.78845657762673,533.3977574901529,1440.6160735982453,283.10511073169477,3819.274913536458,396.5072146679939
-0.337563517109174,-0.1796847590011474,-2.565494970848671,-1.198032470403897,0.7486514513391205,-0.32251651201964404,0.7162167799222477,0.36883148496507573,0.058175127713371744,1.8351949502321758,-1.0878933751299664,-0.2095192187358915,-5.65706126744227,-2.243300557743318,-4.803517205708753,-0.7797237470904027,5.527792758791785,-0.31688812443574044,-12.10558883233624,1.2394224813348904,-4.932822761080418,-5.700268434309095,0.5012752153595994,-3.358822119768837,-32.606668810465465,-26.89137629553108,-57.22500148653394,-29.88093165379124,-203.0398318016309,-24.59682666461302
-0.5764865178622683,-0.17112763767081274,0.33538496983764265,-4.47636342663398,-0.27324433078132465,-11.806932985658507,1.7572585978611197,-16.104259108670767,-3.8036591532505213,-13.81460980523411,-25.073387435230448,-0.6035242352048091,-35.26190566856344,-53.96803667677243,-54.64444761569478,-56.258444029891386,-24.091390644121944,-84.30142389035669,-283.58404949969866,-313.5529975833493,-177.95777499078773,-51.255458394320655,-79.85297953209431,-77.39700027602753,-350.71505095238285,-872.5831765311888,-2411.460069055904,-412.2882562588042,-6194.736901045447,-541.0157171161579
0.08925990264780084,0.6446705954137201,-0.8298252777128909,2.810996767903842,0.7233634549387356,5.184007505038587,0.9118924674025571,7.801697543841033,3.1219329746850892,7.713825322648576,19.42401976025978,-1.4267595562945772,28.14254971644152,25.7064122918655,35.8196581989622,41.14080069795557,11.123316451131593,55.484144369697965,190.60998389558563,194.5987218152588,107.71287471174459,43.97933160757065,56.47789306245241,49.86262325745978,251.96857184726076,555.6833543891889,1511.933435830608,272.1611751969646,3928.7290854599155,385.83730810731225
-1.2663857640278615,-0.7390774259715576,-1.7895684777037628,-2.836133214704112,-3.817932720143326,-4.4612481769491765,-8.505721633921405,-11.383769725657968,-11.857831513215594,-9.117749941581431,-46.8930285949203,-3.549657144475774,-76.77437225317483,-43.85958331564302,-83.24084960594827,-88.54671259334933,-23.964820302352734,-126.20234733978398,-438.6263662832234,-403.8606200358914,-237.5760781373484,-118.21632707997729,-121.72190179445904,-121.82418893304056,-647.9337707162184,-1236.9512456108148,-3340.0973094369856,-650.6592029914601,-8830.641071812937,-924.2923631935901
0.9273364152147859,-1.5098268752140793,-0.2827418626916719,2.0058014359032397,1.7497724775284182,3.5889954772511956,3.318775122423859,7.57187870514741,5.9218952180313575,6.456791088009942,24.640318847802263,1.0741911698949345,37.62333231989626,26.870214867503627,41.22605256300865,43.38483632479183,11.549258874478156,58.50098762741225,211.95468571018935,200.67116969704537,123.31814749962608,61.04606431130196,61.37787662075705,64.38646585196086,328.6908663294499,615.8204943253049,1675.1751629388266,332.065987884883,4438.405168256431,465.5449370558339
-1.9031294230465616,-0.3435552204376654,-2.113518336369486,-2.692673379316268,-4.45740548306712,-6.6260870393529645,-9.150473725184465,-15.62804370210735,-13.093912186126184,-14.269772085165418,-52.899808337518905,-4.544903069126082,-87.75305454701427,-63.35592450423775,-98.2501019686806,-103.5946975143803,-32.26198154611553,-152.18136200255475,-522.7520331548353,-500.71071311966006,-291.70699967841415,-135.68718289861275,-148.25463167723427,-136.18538914723337,-740.9049338687703,-1480.6075478123817,-4026.646519292661,-770.3904656766645,-10599.717052013162,-1079.428171692561
3.6409991590273743,-0.5542935056510684,3.970329408362934,6.420054402925372,9.104882244733634,14.483843712883559,15.04068281267752,30.69693983572017,25.24107549427624,24.307154103422,104.1570020689756,9.611559566746747,171.81425420147065,114.45318183904017,189.78672904953754,193.30951628942785,54.601266203769704,278.7274033098632,985.6474430004131,920.2306133619252,552.8380329829405,264.6164180588784,276.04323902883147,278.52274245244917,1462.9033301858874,2817.328134427413,7636.588024196874,1482.8609868566512,20163.125941430742,2087.9082717401147
0.7863365956815661,-0.523208238021826,0.7413947854339941,0.864157087615353,2.285862627418153,1.5960350785819242,4.006083927382716,4.234079025031353,4.96932923270706,3.8570639334251693,20.916162592575176,2.2866382701927477,33.62454719926534,20.303766299986975,33.844056734358084,37.090024106047466,8.501456276316869,51.27381949875498,179.97702348701685,169.7448782879092,101.82211729912297,53.197287285776575,51.67270751264085,54.592878256714954,282.2484453067801,520.4947057616386,1411.23870586783,281.0168777730238,3749.489909549685,400.9959164836613
-0.9227330313233714,-0.7609646671542519,-1.7157706715045022,-2.1761870372684387,-2.6041112641513715,-3.6676207315805933,-4.968755167510247,-9.689334868222675,-8.93352956241768,-7.962135356809648,-35.53700567610888,-1.8554638682227804,-59.142474682646395,-35.25816875213057,-63.146459998921074,-67.50719914910422,-17.42497090041028,-93.73161417165342,-330.6049936166344,-302.68859639518257,-184.36903835690484,-90.62535110968305,-93.88971949473833,-89.74074218891477,-482.25604074445215,-934.3888968755407,-2520.7641989720264,-486.9977097204826,-6664.86271385826,-700.310302854827
-4.505846774780165,-2.474722137176644,-2.6125367331891454,-7.42017866082282,-9.453054303139524,-14.137719181565043,-18.262904979314182,-32.84470752217163,-28.690065251025892,-25.704198648057577,-116.60256834571325,-10.987700248713878,-189.12385428760123,-120.46072895876932,-213.58528438149827,-217.2637608344882,-60.15573506200732,-319.40673278468654,-1116.367993665213,-1027.042118672191,-606.8811480341434,-290.7240437730322,-307.30141223897067,-309.6291629899165,-1628.2932370867725,-3149.363929524145,-8513.912486301446,-1644.7043385597885,-22459.538681890645,-2325.0847273173868
0.996749596926181,-3.331264606951486,2.3132952211485613,3.0069948276907668,2.731094065920949,5.392484826026046,4.969792074824671,9.53101722279827,11.884079439047051,7.950366108231561,41.11781973800967,3.41811565959055,71.53382650693653,40.15426432836802,68.17275609344054,67.54803434063338,17.23156630536264,90.46910536864038,345.33626709720284,307.1712246652559,206.53250041075947,107.99619398287098,100.52188534732257,104.27501312147879,564.6169888178439,995.1176781605885,2691.7155264147445,551.8714164662663,7195.497480714286,783.6072947524574
0.5339487268270994,3.7068307985523616,1.8281134879073448,3.144359670371918,2.98226089373553,5.5211141555074486,5.684672753912462,12.140857580455705,8.159456767544963,9.457229862992731,36.01048203282452,2.04211055160389,57.94626074833777,43.28657604260042,71.6839063441882,74.79507480568914,24.28805113188545,110.57037616177006,377.8791999552324,361.03205218248576,205.85139493779818,89.59511044864858,100.45078748902328,96.66395237958292,513.8091425245849,1071.4183632649747,2900.048895824341,537.3556151210944,7590.722569952008,750.3435857101642
0.6125157282280537,-0.15601510473739044,-0.19229144696962852,-0.513830343719422,0.0712690931871458,-2.8257034899856817,2.812680266065222,-2.390644803385173,1.9553982762510458,-3.021190281735144,5.825866691791952,0.7999918291512389,10.351219041104661,-4.913806349248288,4.648760258590076,4.040416476258018,-1.5127402350836188,5.450519890049707,26.606053065343385,-0.1254904243140289,7.30826843328562,14.496765177201006,6.287835077361927,10.911708662581503,66.84679930588621,49.69209020229419,117.27798554358456,46.19655945319559,375.61431546689556,73.25658067515702
0.782067345483568,-0.263115263781723,0.5954306737504708,0.15333211254414625,2.2036089785419795,-1.272973486786754,4.001290669928414,2.593059926914331,4.4379752794114955,1.247969049241601,15.747209851719106,2.4708151306107693,26.610348794691564,8.731310601287072,26.93468465112299,25.89077733882645,7.056884179847445,39.782017629692454,142.71442123546674,111.44422626964354,70.25192227282477,40.30063700910885,39.017427565855705,41.170183286786795,220.90881591924997,377.1575861775873,1006.5701601420691,207.80919675141385,2692.7200465987385,302.1683774381049
-1.909939785379665,0.44518546806650205,1.801135505539381,-1.0348990587023508,-2.578544911296687,-0.7436879887589634,-5.672190085784831,-3.7044499303390066,-9.709556594288008,-2.044818190813851,-31.068231489472016,-7.078281505484467,-48.40519943735275,-13.444703470622711,-46.16736026527121,-46.02699687011152,-7.511216995949143,-69.23332258744995,-247.08534308808194,-198.13526878091093,-117.50366297888785,-73.04310854008205,-71.60300493225499,-79.83960201036271,-410.4378460692951,-669.2291191679052,-1787.7207104760184,-375.27617219392107,-4791.059509788013,-561.4213369283319
-0.33277503976034845,-0.8289490900464173,0.48829599277657093,0.07662738792856982,0.09960257467158068,-0.5964474861552223,-0.5260481980206773,-3.4755294078656886,-0.49546907581639127,-0.6484105151915083,1.0525384258499186,-0.014727999867435781,1.9859145028115968,-3.2815353244733805,-4.357583849986573,-3.6478420705691925,-2.7954078980008923,-12.420790275461508,-27.95988094682337,-27.766748221472234,-4.567028213656122,4.51066331111625,-2.825406427261912,-5.438204446744983,-8.723488674508328,-66.23606127644085,-178.63062702890176,-19.64362324801169,-423.6423653756795,-22.543702679098804
-1.4621473420843787,2.3018090731798306,-4.217641667921661,-1.0259906663448393,-4.799209391868669,-2.793196577655731,-9.415550453843418,-8.107758076174743,-10.369117752654585,-5.77957057565198,-42.101016845284796,-4.031895642135342,-74.61387728275989,-39.35077665152934,-72.97330210934653,-70.57788364116534,-18.878360274938846,-98.18402297801568,-367.36876134777253,-319.34533132482403,-211.87207090944577,-113.97703551545604,-101.48410713587947,-106.67739338277501,-591.577818940763,-1040.1316870039368,-2807.2684844220394,-577.883664197035,-7513.4360416733925,-810.4694319791449
1.2953823910982778,0.8502456013156412,-0.8808736167712365,1.2924883325058674,0.6541097968416455,2.3421337382220426,2.0032388161636647,6.020710912327843,4.1572419236135385,4.9556462669016295,18.68355992962567,1.533188991779188,26.99440837649085,18.196655978877224,33.232743840616074,35.58110223059279,7.432420886312301,52.195738609696775,177.85381311280273,167.18868982504605,92.02253096285456,40.80243620815661,52.285373623541695,49.913184167665236,247.0152285557256,495.6077413163918,1336.486566758086,253.14726555275985,3504.6744140920428,362.6145032536787
0.2831540111524288,-1.7213643554452207,0.17786007477857252,0.6725323921188654,-1.5267790282368368,1.9846638874953875,-3.8540951500591856,0.7799685858244787,-0.8516045431433716,1.8330981500761814,-4.1192957604083125,-2.158403036557223,-6.373602706074372,3.406643703811085,-9.098235947853215,-7.739961159439431,-1.409240324020414,-17.080927006905966,-49.30446546359038,-30.01302329950349,-8.747930946990579,-11.616965588347657,-10.132975971866214,-9.729367195147974,-66.14364383623689,-100.85906918846739,-255.023088565789,-52.13424889782785,-682.6810421881561,-88.0090666159242
-0.4127978525283082,-0.18013009791118273,1.3377251264686292,-0.1850699761177942,-1.0390231383846342,-2.4222907468558055,-1.4770458637820334,-4.369063525879178,-2.6313161918963934,-3.2379861448508196,-10.891379163273264,-2.7611194814118285,-16.726476375309943,-13.469761085713886,-16.37601659128592,-20.081722244430203,-5.8423473292388755,-32.08386761512314,-105.53736226511896,-106.2503151508509,-59.01526062420593,-25.992800030086862,-31.440140528190973,-33.18191181498681,-147.36902475837562,-309.68991583638524,-849.7156119316892,-154.0513366308787,-2208.8670294318454,-231.3352714068327
-2.0626497123135583,1.419795779580908,-1.7604721806158383,-3.0496000324510684,-4.431634790527221,-5.336143645007735,-11.77589016417501,-11.768647838053049,-16.463896381225744,-11.049357688475485,-62.42118788436348,-3.0258354552314612,-98.92044799223899,-56.46786208352104,-97.26957832670328,-109.08057611360049,-27.662523232683267,-150.03094006281097,-527.6286279164441,-485.1933227242284,-296.1166174612838,-152.6321968746062,-153.5103017858673,-152.10388399256698,-810.5710124051695,-1502.813769036515,-4062.018944390404,-809.3023090507029,-10792.72089544736,-1155.2499557763751
-0.4748720312166019,2.202414422560886,-0.4282356622118347,-1.00788778735878,0.10840823752418016,-3.2524255784886336,0.03379502945962157,-4.923895547607413,0.6516474582326133,-0.9448119855062918,-6.6856642415312955,-0.08753409414453422,-12.085941502187394,-11.604405730204553,-13.637011509024017,-6.073087685128356,-2.801053986791804,-14.281872300665276,-60.601596917704505,-48.295262414479,-38.50561264753766,-18.233573603441606,-11.77924364376776,-20.907682837691382,-98.75973445291265,-178.14940563076763,-484.2895490192474,-99.99926208412957,-1293.5907643447517,-126.46638086538259
-0.4302190073442768,-0.06741944301100164,-1.9401421089764397,-4.209803075862711,-4.531631857970202,-10.214845923258341,-8.00489878767149,-18.54871822395631,-12.567684128971722,-14.680589741119862,-53.95083524226019,-4.196494893331114,-87.51773008241253,-68.77819869002667,-100.4959695146242,-105.00598011694791,-33.420771154940184,-153.11254815468396,-529.8822760903457,-515.399920408394,-304.27310533223755,-135.5095619560309,-146.86666170065325,-146.974636000874,-758.8937657099386,-1536.8232730028137,-4184.376752322877,-788.6154065598878,-10981.352738881744,-1107.1596869097348
0.6147286033977954,0.25724699201649137,0.9249180184662728,1.2233231362023087,2.3159600977534716,-0.04170354575834745,4.111688818839673,0.44122946189241374,5.850244371667131,5.057268560239811,20.2930794349819,1.6205202905313363,34.100465563541896,16.666479096738286,32.60602454100035,40.7243727822904,12.582648651012974,49.348057090228785,171.53972784161786,164.1665383398174,105.21621217491362,55.133887425713326,56.244300919402434,46.8580677787219,274.64985280943216,494.44834123077464,1349.8019923328632,271.52525784590927,3594.7408555808497,393.7512912199997
0.3217421783660749,-1.0964110366495599,1.3205779944172515,-0.1354572481022579,1.1110874659432797,0.8591802489942584,2.2957694219283082,1.6459382879271773,3.0572902142221037,0.29547246579294567,9.814281609265802,1.1788423705298592,18.77900302265827,13.326520279764523,16.532061495968055,14.718867201446763,2.5267810005638744,20.094371314372896,80.91165812153217,73.37051006524675,52.21258523534375,28.157999793452895,26.88219564257889,26.77898155915047,142.9136795659233,239.26157544677753,650.3723850943695,142.86159092675982,1758.972672101705,194.63441414554023
1.4891047318415696,4.036297505532867,1.055780950759675,2.4192697396357774,3.1702159791084417,2.9213539289005586,5.269637792547322,7.322253850587882,8.525351881984257,7.372485769349782,33.826432775099306,4.634717578835472,55.04534936424825,30.173397779039806,65.35720555672212,70.8543907486967,19.717542228541333,101.99718924624797,344.10168590581713,325.10572334059344,178.58848291261282,87.35550884999566,93.93384450501773,85.0720306143297,483.2362393192071,955.6766953793567,2579.7869425067993,487.7402200108894,6778.897049776781,700.0218616871994
-0.05717386655756626,-0.7692868091712555,0.7501997157407335,2.3701011118239426,2.404456416574937,1.872199483743525,5.334708733932976,6.0545525817963535,7.593178407128297,5.319966413464241,28.890811244300497,-1.3094020281189425,47.72285539712239,23.274033002187483,51.296436967421,50.2996513797115,9.81606549779392,64.62049478783351,246.45337920686288,207.2765395110301,133.63130820258107,73.51625651727628,64.88136599442653,68.50730915943168,383.9903656915137,677.5417074123391,1811.5518776073643,371.01703594964914,4851.417154197455,527.349956382058
-1.4305033689467912,2.166862150933942,1.3676100036336516,-2.6502929885176494,-1.7564122276383167,-4.915003969783544,-5.671610973027061,-9.743141222070681,-9.800343330739329,-9.052286955640492,-39.61690701989534,-3.4870670008378246,-59.32041188244026,-35.2567380793173,-61.04713385243322,-68.0711268624312,-18.398013999774562,-93.87952812651558,-330.40959949283416,-305.28810089932534,-183.6592300797833,-88.45032905631805,-102.28297129021085,-101.92535010410543,-505.8903266322064,-947.3776523467751,-2569.4784349473907,-501.2783819758302,-6782.991113295808,-723.3310378031546
0.5559791637566541,0.3556658789086148,-0.40138962589992977,2.0805920603192365,0.5467381221639649,4.9190856199013275,2.2836584969781994,12.606340179120672,3.825385706976466,9.204258074415996,17.730551353153253,2.5083724401310703,27.20291681706511,35.59253726204025,42.22803374757191,44.79085879982917,16.18075578080895,73.08933987059756,232.54316087513917,244.75729382149711,125.9388873407016,38.823115428770926,62.26734119261648,61.15288285808434,276.68964162015413,675.4610381141131,1851.077895182435,317.3191757708014,4755.724063122357,426.92056337612746
0.7372455725169187,0.24267504231224876,0.7058177183558642,0.27435283582011716,-1.8733891995637202,-0.14964341555785393,-4.5662948932754786,-3.037048136866471,-4.079716353340915,-1.6858843505230299,-13.827498328155219,-3.9778642790983216,-22.550386296819397,-7.119538935335102,-21.085160181518162,-20.58362906389675,-7.074207517769159,-36.287177553980825,-123.36952997017066,-98.94815157965238,-56.478311517432445,-36.71788881736598,-36.5287836623489,-39.5116354186027,-194.43263962599016,-329.8725508649603,-885.1885291484657,-176.27571409979322,-2351.215840385616,-279.6090274672936
0.13074031432588362,0.02570457203249574,-0.4379519257752357,0.6446071554955454,-1.9184259496224156,0.9928931746581358,-2.346984254084102,-2.1396321801400355,-0.7853828162688715,-1.3990411332816843,-3.0908725974656033,-1.6992203035763236,-5.315366763633779,-5.270328424937327,-8.589185287956168,-10.21495137263706,-6.254777640671128,-18.980881690829968,-54.35974890860834,-53.092834963618536,-24.28145358752678,-8.787207220377464,-13.718411359555983,-11.050039215970017,-56.94850671148323,-141.5226419179944,-388.68630715907005,-64.39148757280998,-993.8472615428283,-92.17886962534237
0.7807427861614191,-0.7736207969510216,1.578044892749614,4.402792568795675,1.7745623712403398,5.417059831002141,3.099400017881835,11.000193192521522,7.445270794031498,10.614193652129885,34.41952550173151,4.404773121512956,55.632257990629654,41.73108892480655,63.741407669075734,67.91426259366364,18.32525461925887,96.7226059737788,333.39619143184524,325.68442892780723,188.08712316512828,83.08824567618485,97.7279942140798,91.31691039735216,476.17092876118227,960.5088999277801,2614.5116717131027,495.8430980112492,6863.147528794397,689.1941463458626
-0.012486439403467536,-1.0411284130986957,0.15749478243569878,-1.611848656050126,-2.7930704104779376,-3.015950203097445,-4.838903221299561,-7.118895686952195,-5.681095767618104,-8.370468526319144,-22.609500337971802,-1.1565591242062403,-38.2764193049332,-28.846338447872593,-46.27629308970757,-50.452694888562995,-16.571996105004278,-71.43494798410373,-243.61935263325535,-238.07451618603443,-137.37253257097305,-61.06958903072537,-67.62825414257046,-61.36217494178501,-331.9014356277314,-689.2224552590951,-1878.5025851983303,-347.5898359116245,-4916.011073564433,-494.0497156715463
0.04653165821732179,-0.8187729493906738,0.3550995655256859,-4.017080598628326,0.6406767344566641,-7.080033280080384,0.796448791123157,-11.38306252701503,-1.1379662909552395,-10.446944448887114,-15.487942078344789,-0.26644214350454076,-21.610641783391408,-32.99862677416773,-36.71075655511232,-41.514641031752646,-16.20630679149064,-59.83658591387398,-194.26305779391234,-219.58649369249125,-115.16992100540082,-30.956711384735982,-56.06738124618,-50.11078932443475,-225.86373227893566,-589.821387492057,-1628.0696481611674,-271.97912228227585,-4161.082160917148,-356.6311248247133
-0.1565578652714996,-0.9865079482212614,0.7661784814927036,-0.40789437487654856,0.14393466315199094,-0.5831004642196423,1.9501121274358517,0.18269198275027126,0.7011363088240677,-0.43251957151494824,3.911947748722099,-2.1416061896831957,7.195593668621787,1.2514941914262152,2.857207006330376,2.9909100784469325,-0.19477417037966793,1.8302927402987588,16.729263428120344,6.858525251817829,12.211583416846207,9.313728971347162,3.738251488531877,8.36637929481698,40.629241847414946,48.23157661467445,122.0078957655477,34.302467602426795,358.0664488509769,47.33406441418979
-2.9791061863550095,0.819093577012851,-2.8922950792418054,-6.735694611257729,-6.899039516031961,-12.562578086433811,-14.781614568693975,-26.958145457401,-22.630161468423488,-24.16919072640764,-94.86332838092198,-10.201433117073199,-154.15420290649985,-104.29156005750289,-169.69262152134118,-179.70681545309435,-51.55876825917998,-259.1189659780258,-902.800377730191,-850.7885676771356,-507.63918254340234,-236.45730559688275,-257.15056119546387,-250.2488186464938,-1314.666771522988,-2576.9573227485116,-6993.36084129296,-1342.6140688037078,-18421.047909629367,-1894.5470663113344
-1.5334826825741386,-0.35631712463018284,0.4042939898555975,-1.9125816581341615,-3.2716438094199063,-3.911549136794303,-7.388371566276531,-9.380788020853126,-9.837398142879556,-8.357340311327524,-39.09455668692034,-4.345431615166009,-60.49271175793061,-37.339160745737686,-66.95471658181268,-69.98340689466022,-20.195169380327574,-103.40119392048956,-358.73004757561085,-328.47993484412666,-193.6033145106622,-93.21332109077387,-99.55612587577642,-102.36996721552464,-527.4518462974055,-1011.5125632530478,-2736.4104653726135,-528.8446316477601,-7214.330781917486,-753.0645112029238
-2.7668711567382283,-2.1568812463415843,-2.4012537832986807,-2.923246694530824,-6.817770890033761,-6.820227242279051,-13.26442385746499,-17.928050476054374,-18.01111535111553,-14.595196251992999,-71.6705265979013,-5.569624775509773,-118.08437375361024,-67.27525080100679,-124.72095388793974,-134.2328062369818,-37.23770616376443,-194.5609106317661,-675.060547420527,-616.168224885854,-366.11584903600664,-183.51230547166395,-186.3898303618115,-187.81618464689737,-991.7481594381817,-1903.5619223275376,-5133.9792252217885,-994.4253394101354,-13566.879062155118,-1433.8876448931726
0.3185823703676043,2.7839370359668307,-0.8679456269245647,0.3984889158256715,0.28518873272577056,0.4092671615451192,-1.2543735535810052,-0.5651192166867929,0.11788743616026084,0.46066666305568,-0.8509079732881755,0.3728297820305649,-3.107777121194213,-0.9329267895807257,1.940873249223194,7.150399314106798,1.0001100728937922,8.85066464489031,16.76042621679169,25.22004394563049,0.6514013340702434,-3.8427483427907,3.778482142812273,-2.103926048750308,-4.724025964347415,35.07975394114563,94.11996597170084,4.44522541806801,205.4232091586889,8.42899595161253
-0.4640820569685726,1.459173789466055,0.08302820740936773,-1.4455233485292363,1.967421458484516,-4.2229140957794895,2.887103003386639,-1.9422191655629315,1.1814113181659722,-4.495069292299885,-0.3530612592440049,0.9619711876487146,-1.4151447823564967,-13.943004053212903,0.5259535846184632,-3.9393300891020715,-4.034917203787515,1.446528556350834,-0.8199988936780731,-29.38366774093989,-28.642942915703344,0.23467879088809096,-7.428419165993617,-0.1400234575290592,2.6354882422809607,-56.43916113449072,-183.25600002843882,-22.475841077547237,-447.8778745074391,-12.841639544957237
0.01728999657424478,1.934507373246809,0.898584999214013,-0.111327763163438,-1.60919368283656,0.5609488910788134,-0.9423859866154563,0.7322836292788817,1.9218870095526615,0.9523365421563568,-1.7167945888226916,1.0286751013810251,1.4434632262071987,3.869012280442843,1.2103620717759147,6.209882481667403,7.448977551913404,13.774171157990907,28.365824248959832,39.51918044657373,20.7786383239842,-0.0030497681029079127,8.931075213874475,-0.5681257982976876,5.601647511151022,84.8644779641147,240.06255136564883,23.77988821977734,575.7458277695579,35.66854668354152
1.6881183492860306,4.586902588489772,1.0502860102318126,3.4536064737395114,5.05415065230656,8.928292782558664,12.879945430458854,20.75636575722803,17.894485956130787,11.956530321440741,72.13749280897304,4.520774397873265,115.80770496632049,67.68630996919838,133.6502902419038,133.61636262651584,39.22132987609426,198.94498628608298,696.2530875985296,621.5968954925461,364.62299177767085,177.66328866338014,182.9764301659089,192.3773514601148,1002.3982983485404,1941.324274205326,5221.252892916804,1000.410481642645,13764.191681656399,1425.9487343339072
-0.6959822790609064,-1.0561549964720018,0.6318128831084003,-5.191088944555367,-0.5128634779445755,-6.551292078332505,-1.2810832907535734,-11.385741473848206,-5.873675597907553,-13.142830729510939,-28.5691214084251,-2.1225084476761076,-43.192833404411424,-42.82443343177366,-56.38455718976487,-57.15476388066931,-25.789818476326154,-84.7363894540211,-291.2971517808434,-293.51454698120295,-182.58972013196157,-66.52059980640414,-86.61986381130676,-75.53935383933218,-393.7958580358011,-854.5082091456824,-2353.8913909761864,-424.46973859653355,-6117.985518057915,-584.0247705088575
-0.19751741596833897,-0.23258291500412281,1.4965426118934364,-0.1376762926395656,0.9065531042842327,1.0614267576889396,3.636416533508878,4.289975858478486,3.8486647060385364,3.5830387589919765,13.37840494541318,0.23160176783236525,24.823391641545637,15.564354348591618,25.036732278087342,27.88097034877566,10.597510626532332,38.72299386427712,134.8735188642317,126.62065840540244,79.55365363711965,37.30554680133135,37.05831465281501,36.827395183588635,196.1655571717608,385.71447961063694,1049.4084750704133,201.52391451148998,2770.4070719775773,286.99529080332877
0.715601966978638,0.7266562949213252,0.047781173959433265,1.469898543109673,1.2092380581509214,2.8775203668319693,2.44408816044624,5.074861203295519,4.3135707435739965,5.063645472932942,18.331818087277373,3.2293056411360364,28.865770915232737,19.28068887860375,32.74791584187206,36.94990500435015,8.746964557222348,53.901658613377286,179.9585486623852,175.07380992945082,99.09516528224542,41.995780689632106,53.27753744042029,49.76477974699966,251.6294684305472,516.6729912761017,1400.5699308648886,259.07658756344773,3658.1419473737146,371.96672933618606
-0.7817678569048884,0.49764822186139207,2.714776375998281,-1.0030107304366584,-1.2730005256936812,-1.2961918608173764,-3.0912259671561317,-4.795027252613995,-3.9871759825189867,-5.6819567591656455,-15.45014966813045,-0.7151124067185133,-19.583253778878834,-14.775706532757985,-24.97671084005865,-26.535545582997337,-5.133708058833636,-41.502647394590376,-136.13751034356434,-128.36099308697626,-68.13661953641014,-29.807571081043946,-40.940852860627935,-42.09002404852705,-191.76361524676972,-382.82740408329465,-1034.7170384852102,-196.23828547319067,-2706.568747176651,-280.6153434667276
-1.8710636219261632,-1.1783316574122544,-2.9379299918179207,-3.897073318625391,-6.932349398419659,-7.593566598246207,-12.954216681965848,-18.883330684302628,-16.103914891045477,-13.702647360376133,-67.76057959734736,-7.92921885596779,-111.58546461374517,-70.35849930120015,-125.94507295938104,-126.86341797711613,-37.1592407679937,-188.40286431607666,-656.3492897959304,-604.3708585921846,-355.5990712572921,-173.59862925036745,-181.19525705869592,-181.9968390196096,-964.0560086470595,-1853.3480050343348,-5013.380430191939,-969.1933049954964,-13228.129752426767,-1369.172966439741
-0.5455846018446937,0.9987658224263701,-1.3932290254948088,-0.3659773031755491,-1.687705513704503,-0.3572072408265294,-2.8976299200083964,-2.7163819083426004,-3.865025145569398,-1.8888207440680995,-14.05655723095207,-1.0675340125430137,-24.72493834140825,-11.71588911329687,-23.538065622327046,-23.11247682845435,-5.608013277653222,-35.0590973468894,-126.75160785151131,-105.02678532650323,-67.96585722308846,-37.26299354580234,-32.16542738600626,-35.5373355568781,-194.87790433405337,-346.7139253302753,-924.7088655467835,-189.64290119317153,-2480.3301802241363,-267.9199362189292
-1.1318302221425622,-0.800997139705112,-2.0086758487182568,-3.6179330068665334,-3.7073623589014617,-6.621352068382773,-3.3771141505072304,-11.790205827506169,-6.555824115107706,-9.501186488127338,-32.96843966116693,-3.1715305796572326,-53.86840657321021,-46.00222784196824,-65.12229917929707,-64.37279072882535,-22.8597347522566,-95.19753119522039,-332.98870848586125,-329.3747572502399,-196.2575862434383,-85.54134510257525,-93.43658861509331,-90.57467155786773,-478.68093848052786,-975.7780754374581,-2661.9430158805712,-502.2918372659464,-6981.841399931749,-689.7477933793923
1.9618029053206796,-0.8037765977657841,3.30209584232258,2.4053535512156925,7.430169043041366,4.303771201744968,13.805886341675683,12.909819582764884,16.802367529661925,9.970824972284063,65.43229278005005,7.955766428915178,109.16291556335288,58.04357325184026,114.07423168877813,116.27770828926617,27.819591074076435,165.93727437439176,589.6524693420746,526.58984131726,318.0849646617561,171.58286633419345,166.00536507096731,165.96571613897942,910.8524853523141,1649.9120672852166,4447.039505985418,893.1428502768412,11834.957422101303,1277.0155089654886
0.957739899924624,0.07682580373089165,1.223854120963468,3.029642873609699,2.2585767684407196,6.191660886010811,4.811335871289499,12.599953897593466,8.495461530732193,10.81975208001609,36.60219496914249,0.9688356011248429,58.1780449030024,46.44736742149219,70.41344760600299,71.4343227666895,22.9410310396536,103.34696529625401,362.64117816340223,346.06799539865466,204.35383489209997,87.30775445796097,97.5980123939576,97.13827819469165,503.09332719358326,1035.9253794903009,2812.6998047765064,529.039275411625,7377.30593876033,728.950448694742
0.31034700996058584,0.20564734362697357,-0.9130388693502477,1.1750725673300233,-1.4080474746212404,1.5473979268184643,-4.999457901328416,-0.9822421740754006,-1.7059681470443215,5.305678121105785,-9.030068386348713,-0.2304787532840301,-16.60800002225955,6.617666416155958,-13.949494621257319,-3.249510282393311,3.745672992811238,-12.292217928458257,-61.73871148763021,-3.1379841555501735,-10.884463407842812,-26.93654855937441,-7.073053747515456,-23.44956562513875,-126.7389224360828,-119.06579145653538,-270.5286121508447,-85.9233180914591,-820.2396736857768,-136.49905250364912
1.3583725499608676,0.17455866496952194,1.0853284006393094,-1.2914211847319135,3.5824038476569964,-2.782768790081254,5.480907859612317,-8.848838343199507,7.633487200157337,-6.998221165194761,18.504362510262137,4.981480603644769,34.13000749955246,-11.488673758585502,20.74662252504665,19.280953667986854,-3.250455457382434,20.13532223487058,94.27473583535496,38.33425611325522,38.52719751734323,56.08006015821047,31.38673013785534,30.03404238906747,236.7454980531969,217.8568270385844,545.0518600452773,172.76135121818615,1637.7224564739183,285.4674004237266
0.9348217601806108,-1.6984129900650837,1.0965222869572266,0.8848802160288118,1.8014965045877556,3.4890990455304465,-1.3477098613932026,3.2490779571114694,1.4318951282246841,3.0883922756306283,8.147171297291232,1.9185849041576095,15.71312618210126,14.396730339632885,17.514123491855443,14.012346227587164,5.058210488477744,20.648811335538493,80.46547411059386,80.38315115315939,56.86131143847221,23.844907434925304,19.870698605523355,22.7302463029409,126.48118458681792,239.77079755111154,667.9733686876226,136.76060497652745,1773.1011730847888,178.18058933874178
-0.9858012790139793,1.4061776307314782,-2.670077015116215,-2.5176893818252846,-3.516093563927481,-6.7283654991638056,-0.0014965018397159469,-8.345158971050477,-5.085072009793376,-7.5907404059148496,-21.07365346712125,-3.077861007085058,-38.19475982412713,-36.61156267419716,-44.96425628147393,-43.72238634868898,-14.042972584686014,-59.37437723440131,-217.97935473849807,-225.54575612159059,-140.6959820583919,-61.22249834151941,-63.766584011395814,-58.974193425573326,-328.90004178150116,-659.1413331124543,-1811.3462840567165,-348.9545389803584,-4769.535913935732,-470.96391263837967
1.5376662246756159,-0.6326165204708819,2.8199153581496477,1.9931740370491833,5.0867060731898,3.56747954799634,10.813773631595385,12.87282083482652,13.004584918875889,6.669816278610799,54.65942159946067,2.585114668376736,89.78477294891493,45.444110994708275,93.68252961820431,90.36476061934798,21.484090445724554,130.35523054544186,479.40469704343633,406.1562090065623,253.22727583890884,139.3699271149095,128.9541863968255,138.64252730386698,739.5228461641437,1322.8078120982605,3545.8061263395043,720.4335595613214,9464.198526128785,1025.1497469081548
0.08195272140622652,-1.350812001659138,1.0076203040812282,-0.5640443758951471,2.482923919590981,0.7286092380151119,5.677596609463645,3.538286577156793,3.7001128255186178,-2.4063869615468665,17.321909983158783,0.7624548458081257,29.359664911816218,5.2283927131953964,27.20146538547887,17.937093953372234,0.8753162300109469,30.783131279575297,129.1312423828512,77.0248180542698,55.17850989613519,48.153131909862026,27.541725991025555,44.051266775076144,233.63278896175913,331.4136397982127,855.2136589912595,195.45925116555932,2357.3442691819164,297.9970132953182
0.9542011107436211,1.5028109179200886,0.8621484840567818,-0.46162893174215447,3.073210904243905,-0.5836050663265385,5.9924510033446365,3.2678777523718088,6.597641702510609,-0.3098693260585128,23.891084283349404,2.346192272559027,40.92384456248115,6.556095917900382,36.39176297435546,37.59629998478975,1.188658182087253,57.030014757446885,204.68500520337219,150.78097000524002,86.6353605446834,64.28825472738214,52.23455868768176,60.07768408739133,326.3536936666881,526.4524751071585,1374.5560293658668,295.5188557739045,3719.627831594632,450.8589821082937
1.5710954687262866,2.422529172193335,4.12423939763938,2.577354043851396,6.026155208031119,4.748177661588833,11.201273310402836,13.826116963396258,14.529193352689097,10.793242626583453,55.81791753030273,7.267705001135773,97.58778121614795,56.13364628835346,105.89402981310016,108.29586353514726,30.937832074231686,161.2748475723532,557.7676424818821,509.96055900638487,303.4092299081731,153.95921507355823,151.4218234051615,148.65379112659707,821.6975176725607,1565.4083969538415,4226.452969874735,821.6041351794659,11171.957163757648,1171.5782571497157
-0.45254578811724294,1.288279603915017,-0.5836222507749866,-0.14071339407477002,-0.7236831190858237,-0.9480847228004421,-2.6020628333646396,-0.07229764359671087,-2.1381290943151976,-0.06999777817492081,-9.548921974848195,-1.5209000841455875,-15.684580573325272,-7.3769526540853345,-16.803178393830404,-11.955498120475237,-3.5506336426526395,-18.47302388519974,-72.85078232653547,-54.920703657415665,-41.64551798388883,-18.073916739675177,-19.754641877924776,-18.053764927687784,-116.96786577248474,-186.49295409516216,-505.0878314806324,-110.70602911610216,-1365.3910096245315,-145.17223645746552
-1.5136558028454583,0.9650402891736674,2.097911804231764,-2.3255639461043796,1.2747271808232536,-4.5724957006762965,1.9141804718292743,-6.263149353295183,-2.3828320604301467,-6.068988763287387,-14.923489817984613,-1.4119249699830827,-17.263458811432987,-18.78217327624731,-21.037355476736014,-26.67576295823038,-8.188075452745453,-38.05763196720039,-124.8834682763143,-132.5746307075663,-76.633197933144,-20.734148914232343,-40.46362406019442,-39.97187450095216,-163.2733104949532,-382.76769762885226,-1053.3735418309525,-182.1877834028111,-2705.296293824472,-249.72612597605277
-0.7855468847259816,0.3717653206386746,-0.291914378148983,-0.9072637731440265,-2.0266751852899816,-0.419411356112811,-4.223953079464917,-2.55872652041997,-5.433330503682175,-5.2252080843916335,-19.54048562230933,-1.6160656513967406,-35.33144433825463,-17.332897066639575,-33.999977622662506,-38.10792162552114,-10.802522794064814,-49.711347619336046,-177.6793658712702,-160.5858682012323,-106.74882207542028,-54.043583408095046,-54.30271882872256,-46.92431533981947,-275.1626382780544,-500.840345992209,-1358.1290348116308,-271.04071030509016,-3615.181599796517,-392.2966488152536
-0.15757168466926824,0.10726760100995349,0.17316857838825744,-2.085406414479647,-6.240258566445594,-3.6370047786205832,-11.409275173086234,-14.049207797704067,-12.574366881068507,-10.001472988045707,-49.80281773938364,-4.453161104214669,-79.93623532556981,-46.09078856417208,-90.5500923384137,-89.8906912928536,-25.703577328025048,-134.63644994691123,-470.6496669199821,-419.2686480070976,-244.96407732587048,-126.22927162586005,-126.58546791434009,-136.7430646459051,-698.6460990554474,-1307.8987313107623,-3530.2038037190355,-690.979424954697,-9332.710345760168,-990.4170766345145
1.010682546079,-1.7488521762752292,-0.20079873889068656,4.045982023504297,0.9020365122339659,7.330799288444401,1.8357609911393142,12.08603322938806,6.605400147987337,13.267326418356184,30.679195604875677,1.7380772248086394,45.44521458228964,46.635032417939236,55.148120826434756,60.76752170414624,22.236449635786382,83.82206641644316,289.4315584039022,305.6508859978599,181.592281431321,67.52202854268751,89.19065687227811,84.38660083058174,408.17905958003774,874.4255171408945,2411.5382627451104,444.42006474100066,6284.6592326019845,605.3667114293725
1.2781977913198879,-0.2022307241682565,2.584177779578699,3.2966258916717694,3.1545874702927867,4.335027813395814,4.266421647985135,11.690475489628625,8.169197249112196,9.999605343441996,35.15139926068285,3.8888383007230267,60.233661085143495,43.15441831496525,70.0612320426047,68.84542286174629,18.889351510531412,99.32845851777267,353.1817347459023,331.885701125401,197.9095460197952,91.98780362809397,98.75001033088282,97.24810189024687,516.8454431471251,1008.1594115485901,2732.4623236188936,528.8631200914916,7208.208887207638,732.2246721319086
-4.275559934572264,-0.2938651026817781,-3.972865403492187,-6.305096742033607,-9.525445572828096,-14.81764760697959,-21.835396999157066,-34.96029527384848,-26.62311383058583,-25.842740521121293,-116.92583240479509,-9.002641269274326,-191.54035152542988,-130.4337832439739,-212.21704687404255,-214.57649124441616,-64.10755072897803,-319.2923723298343,-1117.4838968629704,-1035.550354335223,-621.8519244752939,-294.20599319738943,-304.97877714507086,-310.7294898571085,-1629.4127607632777,-3175.956488290292,-8597.180171225797,-1661.0692893317093,-22686.1364631477,-2327.574797370669
0.021728978778610453,-0.6548739016179557,-1.106177638415741,1.0751979722434184,-0.4616219019103984,4.562549767850819,-2.4835493519961505,5.085756714169978,-0.552588362935249,4.819617262900162,-1.6842875508848738,0.08832283749380523,-4.80657342403325,11.357183026288329,2.9904769757370393,4.672136987352405,5.479513459939694,8.971214801951026,14.580113147605562,46.75557333384809,16.137988624009967,-7.256765531259246,3.565529146189741,9.716090199226382,-2.4228958700051493,86.84367312985027,265.6563883084222,24.559768853981897,604.5556474296864,23.796293500301584
-0.1805367429651152,0.5921083994371232,-3.8414542481383838,1.6995902442091393,-2.8967209527030886,2.7844676991898774,-5.827033001422385,-0.39665769128023776,-2.9351176671577184,2.7649476102837096,-9.551706534207014,-1.271513888447253,-22.64525306624934,-5.994329529217303,-19.152316950171297,-13.481428198595353,-2.673812750757516,-25.38331898757536,-94.9846804539937,-61.0178055413168,-43.635200398704605,-34.62053127063341,-17.480791891512407,-25.26387922198292,-160.5147137155786,-238.1650334151456,-619.9377549156303,-147.23478440056616,-1723.467118863924,-201.3495202996051
-0.8114452016802964,-0.008282737201559953,-0.596984071666161,-1.2827451590783985,-5.194190498622726,-2.0834723223186566,-8.082147049958984,-7.20894377399447,-10.223579099178119,-5.327004593195944,-37.73106376039259,-5.030199799958019,-61.80855848391296,-28.779119039953432,-65.57746126631858,-66.48201266542317,-17.206995287305286,-95.41595373700807,-338.5123886985269,-296.25748912097436,-175.98726101518287,-98.96676886300287,-94.5399407185106,-97.09950029860688,-524.3680888953633,-933.9922354127707,-2516.963797468371,-509.9472894113122,-6703.673420841811,-737.7756787422386
-1.4282389243706965,-1.819588539699993,-1.2184288944477926,-3.3357781706498715,-2.6214745631123333,-7.855476143839857,-4.773539746806772,-14.428542577907722,-9.576119067632535,-10.446333702106385,-41.37241101495901,-0.9473755868009186,-65.51765237824971,-51.724678649515084,-79.55513699318142,-80.56816941457775,-25.222240059510618,-114.39020360951578,-405.54246287212493,-391.3127862193603,-230.17919833253987,-100.202345647587,-108.5208264692969,-110.40670343937688,-571.5663001758022,-1172.0994543788443,-3180.0843854012696,-596.7477153811186,-8342.633586831611,-825.0168928523826
-0.39270139771832696,-0.8201481624666932,0.22700368363710421,-0.399629269941393,-0.9135344566801257,-0.2650539256055618,-0.8499985295438446,-1.174400368576706,-2.053769567858726,-1.3583973946194534,-5.381155043280325,-2.2952060679140476,-9.768131713150542,-4.818919239237611,-12.84372724942195,-12.62196892756133,-5.218293988321354,-22.082594178441393,-70.74324726688289,-64.01026047800882,-34.31993929661146,-15.370000565233614,-19.56789668027253,-15.773837247260408,-93.33305171663518,-190.2590781428197,-514.0162509863907,-95.53910689659833,-1341.704623248239,-136.4617293662964
2.1699739421312043,0.4565229470373037,3.4533051675629043,4.343224784869429,6.483773385231241,9.840707756616759,12.531640583309805,24.491177104996734,17.68625970294118,19.715087530415232,73.4883726821282,6.862971558770184,121.37395378832896,89.71958455409853,139.2996958359308,146.2157613891458,44.00625109203432,215.56658177998105,738.9838948124391,706.3342290827162,410.34809014287174,190.7346804581965,202.08715036194639,201.12860111255037,1054.6562996971522,2109.146606390039,5726.414585819042,1093.5345380678843,15068.000497766372,1528.5260497214376
-0.43632769997000426,-1.8821544033963535,-2.2294748121599888,-0.09363674063964833,-2.225006950656241,-0.0048796562640171515,-4.648203509895825,-5.722885485546664,-4.492732267623837,-3.8328269946293796,-14.61881379142959,-2.3162501872875634,-27.09064335471,-19.471822008223853,-30.395340708093297,-33.803172996673446,-12.66092145279039,-56.55684594542743,-181.0713471027965,-171.78647365592,-95.37838850838043,-44.35538447461129,-44.58607219871735,-43.5223919952608,-236.38119664257047,-503.1538305415349,-1360.965506259951,-248.19065483355456,-3557.723070622383,-356.093628921402
0.03830562520020669,1.2120514424842592,0.655934125551678,0.10877424174405784,0.16455740090212162,-1.1811310046706243,-1.2089580963338122,-2.9942364778716186,-0.3554534766133547,-2.0029094577053574,-4.940316174838121,2.1509559957006896,-8.632350496156263,-8.288782781756435,-14.682580563718151,-7.231427916304439,-2.6688819341791348,-11.194820291518672,-48.86306618328472,-39.423130243962554,-29.094022614984393,-12.593731580200934,-8.290963609413765,-11.438642364151136,-68.15254475384859,-130.14223389211324,-348.8691241303244,-69.99709458981802,-933.1162501815955,-85.72567318521766
0.5209397963209095,-0.009754365487406555,-0.516329738270124,-1.1053727069402188,-0.8353695157575551,-1.8161562072608568,-0.22976003850589533,-1.079887282357695,-1.3380734946148591,-4.191830443945104,-5.433660134804939,0.839081758683811,-9.080181381589286,-11.856004237590742,-10.794425141520222,-16.391618309263862,-6.104895855698102,-14.842330727276318,-52.562688972078554,-71.30751357405661,-42.387683861174,-14.59971544796897,-20.936296240201745,-11.869039749455744,-73.72946076607708,-178.59530173285876,-503.9407781587991,-88.89190028953512,-1306.3166495481505,-119.4648842759817
-0.31847232474833664,-0.039600704501421946,0.9757734833856044,-0.8379192932313717,-1.4760944375015563,-0.7512321188035248,-2.0333515213189663,-2.738260505251585,-4.587208241402583,-1.583953514608319,-13.523720682366235,-0.44418089613383205,-19.601671148427673,-6.45660243023942,-22.576444365209017,-22.543314730272513,-3.46208782676373,-31.284046728383522,-115.19821615065985,-89.07227409366271,-50.02133465657623,-32.169943983039175,-34.066154517927835,-34.24801418051313,-176.02912710691663,-299.1234303769512,-791.0482072610283,-163.35788765929308,-2119.277803006485,-247.1437240596249
2.8746509577317547,0.20434089602812938,3.5822562545098355,6.714807169174075,8.4209941240368,11.909468979360227,15.276320349008056,26.20768098850032,23.825298847195388,21.90177893884533,95.94827068867002,7.1262747260838335,159.86318741368413,103.69815763161571,176.4084669299025,178.31048423156054,50.72471639290569,255.45117192632836,906.095850782517,839.8447251326526,511.27511763252664,243.68358019427552,250.52794364819056,249.98497579935534,1339.052236406539,2578.299196987787,6982.045072874277,1358.6271981381415,18450.68321634615,1908.0393655217326
2.5888626839814526,1.048000732384531,2.3958201139444895,4.573181983120287,7.810093242550018,9.67795556529115,15.203798338485454,23.485050378860688,19.809383563286527,17.19663394747361,82.87945763422722,7.153302019472429,135.81042568536637,86.91158918463707,152.376558197843,150.8725236222105,43.4304198622045,225.00918697655266,789.2856686424932,721.0251135157229,431.63416210216116,210.49953754647242,214.20125860607817,220.99450632957718,1164.3283249949664,2228.2726159204267,6024.046807767236,1171.1442541086012,15909.377107244818,1655.4143370161814
-0.6860432897470498,-0.36295402214805006,-0.06676902444493049,-1.0830965773127517,-0.8180051878041875,-1.6015011684099933,-1.6153735242919054,-2.3276469014319856,-4.599289154264901,-3.340842173104525,-14.001561066993002,-1.032683521734176,-23.623019599639644,-12.755813207103163,-23.947031538879337,-29.0306450755801,-5.626887614333823,-36.82819824606038,-128.03703887364182,-120.7107232146216,-70.14669131463734,-34.35810703151039,-38.30108749257186,-34.58236958448746,-190.2524029477733,-363.20831913910285,-981.7000392944245,-191.8868048348734,-2598.5863758711885,-277.4040413896222
-0.00551818543393069,0.44010671736290563,-0.46902602699164375,-0.6297948695841169,-1.9275120207581347,0.46550636153215486,-3.4582070283648223,-2.7965500991675922,-1.8686547201594612,-0.624076032734304,-9.527780497882333,-0.19521419806531082,-15.26287948051801,-6.926665028169691,-20.250744958783702,-13.029331043448693,-4.385940629440007,-23.719408653009204,-90.39738340811874,-63.81241261907224,-41.20065232594251,-28.1111078649139,-18.339751973660842,-24.079487844549774,-141.02025334552812,-227.47187875645594,-602.2391666219542,-130.70352640625103,-1630.8057684071352,-179.54236497319425
-0.5079022017420891,0.14094616047502842,-0.5127260349470869,-1.1662114670898913,-1.4258962734841223,-1.8206947275331566,-0.5421484569224466,-0.9357999790683462,-2.6677593807342035,-0.8489242048636487,-10.584377044542887,-2.944512808281652,-19.531180269463203,-8.052570871451213,-18.82661159644689,-16.913755408775536,-2.6626731438734366,-23.197665899185147,-89.78177428417474,-78.05915045765515,-46.777884547259724,-31.04976809483199,-26.930425670320677,-25.201028594292907,-154.05936420994385,-248.765170604256,-670.9388481136552,-143.55608142327534,-1808.4489694490915,-211.01572475249046
-0.5626787436776028,-0.6272535648425673,0.5285630155535042,0.6101963761358211,0.07563618591531507,-0.236131110941749,0.3208088121818296,0.7077632366633824,0.7347475397707273,1.247750124923453,1.8825697978499119,1.8928584950861114,3.5067224428060872,3.948846420907291,1.46759292980099,0.888756445602672,2.02931245526025,0.7193572850375705,7.724980490620944,10.980781390239187,14.558197707298712,5.952424670136626,4.913828640999766,7.615823242319492,30.789245643363078,42.756137357877975,128.20968892903466,29.339416062924535,342.5832650766491,40.86586910043551
-2.6067503401824688,1.4157642548804135,-2.4116575238388256,-4.0136449876235964,-5.2180926503751275,-7.721550917536486,-10.057546002965209,-18.53583107833481,-15.94216196131055,-14.431507223040974,-66.28322330766387,-4.484436830714648,-110.16127692646897,-71.58700063278728,-118.25593450633261,-119.41210186539126,-32.37132703671353,-170.8947076850877,-610.7322390344475,-561.8044650964785,-348.94000551617756,-166.60289125537173,-168.78072912321986,-173.16707671541175,-914.5991730448774,-1746.1025960244756,-4725.5339472037695,-925.102991174881,-12503.984751863876,-1294.9300764536895
0.24734489042264782,0.903502953192787,-0.11386898481617239,1.2743896670614319,-1.1195882601049054,1.3922476677097002,-4.472074919228158,0.19368057260631455,-0.01517126477197861,1.6473387225133673,-5.209206272673228,-0.8534643757486337,-7.775854889328085,4.198662400648609,-6.972694445286298,-1.636102359361227,-1.22463808480647,-8.140004011800876,-32.63386045628746,-4.216716314857977,-6.092822347718007,-9.79624947202284,-2.2801526277605966,-15.250418275398808,-64.38738480984114,-67.5529106568803,-162.79614626931843,-42.5304843803218,-460.59429223141007,-66.93083919446713
0.005372452269693262,0.38111938882493057,-0.006847390442221759,-0.08664392060868252,-9.693679350761094,1.5454970410226683,-20.912677595932326,-9.583037681008012,-17.926202484256148,-5.346827048170157,-66.70186825970201,-3.806253315567359,-104.98887928993358,-35.15967624153486,-105.92333288484525,-105.4834103251702,-23.98039792354681,-154.50539119563086,-553.0072375428731,-443.094039209871,-266.7238292699144,-170.05439371727252,-147.93779060669362,-163.15388870863924,-879.0432128645743,-1473.4244330621266,-3926.091042956647,-815.7470150068386,-10537.17399212518,-1213.0741931785217
-2.273438972981685,1.207858537981661,-0.960613523067406,-3.5517558158323173,-3.878929382487721,-5.673415383555213,-8.520373441773126,-13.72370320568921,-12.42817042630695,-9.8308996433197,-53.89934827889774,-4.859755353345173,-86.289717420503,-49.4395742959183,-92.58822824407795,-93.04277369372551,-24.847472016248457,-134.39849474514548,-479.4841910274691,-428.2471178210517,-261.0396551976791,-129.65485636260266,-133.1802998248536,-139.32716366174446,-726.1250213468492,-1345.2971037274606,-3634.8177387701608,-720.3234908425873,-9633.428281797265,-1018.2288487030756
-0.5846642733921882,1.3264734576605846,-0.9217038042649581,-1.6906525999033588,-1.970621753381364,-2.615644678101528,-6.564185088249772,-6.8658369590171,-7.65478174991218,-7.080780958182888,-30.358306950254928,-1.8257428959820714,-49.52949288182539,-33.31020247766579,-49.61958201880344,-54.696746420137956,-17.999266910752258,-75.23987764655598,-265.9994212940707,-251.82958039686795,-159.54178199213987,-77.91462879955935,-78.17893258703154,-73.20272066546582,-404.985167394465,-769.1446708406356,-2093.089517245069,-412.2921784964247,-5548.648803427265,-578.1799923708985
1.6957137705293952,0.5390981403493657,0.45659988975011867,3.40346840922175,2.439705265816765,5.633862313787116,5.408490564061287,14.30194241174692,12.333384082356162,11.545682878544248,45.36523165835586,2.9618913245212624,73.15657024246993,47.880131812459304,82.22816139475833,91.21901142675402,21.444594568194095,128.0442235805757,441.87406038557714,416.2373715577857,237.00444268537012,110.9663325725154,124.72342862155386,121.35565211125326,628.5528789243576,1246.5449794083736,3366.947247261685,643.7582119893278,8869.19069439512,913.7513825675675
-0.7357962988089003,1.120939670060987,-0.10504495843431016,-1.4036077847113013,-4.941232586856569,-3.5322035377691976,-9.011536810285676,-11.856219889458945,-9.439327161592674,-8.312108515130872,-37.52012220431386,-3.252519590200402,-59.54984121687972,-39.096516527144004,-69.1535473555718,-68.61048001382397,-20.555336644301654,-103.79654631472508,-359.30692967695717,-327.5961732874795,-190.2736786326927,-94.97871374677594,-96.45534755759422,-103.23984445782983,-529.1291506706538,-1007.9333051828141,-2723.976574489822,-532.1230584878641,-7200.661495546417,-751.8549008839568
-1.2385996390162974,0.5024324838120384,-0.05009507488890552,-2.221518536891854,-1.9841816725574186,-3.2893833061752478,-5.157810950647763,-8.125514949172345,-6.479949492634424,-7.0256625017173215,-29.2205273240103,-1.9876228960423128,-42.69740056738918,-31.971402204484107,-51.22668763928237,-53.04901051990614,-14.775216610058836,-73.79624633140304,-260.1086368072106,-246.81135242392676,-145.69443482215428,-66.11483510146373,-75.14689164728709,-78.68524074511134,-388.59114579094995,-752.0233046495845,-2042.4876585733728,-395.6953761886182,-5380.175112041398,-547.2123874516768
-0.021320147181031545,0.4467271111689194,-1.622112839333889,0.3186024799359777,-0.008817172986768984,0.5218424462749264,1.0980866505949103,1.3793661410262545,-0.12150948226215286,1.0300584739807839,5.201536510980859,-0.22831318165078143,3.480930376394572,1.2761049212658595,6.077413880747426,5.845955186411091,2.8755486758264173,9.610227399749135,32.89572202911166,26.09932073925668,11.259087272746884,5.0284372929516135,9.197114041228632,12.608744168174757,46.34077148580552,86.3918672794467,228.5875455067341,39.27844254350766,588.7798356094455,62.965703564620995
3.550889802055318,0.2707892384622429,2.4348831234264283,8.07895604073849,10.072056813177507,13.783265663882307,18.402549433730638,31.243144227926685,28.123970810354376,26.457510886864725,115.12216358034385,9.956000949507677,185.88992599823177,120.48489444638192,207.18799414610024,213.25952916274912,58.65728131839726,307.6702090573494,1082.0847537618,1004.4339908476,595.8007147114586,286.15169561461056,304.9160664491485,303.09753512897805,1593.3961343232652,3070.327861216469,8312.529009625672,1607.7219986449393,21926.739550180373,2270.929161110774
-0.7254420036679771,0.7040732110661188,-1.9064777606875647,-3.2852660796486743,-2.442272937174273,-5.6625923620317264,-5.2534894181329435,-11.981254160462674,-9.252725202363306,-11.639607975642205,-37.828288888004074,-1.6567965856613318,-63.1967728031356,-47.455576393814155,-69.64081866706812,-75.74237787546193,-21.009522142850297,-103.90489334087893,-364.6368457575486,-355.5060635707109,-212.88064503681778,-94.54207524379325,-104.21554516056501,-99.49473138955838,-524.3663301233872,-1058.4811863853597,-2878.5538192385734,-547.9391755965507,-7573.027828074046,-763.6928142136699
0.422007829737348,-1.1481905999975701,0.014092695959706025,1.7636685806471544,0.7318435154062775,0.6650780495935069,0.7250950774839316,-0.828075577547138,2.509688988646676,1.8081844953904962,13.087796025017315,1.4635394733064417,17.920672314870025,5.002968140822267,14.718069580601565,20.041680101366314,4.658448809142564,19.879371983831028,77.45138709293865,71.05731000173935,46.227007647928275,26.934011340039266,29.343413767903193,26.132578279361553,140.65052949509868,227.69814861537725,620.0388938599225,128.004354787196,1657.4734070216157,192.46715768874674
0.7407404456795176,1.4343991374922078,0.5565733335107943,0.7190282885268788,-0.14952902020990244,0.8702796295416906,-0.5854997612898862,1.4765816361004354,2.252624960497637,0.9477810970361796,6.1394108141614465,-1.3756268711739268,11.310877194134942,3.5141659094975415,13.997706889973324,16.119901504306526,5.274574208658146,19.08008230671959,67.2180305664732,60.031292317217996,36.35769225529983,16.355332191310342,14.758823318336363,12.374247943641858,88.15659606055557,180.74257581173305,480.2635598761721,89.26608468982319,1267.1625401857589,124.81371373029239
-0.7438615099804844,1.3613561415829907,0.024523581322235644,-1.379826656838394,-1.099330622486158,-2.5548124050416217,-2.811220843375578,-5.644627581502231,-7.207747651463286,-5.670824604145033,-25.953476916384666,-0.24616348347653338,-40.557479509543015,-21.22437844460244,-37.95863794164715,-46.60783528136963,-8.609137089304003,-58.34715539134213,-209.44999059018025,-192.82370884596932,-119.06864985074048,-61.816173931784725,-63.692008176907926,-60.08412435217385,-321.2707028613363,-594.1209831230544,-1602.6446909872823,-319.2994676453377,-4264.099146444398,-466.0312425553025
0.6096017479323708,-2.838821416766036,0.9040643823156084,-2.0942245944944884,1.3861374432304798,-4.9966523256211275,2.6716219744810163,-7.143883005235917,-1.1026714661351524,-8.393453872602299,-4.5004128853296255,1.399068288776804,-7.049311684534741,-21.58701686295055,-18.713065334938133,-25.312893103915435,-12.46827757440283,-35.74778991100078,-104.8143016995928,-137.64860212795423,-70.52125100016332,-8.474887365095606,-28.859537541049153,-13.9823930515737,-75.64310551618838,-323.9498824132025,-904.5978961373143,-120.45468065811033,-2241.107299747206,-161.58058823671175
-0.3071146472294716,1.0545001957153683,0.0027656380664990987,-1.027910875877026,-0.26057811913518714,1.6289453748998919,-0.7112286703751403,3.110881625597748,-2.541626943447747,1.0763870090802048,-4.282373899081432,-1.1744109127396438,-10.001718940058247,5.800161119844127,-3.6119608867539705,-3.807529800308698,0.7941844324342295,-0.9276407079443314,-13.810251189236388,3.353866935227431,-8.31586892470933,-10.811906031281538,-9.057115863068873,-6.941149190660457,-52.749344174696425,-30.363419560267943,-71.92166845394293,-27.99335376161841,-234.88678035286603,-58.40597743237798
0.3073565671718258,-1.3558049824964007,-0.07557857607408058,0.5262525535491879,0.19716989462971773,0.0778012321073962,4.000280259353565,3.287435711994238,2.358926277448374,2.216706298488165,13.825598496829999,-0.22832225778428106,19.551474704276263,10.636563342695466,17.734492391684277,20.006026836094442,5.206927649388177,29.66355329717122,106.60880108583002,90.38297223161955,55.59283814808925,29.328510654384278,30.06257358229286,36.66124262899001,165.01651918462247,300.92841678176524,805.938488834059,161.37131339533505,2143.144334327326,228.99368422110675
0.310690646577693,-0.40012284068654164,1.4258322499026579,-1.6594895912165648,0.8189533520466776,-4.338867641258545,-0.5989308065842607,-7.045740688482731,-2.0566162541085404,-5.4619489463719955,-11.607519804912318,0.7792113885641688,-14.222824267675286,-19.41101337497525,-20.735049460941546,-24.652162366708477,-9.166888542127392,-32.806109153085245,-114.44726192317746,-125.05518493258936,-67.46660719161204,-16.441958070661833,-32.13786002030418,-35.091390099255705,-140.08212156069692,-352.2988542648155,-967.4667633497509,-160.69539795379754,-2471.504883229963,-214.75281066490152
0.07423806939240365,0.6675116226007963,0.007121328800958365,0.10786614653101675,-1.5341238209385701,-0.7041290240057896,-4.239085074506009,-3.9725999058063923,-2.323668731510374,-1.3275352049219578,-11.827245916114943,0.8146481929694965,-17.51132519602529,-10.476628098654551,-20.584373473941564,-18.28122921742027,-4.316194016675415,-28.932696912158566,-102.43206463396729,-85.3224544769197,-48.526588831806684,-28.705190805037955,-23.910966699910176,-31.328467567972393,-154.97838414545805,-276.7360753931609,-738.6560266007533,-149.33100563498465,-1971.6300210342033,-212.89204782102448
-1.711583932850888,-1.1346961754679978,1.6474064044823005,-0.9755073144117341,-2.0656984811219465,-0.9878230313327188,-6.26230624904656,-4.702467671413114,-7.396521709974179,-3.2304739766098693,-25.158270024723816,-3.538017562210711,-37.510949637254285,-17.382376575392144,-44.387351486219586,-43.18608930820194,-5.026727327350356,-68.45428618397568,-232.1444263135333,-198.98479637737447,-103.24918053361891,-59.18903723533882,-63.93748539858185,-66.14403601970615,-343.18567596629885,-616.4985042888371,-1644.9116221281276,-332.0357755307928,-4369.08265098955,-477.3355664773329
1.1104976136863518,1.0104202415986272,1.3035473092083212,0.32540818380382874,1.1306161774342744,0.4258609284115067,2.487288331423911,1.496623070816443,-0.940971599445878,1.1274356331792588,4.385730175576306,2.7017827780766557,7.478175697216617,12.414364145240414,14.787528432062771,8.729649182990014,5.7712020477879715,22.43676010368936,67.59233265857641,70.49433154042528,38.667660371459796,12.931667982361132,15.84075894595021,17.312872095122355,92.14669426470851,197.56815738478454,547.2764931208841,105.32028769206909,1427.2367226186386,119.22486739939455
-0.4438523659700044,1.0914431164522782,-1.7723914855718321,0.00030596359233459047,-3.0624178217696487,0.14077081161620617,-8.168067921046699,-5.104498092687922,-7.205990573454249,-2.9135338567887197,-27.06594373885403,-3.7512388969186365,-44.849382611541124,-20.507921948498367,-44.082090204463576,-43.47737773360133,-11.602946108984314,-66.36719807406914,-233.60311382888918,-197.2219152542472,-122.04488867565807,-70.56107059571877,-68.91245677801949,-72.89469658425163,-379.026115376434,-648.2958786760611,-1742.170341572111,-362.0098955789189,-4663.6242592492945,-520.5145924049937
-0.9860776127896739,0.015048124749651625,-0.4457192162517143,-1.870676911424322,1.7326981536480794,-6.545238544090575,4.484937737152523,-6.953683853121064,0.5928631641387185,-6.256177613419811,-3.2046310138867744,-0.4643235993283154,-3.903542527130388,-24.51881364295136,-11.70348876578707,-13.866706300933403,-9.31150925315844,-21.085217841557373,-66.28028746522256,-101.02580751642373,-57.24991156719961,-3.4436879901645545,-20.39910132977892,-15.74805177700541,-53.40290103119484,-242.64361627796816,-695.0569363006314,-99.98126000005942,-1728.224295535689,-109.9442240029925
-2.5065354783144222,-4.360520092519035,-2.6676925307126584,-3.8770656910569516,-6.179556280387414,-9.671708094881627,-11.98584447696299,-24.12150240981943,-18.6828005828962,-17.106542322618715,-73.57095756522062,-2.2546553643065312,-120.28296596553892,-83.1707712287868,-145.19469237611744,-147.62630466941124,-48.017717211467314,-220.61207836986358,-760.9230278871828,-702.501231195675,-407.77120913539824,-184.77163814629995,-195.87625915235893,-197.30258765486323,-1047.7332653736833,-2123.501948867402,-5735.47637331879,-1079.8202038631928,-15066.975179882573,-1512.8154201808532
0.20063122403463834,-0.5549930232834978,0.6453327929793955,-0.312942531104202,0.8665908550627786,-0.6793771926652041,1.739754297352402,-1.736083309386262,1.8408136192643263,-1.3078574324529593,5.423531149345022,1.4729299307129593,11.148141978056,-0.09541119123608333,6.098689565280067,3.9648076245012236,-0.21754570381332836,2.962632072458665,22.734133610873496,13.407084307865716,18.230975141199835,17.41049481931123,9.907519794389653,9.812514323700906,72.59819434115116,69.15218995788707,183.49123953997827,54.591079365605204,540.2297823869341,84.39438526607253
0.4387045537074036,0.2663823138037931,-1.579683006914397,-0.398998776030013,0.9403734848202518,0.2832566732582136,1.9590863662813642,-2.766896132677578,2.2284029986503877,-0.744348355389701,6.276586604815276,0.17600099291640459,7.920101773706445,-3.3622568868168665,5.964173050331995,8.843981585630289,0.45186220703802227,8.997556013355128,31.501142353573666,21.68400445186907,10.199010767126591,12.220683752107522,11.533371041196675,9.226643729349176,60.3286285581967,73.88792381265782,191.10674553944884,45.963448706162744,531.5701468832776,81.88919294570704
-3.4059388690972554,3.280016287414466,-4.090499631256751,-6.90968875589459,-3.8501426426618828,-10.996602014421583,-8.55681408157109,-22.91032926106493,-17.20165521422021,-19.225481190954895,-74.42438384456148,-6.352426174438434,-123.83300760444341,-88.71229687929659,-133.9198789621795,-137.68372939184272,-37.398101600005816,-192.15546864164673,-686.6403421661828,-654.5316935919537,-405.3518495540226,-186.57372311881315,-201.30691062053782,-198.94934969437128,-1039.2843934741536,-1999.738053346497,-5437.569863414643,-1065.7571043976354,-14373.484838011253,-1473.637533743686
0.024483403989543146,0.30601856852911796,1.2648247414248555,-1.9176097305847357,1.1453930113784938,-5.2123563786758975,1.2981730161893632,-9.282640693889034,0.08670344792445484,-8.319127547562909,-6.399313645667944,-0.15594472588933506,-5.013378606001111,-24.976388724514813,-13.687167242162246,-18.93705361518735,-10.768139025739462,-33.27472600225677,-96.71384287476769,-128.2224278298294,-62.791435158992044,-4.961884344069816,-28.594680366925342,-27.278570438747433,-83.75608521621164,-315.55606166787527,-890.4755900210346,-126.52292346677301,-2209.804802304225,-160.42037055460895
-0.7918818062207993,-0.654682210353978,-1.4956682509258652,-2.3330198257359775,-1.4112966039708001,-4.130045395402643,-3.192854765815717,-3.367891432651448,-15.072524186709039,-5.98281677461217,-41.09449217570375,-1.935389893248148,-69.85335022028833,-27.712804605872382,-60.77497588232401,-79.99268981390802,-12.8231770666638,-91.73694555105205,-332.51588047550814,-308.25853711762346,-186.34171640988632,-102.98536509575179,-104.84807554742498,-89.18647784743612,-521.6147306403476,-941.1197601739216,-2533.281657552835,-508.2064697568215,-6758.984060070917,-765.1312394875724
0.3429771609877467,0.31199034738160514,1.4272374206799074,0.9795039494509328,1.180833304249619,3.5188334691734866,2.50197324676263,6.271117195083427,5.918317760726085,4.799286080868674,19.62545443559377,1.8581901405258494,31.423999206545417,25.190386174981796,34.6972459575415,39.95120450171483,12.148985791979268,57.471038012908174,192.3880507438547,190.32143725034192,108.42483428834191,47.58632701081098,56.896894870754714,54.59021646133036,272.1806266227271,563.3165147970439,1532.293724701031,287.4841732609639,4017.066983031454,405.12233614315625
-1.0534490997141406,0.08334982621772583,-1.522672216783704,-0.34431452910420246,-3.3326156796019486,-0.8749797790081885,-7.343902076065227,-6.66596904860475,-6.684921427069099,-4.412565279612233,-26.648539690033196,-2.25547750692444,-47.14261619858358,-26.82737151306843,-49.62482162886243,-47.35115773822208,-12.370277327918371,-71.02038995064387,-254.03060920229387,-222.8511186026548,-140.96211588063093,-74.31810101968684,-64.65549131887204,-69.76466792846476,-389.3728429916405,-708.7068580196059,-1907.4872806107471,-384.6494250266669,-5086.694483410744,-538.1648269415502
0.48106534700777376,0.8202780495695204,0.7659205640346567,1.8049537747971076,1.132429239948147,4.333252093769631,0.7427219806234018,6.360131355414258,5.1317740012103314,2.286247913310018,17.88531156933942,0.40734618530079947,32.700350453673956,19.596158145705598,36.65483644949774,33.8983461236529,6.950105525560511,48.32030969114501,179.00435033076883,158.31640402546415,97.4273371426034,48.096404437356824,43.03085078806389,47.24949304679877,263.9023054758622,500.08446502264997,1338.710256580173,264.2833981910358,3555.674497602801,370.4472138909096
-0.2568674990196408,-1.5419602258753502,0.2622459116691722,0.0270658445486599,0.19347990190715122,-1.270202490418828,3.1933441011206507,1.8881302455345566,-1.7068536369159957,2.5197679566483844,1.7561321245800958,1.6235633877581563,0.8013523446532571,4.543818515504937,1.4864798780855104,0.4634673876927562,4.766577055133078,8.528233392179155,18.749697236946133,19.381135549701963,12.41513575920146,3.28895764871082,5.931583209420026,9.066702861336179,25.798992287228895,58.24084174086823,171.03029565909785,30.273081178436467,433.08536857421063,35.548714484376454
2.067196637244361,0.7382613001765377,1.8707292834006863,1.9937345880987696,5.211083418493986,5.6439516702695425,7.0033849642877675,12.65319748124603,13.351782701604787,8.305498878282206,49.488372513248216,5.5002012667991265,83.76101112939295,42.62308390378543,89.93709287776836,89.18591251038801,22.80243364768265,128.80834982256337,461.58047270726047,407.75036398501885,245.1459421651171,132.75570780184412,125.76961374167557,129.93663483943936,705.2086107459043,1290.35399860144,3470.0923498841607,689.5991705109287,9218.47776717929,994.4585426615721
-1.2908318718534717,0.08613883850994426,-1.6454212204716545,-2.735521562199473,-3.7811073718820745,-4.237322258521265,-6.418739436394698,-10.433520927499277,-9.186569411571572,-6.9137933567096175,-39.23173325235193,-3.8450662209167725,-64.64929369291946,-36.243705485103824,-71.27016886622862,-69.42107797039301,-19.364464506412006,-101.47696177281682,-363.4180043589374,-321.99403685887944,-197.10115305444128,-100.05266257626359,-98.44065094771346,-105.38031686292871,-553.2710508248839,-1022.7302563610598,-2758.59393937568,-544.6867365405167,-7310.243937158386,-774.3921572944848
-0.38253106220649585,2.6034740972077217,-1.1964182834215733,-1.1270575806730854,-2.824527251944555,0.10900775605003599,-4.63130109200218,-1.0501134618472308,-4.863983574341666,-1.3907848264498233,-19.339408395759616,-1.9068232859438314,-34.17658683002368,-10.510652074305609,-28.59399670314276,-25.603657074123408,-5.599160423246445,-32.97267007726888,-134.7106344502135,-104.08288272287355,-80.8337661664205,-58.026403987131204,-45.28745548612018,-42.18251576148913,-264.9207150597482,-371.55403438787647,-1000.7769198441733,-237.85472837419226,-2761.071378053923,-344.855479361625
-1.483038581752245,-0.38017121474667004,-4.036077649570052,-3.2071025747748214,-5.074705520623417,-5.351363460998599,-10.38288143714215,-14.288179357057977,-15.608592661453926,-10.725079464314378,-58.238996971824484,-4.231726570291431,-102.05382453844253,-57.95602995811271,-106.09054015934476,-106.44247766592852,-27.34781617860277,-150.65887241815827,-545.2049289954949,-488.9387997166789,-305.0336519159287,-156.90956814650949,-149.53414394623036,-152.0418953166765,-831.3989082117416,-1537.9218233245554,-4148.641893530355,-825.0629320967447,-11023.02878200758,-1169.6050041712374
1.8930432165907782,0.3082165167850777,1.1918951380357998,3.2392209574585573,2.6161089658131096,5.525998583278288,3.7797238544490326,10.226056897238577,9.635878325547196,8.48460799401371,38.03933974613793,3.898168845852847,61.171394764494586,38.98038006730989,68.73792067240184,75.66816388881647,15.75153867361671,103.89468726424512,358.5610979667273,342.16532269647007,192.60953091349737,93.5994749548709,104.27907553360875,100.65637433538372,527.4566991130107,1023.6502643356131,2767.9729408818152,537.3260753543947,7303.520617761206,760.2759494169269
1.4051865266010488,1.9955137950086062,1.6199637799137148,2.4555846136709456,3.6595659522138444,6.521440013450239,5.878844127961887,12.453824878961173,12.100632196343948,8.81277674013119,45.702486005914054,3.630748034915144,74.99492407727828,46.3433534208977,83.17194708877474,89.46001244560254,23.33042699637535,127.65154809770983,442.6417354635394,410.25314232948404,233.71260017158528,119.77047387833493,120.56189682528186,117.56744482194085,639.9030183976358,1242.0569783817427,3348.7737250586533,648.315826238702,8850.122444627901,925.714195761111
-0.6618747882648416,-1.5846503971209955,1.5016402802013964,-1.4590841556938183,0.5009754652852045,-3.2286583089688343,1.4759501545837566,-4.427347429551146,-0.5392102900028375,-4.094589822335742,-3.5181291052051527,-0.6000733011902135,-2.529561995023436,-12.094031861873303,-12.561065151836035,-17.511624455645926,-6.260655337367428,-26.755426076112915,-72.61327684657759,-92.98572862831959,-37.8477219895759,2.128690374282358,-22.41915075848574,-13.379993301503267,-47.541627605110556,-213.43439471898125,-594.9556159383799,-76.85397433156129,-1452.5435113276433,-100.86611158291346
0.38561555848396917,2.075106746278823,1.7005665398668142,0.3077199325932225,2.3882274392948157,0.14631916017175506,4.977867653457884,2.5541172327366772,5.207924567330343,0.6505983489083527,19.829553785499957,0.6546187585106165,35.14713884304451,16.266195542110903,36.1530537813376,32.747743954114256,8.95978669196158,49.523236761592244,180.56737854626815,150.7312359359818,97.56059041716127,56.522350066610755,43.47689769410175,45.97549151553972,280.50984961350537,493.5604830117589,1318.1165246921894,267.6048876404766,3531.660501535283,383.5678627588053
1.0063368920792757,0.4712387029980238,1.6577784168424805,2.7761123382971906,3.5693555163408064,5.522947986903814,7.770607162342163,13.292873271945828,12.799306721375668,9.917798443921983,46.94095603270809,4.076611998358641,81.6543650657576,51.51847131758417,88.17075607854545,87.39327406360081,25.433226205617096,126.41810568566991,451.2208257480093,411.58618954558534,256.5488594555736,122.62814776189883,122.19246291401173,122.65901122191713,668.2574147825408,1278.0933591351547,3458.7595603964373,672.8807127749475,9146.319306875977,949.2064158806609
0.11698518012656288,-1.9974994583326258,0.9645502827450231,1.0624313009032864,2.2661400785995296,2.6734996657161467,6.483399646559093,7.199625414981543,6.271981333716027,4.6432916923567555,24.378044645316535,1.3732245294876162,40.27410046641516,26.74500661643951,44.74768745481603,40.567088286082885,12.218487755875959,60.796047548884346,220.48019751985038,195.7279683290661,121.1464157517528,64.81671056551508,58.847259190134736,66.80667943039832,348.98581352292325,620.4981161926046,1683.2844462784262,343.2581938374434,4485.433072464368,477.300265729192
0.06113222963400065,-0.5076188810430531,0.45499659611072807,-0.3815509394125236,0.43272379138267936,1.2691283504397641,1.3252742646319573,2.8640814075806813,0.9148131020929455,-0.1279967309728629,4.474654256320887,-1.042790828205788,7.756549627729459,6.282547873643743,7.161428354686439,6.595141470996257,2.0448890317989865,12.118744157190312,44.16707316771947,36.18543923043358,22.648794951418346,12.275126365049912,10.54076215361915,13.03328053618017,60.36011931099473,120.71077841593696,321.45574581072003,60.715251541612,852.4906603661573,89.88012496023211
-0.7262809267959468,0.5384438145613671,-1.3010720104573816,0.526741649275055,-1.5250548433792879,0.05792944618552043,-4.129659128073276,-4.2481820617814865,-3.5137115128630074,-2.4435542751224117,-14.721952089890667,-0.947526233054695,-25.431187874506822,-14.47897705987304,-26.05146891775769,-24.112049095356404,-3.7066082436373398,-40.66608256552517,-141.10379753059345,-119.37050780246665,-72.41253396092095,-38.68752972069184,-36.44306659525343,-39.365346264165666,-206.701940766727,-384.84464159150366,-1028.3387717291284,-207.38931320099172,-2739.838951958727,-291.44242143713717
-1.6809041851944073,-2.0046962651116833,0.18380255041666915,-0.4886373215194024,-2.3504943575957804,0.02459707470086614,-5.287929283884516,-3.8818856265952544,-4.598550227283241,-1.7754470443323345,-20.23479778213461,-1.3601789174112389,-31.11979053916021,-12.770798628045897,-38.249582549448895,-35.68115928479455,-7.511804078967213,-54.43123721501878,-190.572575581474,-157.1531162027957,-89.92943352627297,-49.58107253505005,-48.70154136727142,-50.82700191524057,-277.78867262418197,-507.88551322677466,-1344.4608339213482,-264.41757056423967,-3571.282905246406,-382.344269634015
1.5819760446345779,0.1795345485350183,1.829743242799787,2.256048779785419,2.946663387963832,4.719332498128133,6.880101137710382,10.91409811706387,7.7820101995602045,7.423028982713426,37.59652275596587,5.781614021165133,61.3271065930217,39.55869463995678,68.3720233067556,67.52732184366077,21.62191804598188,104.61185549526921,361.5493699078644,330.9648104590907,196.37723622467888,93.69768771667958,101.64960961987889,100.95771703202502,531.0490509679262,1019.4071808579582,2761.9246713553894,535.7367865067623,7285.437350743703,754.0360767906332
1.6136272470884812,-0.3685073661795984,1.5690920638619434,2.391022353281581,0.8249888057378674,2.2555986936155,0.7325611499218448,5.954804280024993,4.954559022293778,3.2372530683429233,16.121705587750988,2.207279823123146,25.07952174046345,18.626240043332558,31.830046756630775,32.772220991866966,6.854582133938062,47.350108659587235,162.10221065244912,153.04050099967802,81.6103399908279,37.71168504051361,46.472900443121546,47.4306894863516,235.66402090185017,460.9017580618167,1246.678142771742,244.9692089913619,3285.9233216450143,330.7058475656768
0.3095227389229397,0.27684900991488937,-1.2289056140671795,0.5359801568338265,-0.9541828707062409,0.7115555608176576,-3.7851749346356733,-1.3037690537789908,-1.467453169435394,0.29249921321831285,-6.20272383084226,-1.3804661029799246,-17.63911332468944,-6.948727514934506,-14.871105959395312,-9.129716989260924,-4.186477333734986,-16.88502154808045,-67.24188004924487,-47.935567500813086,-42.74149120718535,-28.503226830798152,-14.317898867541464,-18.398092193319098,-123.9679881749384,-183.30653670980004,-493.5785856075549,-114.1008630273332,-1361.020648145725,-157.80670492413873
-0.3885201157031851,-2.391590446178719,-0.45870219409284063,1.4805702431467633,-1.093471454151841,2.101660971474751,-1.6033501723523509,2.737650340687889,0.4587991684528965,6.320334573829546,1.4498320423722002,-1.0148425987657446,-0.10161268123329115,10.875386668748808,-3.821245541413364,7.418499539584816,4.42509668106763,5.218630883250847,6.14227101867865,38.0310873966145,23.181457752990447,-2.5328726641614647,12.16392709806712,6.414046401325805,1.360515065369964,66.58015402859878,215.15828674030902,25.033159351358645,510.3002016544665,30.049108664130316
-0.3589358561251251,1.3589656643169674,-0.40297432017609075,0.7885017232305099,-0.6164054087306022,0.9268628153572438,-1.4148358040820241,-0.03708359478089385,-0.528106354637366,0.5582541498523181,-1.7244999530259166,-2.2658456136847636,-5.138331439460968,-1.0833496292845246,-1.4642424337371098,0.2369811584258701,1.3846368471770072,-3.0217640991781747,-10.33112692344909,-4.39342794499855,-5.1298217482283075,-7.324446502416083,-5.890342909995216,-6.7499196594194455,-32.93381341262191,-26.701756712023606,-74.41704994273083,-23.660066719592052,-218.89531360906312,-41.31378375459339
0.601318249167173,2.937047194584396,1.8428177411923654,-0.5648347510296496,3.536831877462478,2.359044973798021,8.706940062566096,7.135511848279729,8.918478695927842,1.5713096571453682,33.491762652340725,4.576370425590438,57.238928675567045,25.562082785045444,61.62720898997726,57.913958315582605,14.321008383445658,95.02619792949054,329.02542776763636,275.53055175684534,156.07415445523912,86.76501913997114,81.76639074423537,88.97419978388373,478.49166011051557,884.7270300273113,2357.5633013497195,463.80872634052196,6254.203416193459,675.0554063804205
1.5809501685473069,2.776688483931807,1.5090302699175755,2.4382616150382055,2.7607738987262627,4.736029994310345,5.7229876198080225,8.35217811799259,11.223607714000853,7.563772010000395,40.533926915259656,2.435184941776117,66.79538587955376,38.82904854465709,74.64960988329055,79.22819435109804,20.310098019764016,107.05832167680035,378.94513143018384,352.1238585846446,208.32615686440525,100.50057597370882,109.0121953888974,100.18610261252516,557.3916001506677,1069.4953615124966,2887.606022524202,562.7054187552542,7634.966983287787,794.8851109177616
1.487985388836668,0.6917554764012849,1.0547307201680214,2.6350483631946786,1.8295993392388994,5.326430959118291,1.8456853590246658,8.743956643360473,4.3136353425947105,9.538230813019336,23.2214183530307,2.1681910860411437,38.848559509687085,37.12058553261371,47.166137536937555,50.658045780360666,15.390106783158046,71.25484510523196,245.19386308458522,255.9878436759038,150.05657498471362,58.18281830507731,70.99047404532438,62.746833976455875,335.7515160060642,728.9532841041932,1997.1597310423124,372.6188455072239,5223.071412795531,498.12567435352975
0.820415011370958,-1.346410482289338,3.8027383927249314,1.3969062242132875,6.741656077582884,5.583307790173034,15.36306621463772,16.042273413030095,15.118571402002553,10.95241482943078,61.11859774882116,4.2333884342067645,105.24140619604796,63.51823229563117,110.48677923985554,105.0277025787286,32.76362199260238,158.36987532758533,571.6113298340593,504.15068401162307,319.47231242969826,164.5015729878276,150.2127488792111,162.3254002274575,870.5980134803584,1608.344868126164,4340.597917624329,863.712945839642,11532.162291715224,1218.643603475804
0.3341635130077594,0.7267585506004148,-1.2093377552865625,-0.38104148580079544,-1.8677998685062165,-0.9694074771175355,-4.289573186306003,-4.948939715679962,-6.798952332511828,-2.776045637541463,-20.346070474380852,-0.7661955442736573,-32.78215620128369,-17.80740974890802,-32.474693787929525,-31.686420638708057,-7.145215590069263,-45.7990595561761,-169.59127055652306,-144.78449759573616,-91.59387444199079,-45.76171121924248,-46.89085011788567,-53.17379223805215,-263.7626790810903,-476.674326778733,-1281.1618815384015,-257.3854447962825,-3408.1957495658603,-369.239621336991
-1.7821264362921256,-3.012393648235159,-1.7589561793867245,-1.7561941306054927,-4.252620973581057,-2.2434734102015654,-8.658893828613762,-7.563634657984288,-11.58933695991658,-6.607110795679213,-42.440237382487595,-3.555248206613148,-68.95296870635624,-35.095786112948176,-75.99113373608826,-80.49644156541504,-23.93442615675645,-115.69127932029578,-398.2939633346752,-358.1733030793893,-212.3411342856123,-108.67180747092422,-109.13484511963479,-106.22161919595646,-587.2731216117003,-1107.771348374381,-2983.276190981675,-582.1062852768825,-7896.803223819747,-834.8757093322413
-1.1293062818904793,-3.1179653772872395,-3.4843230984900453,-1.4774266430873797,-4.211163064985766,-2.8063196376199233,-8.401933682334635,-12.476109973792324,-10.020935595997177,-8.267962630622598,-37.59284396664927,-3.666997347041789,-66.86845236400286,-44.401606800340545,-79.29722825855208,-78.33915193308891,-23.89998914176758,-122.2290466785471,-417.0215324317891,-380.25087735749054,-220.70761809776792,-105.75712070327732,-104.88330890854877,-104.98247294761764,-577.1978303301154,-1155.0262971105647,-3113.2636720761416,-592.6364330822505,-8200.689077096918,-829.5194409444115
1.59508331961756,-0.43506833416434937,2.077262985076359,3.8301478071126303,4.22086299756396,8.25489707993907,5.924883005948907,16.15296365319719,13.299063943300622,11.522686188965942,50.63243205960588,3.111794030132606,84.29783012065016,57.45092255520122,94.8518180800449,97.55391478287761,28.211203552212176,136.71154726497466,486.8233326942405,458.8418526167849,271.7948138535638,131.5001770602541,134.13705188402332,135.65608479797027,718.8502660531349,1393.5848342240427,3777.3263752539283,730.655999303701,9969.844602384674,1027.3903842987388
0.23934676640564434,-0.022975547261581797,2.022453847535005,1.6698758838582344,0.11080962621363288,1.995243599764931,0.20836574024288146,2.913942677675643,3.3478224300638484,4.056893154629909,11.155666827017509,-0.259898576113756,20.750784380754908,19.48207527289885,17.810722734834954,24.849594463040983,6.989392749817292,30.213463340242793,106.55745768253888,117.58953238517931,77.7993967512915,31.638535622396347,29.087615454227745,24.725346839532037,152.23618551721236,329.81926058500835,909.8681604558551,171.53370254481817,2395.311791115011,229.35217257692003
-3.995725142184049,0.7783017420239117,-4.146103725942128,-6.0862502780840435,-11.755217861900714,-8.725136131679244,-24.24618694601179,-26.993194626531306,-32.85701738895968,-21.105606546818343,-124.46046721028047,-11.059231468864741,-204.60279201749142,-109.78083751673903,-212.2552693773779,-221.52164878613797,-54.978428586938925,-315.8143601352774,-1115.8443691786947,-996.8928528431618,-603.2562592592955,-320.43967699210606,-313.3654140475307,-319.3083358379803,-1709.5740252125079,-3123.9097408800094,-8424.796292064892,-1685.0168546001128,-22393.748268938532,-2415.6162446072267
-1.5948297051021032,0.45663854633087386,-0.16228873522228593,-2.8329006600478337,-4.290568642241343,-5.938476418854645,-8.559471232254184,-13.802135448518804,-13.776804105143114,-8.087161660062433,-50.0480666322827,-5.441735329955521,-78.88802621420555,-46.17764881486015,-86.46499615879796,-85.82616870819771,-18.60556841864372,-123.23404244858024,-444.48017680505626,-403.9088189541543,-233.36829858065923,-121.3406196666164,-124.56586832223509,-134.42649496032692,-684.928814143535,-1258.857494657802,-3397.1614892159505,-673.6043341648676,-8997.60179671833,-959.2402686698772
0.3960152067302956,-0.11450731733701099,-0.18364046166031922,0.9211188045426355,0.7030936173864761,1.2351008754088506,1.0118183958743354,2.001331486741118,2.5578126038229327,1.5463664091998868,8.998684216208385,1.1194678077341333,15.34649992193406,7.446425843118947,16.92080424162417,14.93251517374395,6.0161754597189425,21.962102279693248,81.95064489225172,69.44110037901378,47.207863599526725,23.867022859654305,21.501316117688383,21.44987222836773,125.36434812326797,226.56678402625425,613.3701759384151,121.98160580846115,1629.9709766997428,172.15115928689391
-4.592928651014496,-0.6028434529433773,-2.376065020899195,-8.92226864666365,-9.177186569470338,-15.381778469561018,-17.046973278673423,-33.75819552807971,-29.181000330372964,-32.08703840199727,-119.08329627861677,-10.423259904008132,-191.94125028288306,-129.70751897194734,-215.03123045508107,-229.42462373018915,-66.35268513714207,-327.1456582540355,-1139.9541870546077,-1076.6369872659502,-637.1931181046997,-293.8029556096143,-325.01836908236595,-315.01026191945675,-1646.229957057094,-3248.6407770992355,-8814.241267897753,-1683.9356889389535,-23194.564206535182,-2380.7124950848897
-1.1343966719264917,5.158381581097034,-0.30339370989240977,-1.4962037926130949,-2.842814952174374,-2.9387404817213905,-4.59276071860397,-6.467529232960215,-7.692025792143925,-5.152164361439234,-27.689621237287113,-2.336452110859998,-44.19901881412646,-24.578874648489293,-41.44830304768457,-41.767289490712,-10.0574391764463,-55.54169377411944,-211.0334737364243,-186.69894418084021,-124.68990977722791,-69.21000697856653,-65.37043448421774,-73.62427942617354,-364.8702328539489,-612.2932577413611,-1663.776652943353,-351.32619010295934,-4465.108111398066,-503.6441421904421
0.10255066557898654,-0.15974325058823016,1.032663057485368,-0.8519828118932422,1.2452696582679716,-1.2934956511775297,1.238715171154105,0.05776333283875479,2.300239883339012,-0.5052577250565851,3.3323280374762487,2.8391556375906273,6.790121855854795,1.685195728214785,5.911462607514485,3.732011828818907,-1.019640844940043,8.39333187097667,29.793016187017404,21.768704085183455,12.138708141365528,16.206532506107056,9.910323384416975,16.026073271623225,71.9008298711838,86.34134507585308,230.5771521680277,60.9099702491212,646.4311480488043,93.46271657157683
0.4841681060948674,-0.10228297984474549,-2.8917238358850605,1.3115339110487036,-0.2972370531678885,2.2491368336687922,-0.8881522405396443,2.0131977082488577,3.057390852732299,3.564290664064929,7.212912412149163,2.221021348355997,4.654154783733849,5.460791370498731,7.408182583471806,14.96352382163345,3.023931145386473,20.563460265829878,54.66324211637702,68.57988761593438,23.913257537885514,3.7346450695648623,24.537620631187504,20.708042206982416,65.51046237254535,166.55500585568606,464.43105233435705,71.88670734610098,1158.9270519672418,118.65521603004615
0.36229430157530335,-1.117038078547068,2.9219466595251857,-0.1641805983144331,0.24274057687714912,0.36682369963549516,0.17968471696955907,-0.967987184696289,0.20368358894216315,-1.6585496783110472,1.5946452305720797,2.819586155786423,8.407797627294354,7.505731798495643,4.747019728105869,-0.6559466896668701,0.7523421355532343,-3.1463914033870304,6.432463860269717,7.8343374253666616,20.894014295879828,11.847161863149408,4.562219114364357,2.498604396610414,44.366555727162975,42.54062070166578,127.47450895099809,43.50742235088257,389.6397584096562,40.788747663867696
-0.8017604943427328,0.8906695200773629,-0.11168629311323308,-2.806735016535665,-1.4004537874141603,-5.84849250457384,-3.916405637158824,-9.61208210422997,-5.318821258188839,-9.178181403315644,-29.754008167580388,-2.457799105006978,-45.49059619822891,-39.4662924072387,-52.78204675740374,-54.237975584303705,-17.39985891615289,-78.78576829548604,-275.6915395993266,-272.1194354279831,-163.26329986665434,-68.59397289378835,-80.34291644421468,-82.42550682611947,-401.1671613469317,-817.6449139467501,-2230.6503870851675,-420.23682648664123,-5847.753104437868,-578.9142453847685
0.5522701083385932,0.48998505747662846,-0.0021793420573370526,-0.17082989005701021,1.3800773152542614,-2.4545579541761193,3.590778041220596,-2.1283625523429666,3.010736983992981,-1.2979866385814356,9.443607400156782,0.0735671250321186,20.186492235808323,-5.511030632572762,14.838069808619112,13.061776379161198,-0.08382274752895258,17.525461014027925,74.59961840076326,32.524252738690834,31.135128633247025,31.651702195988616,18.838035785821592,17.731315718316964,135.3331136067119,163.84299065554404,405.63929627079204,103.23362128750762,1159.2717367173047,172.15413108176918
-0.7454975071068848,-0.8174884167295082,0.40985503526028866,-6.789035807404568,-1.6071953473927172,-12.761703172053828,-2.5883804758054216,-20.99648108230651,-9.686015960211453,-19.874350106964584,-47.985955132599514,-2.27683796356027,-74.62168234025263,-71.74768117862983,-94.68715418171487,-100.46977050172714,-35.82285778701857,-142.82368315639033,-493.0258501601935,-504.0498976315517,-295.30369449563216,-108.9965036416104,-139.96833219769752,-134.39983232830875,-666.5940690027745,-1458.9944019064333,-3996.905794621894,-720.3544686942015,-10385.61160793531,-992.7948074973182
-0.42955383123673885,-1.8032527169014267,-0.9578022827498796,-0.15277600398993862,-1.8898340428598748,-0.3284302045249227,-4.638482494926684,-3.431184243810955,-4.4749869726826175,-0.7031366462345603,-15.805781600480548,0.05729659464800263,-25.91395201999946,-9.555528246753504,-30.644107973518043,-27.69213760197452,-7.476821779209225,-44.409263268493,-155.72438647425886,-123.71459489519464,-71.07528565867364,-40.86170973608079,-35.63285526913361,-39.33759397754671,-221.23227196255297,-405.8536254783044,-1070.2546689281685,-214.51610468714543,-2853.815749595603,-308.7174920354208
0.6792103711058456,0.447848640177295,1.9747196242635552,1.7763952771359919,2.8151256149935904,2.1149352600109,5.161212301493957,4.765707169176427,5.838989941466563,4.658641888956836,25.66749649126513,5.176094460209276,43.58871977295805,23.249068357637448,46.204937161671424,46.13218821571087,13.516463808172148,67.61937591222035,242.31664623323798,215.8498011666191,130.43106947952992,65.85964459233918,67.72012299619085,68.77062586295527,367.54043286751084,679.6260414855684,1837.7968173178372,361.4341456850069,4861.227833797817,512.1000273615506
0.35562663374282266,0.3696479138631979,-1.1735229666510731,0.6331167961115616,1.314645541574683,0.7993816442469626,1.0020128397124166,1.9887746342175041,4.335152901279697,2.745019300049897,10.702354581839364,2.3883860772290935,17.24333221677631,5.271638596729956,18.243227545750976,22.483872444440895,4.513462410343815,31.636018662386842,102.41602469035749,93.4572839629799,48.0635895579105,27.178152732870945,31.6850914021189,28.643168032649456,151.584669917437,277.9534176239507,748.3255536635339,145.33125895949536,1973.3347850678188,225.7507898861384
1.198808896903456,-0.6041861064721078,1.5931954209851789,0.9010547229948378,4.097908940161702,1.402744288792391,8.260584830848932,6.834536571259364,9.307790463381512,4.868096537123744,34.685311907328504,2.0953183998571157,59.222788244702215,26.032108105578878,61.86975502149525,59.96006873882129,14.841665040764154,87.51664211042609,314.5369150834685,264.20901287362915,161.46701920151656,93.078984388262,86.12542685340323,86.68324544365034,484.9167409601433,855.0414106880935,2286.5615653546515,468.43229364289556,6116.207818029207,671.4546007650846
0.3786661076098169,2.3200072258251625,0.4228828531116804,-1.147263510255124,1.11200189861746,-4.23491368147875,0.7454350592980361,-7.007201415260509,0.9070861968954513,-4.301136460824343,-2.022612315286019,3.3012188733390726,0.5912730108916975,-18.859244505559072,-5.625505001594439,-4.093758909635895,-5.696974872646335,-8.41891598798764,-28.456334726324368,-50.56617059362338,-29.160208864128457,5.611898400116274,-5.050270219029987,-11.284446072801623,-9.781690544845377,-118.75634376151422,-346.88675142298126,-44.105959463950185,-839.8847577003016,-28.27622321526517
0.14689712502731206,-1.1969449458046724,-1.5135936684317912,-3.01441047207046,-0.24825531730802708,-5.257167957035489,3.088373580349387,-6.470494846480188,-1.707616891115861,-7.561873958967129,-9.03074275807838,-0.09959230069457055,-17.06804768138144,-26.19848799299636,-25.19334595043502,-28.417566486305272,-12.216821838940538,-35.77811618568456,-126.59429591950236,-152.5173438396886,-87.51655874964013,-24.908798833023347,-36.99437694487338,-24.70459139385532,-147.6669657838347,-395.13935383260633,-1102.0300995359833,-183.2370880221176,-2826.0701454369696,-237.51262857212626
-1.6747792322286457,-0.14540780792394872,-2.2209476769671115,-3.9429262723110803,-4.685418762021396,-5.6509271366060005,-8.282058858335862,-12.437145619743024,-16.698600869014367,-10.341700978816373,-58.292408575474035,-8.505659412237407,-95.6203805815178,-48.25151570162134,-100.2530678957223,-106.7152103824038,-26.377724674648583,-148.55437697727433,-525.0190259878038,-473.9500197396455,-281.84993624595046,-146.64369501513522,-155.04157517469028,-150.95666036068454,-806.3834054569667,-1478.6552232622228,-3991.2404854471633,-788.6787395827864,-10577.28168821145,-1141.0908880085171
-0.30729773290569085,2.1824212522397097,-3.97086738394551,1.001059279329274,-3.074960629354141,0.6139655980904131,-6.224057653692519,-2.3376157680982077,-6.362923235582464,-0.5614272521440932,-20.771493174728274,-2.0605886994398834,-42.2681611016214,-15.39139737822426,-34.24435041487389,-32.61684812473418,-7.977960031630752,-43.84161253328272,-174.5713255212823,-136.00400247667898,-102.96936664890167,-66.28778209183287,-45.58148892252544,-50.934485921853025,-304.8536423484754,-484.5382883308208,-1296.6829205561344,-285.174975072624,-3537.306650511043,-411.1066147953555
-0.6341149122403625,-0.17500284340984373,-0.6304848666804053,-1.80242487085002,-1.5709241623945613,-3.0347512214691803,-2.882162231040752,-7.927832459401307,-5.140886845710441,-6.29632767166998,-20.462365096136335,-3.9950538143982115,-35.28237315232487,-25.37442641843913,-41.74909924538136,-41.18582774983949,-14.279156112803758,-63.11818411159448,-219.10942949550156,-205.67187860587026,-121.70625217359648,-53.153265258131384,-61.455215770579294,-60.64439487640428,-313.45944336526446,-624.4560336065371,-1699.0207821661352,-318.3992193997195,-4448.890180552061,-448.46078593714674
-0.7174823191975017,0.32441783717015743,-1.1470119177456835,-1.5606934021804246,-2.983057902682458,-2.416532112370148,-4.067774417974273,-5.897317323814189,-6.048538485395598,-5.880185996066084,-23.993200458411522,-2.333724707956433,-40.16214698645989,-24.70655208309723,-43.092919836113474,-46.03226234169271,-13.141465336798412,-64.1865941480671,-226.3387209631226,-212.2058608868947,-125.8903086984683,-63.31334303820079,-65.31917659722271,-62.678345223546344,-335.26655239796924,-643.0590529191519,-1742.1207395376969,-336.9942375352729,-4604.850244266821,-484.4414405340439
2.9191622256029826,-0.22917571336983164,2.824568801938304,3.3906816524272525,7.369103147129055,5.942459934322843,14.436415958510706,17.751096043996796,18.8373867060314,13.454931994375173,74.12332361117993,7.093170180115795,123.50339337914293,69.81498671702514,131.06942696107882,131.83987845192837,32.45933147880926,194.69107599036371,688.6351264144291,612.8769081574086,369.66898361132917,191.5372704280122,188.06617959159576,193.775882621322,1036.1028832110342,1921.379196763836,5177.291549511676,1027.0957984819386,13739.447530064397,1462.0129002787062
-0.24054985419031868,-0.6006948902755347,-0.7347804038429299,-1.2180418586163089,-0.811743416984969,-1.6834345495092253,-2.6303211138587415,-3.1843177950955406,-3.036729145999214,-3.6398321043210986,-14.639431123587947,-0.773553359418986,-23.96682157926695,-14.876061938420847,-26.73183297224555,-28.213459022522894,-9.82944449215487,-39.4843031789468,-137.72723457491355,-128.1567158863749,-81.9293806388707,-34.7765853326387,-38.963967838058686,-34.44099755017879,-195.43460337009438,-391.69048226297144,-1062.3384021833685,-200.61457611873857,-2791.0511659870613,-280.17385992752025
1.5329080306885776,3.4406233485718327,0.857114843325422,2.6375208032857844,2.808421111750173,4.562670828343247,5.18033142901766,10.22518561726521,9.456448027904608,8.009671119621663,38.22690205900356,3.6551383601449072,62.89388344773203,37.832526633630145,72.64720265739399,74.81475862211066,21.420317222359394,108.81364520001883,379.3178759214285,350.1798005454648,207.2510386404471,96.77410271797024,102.75820860558844,100.22830477428076,542.1123524022978,1068.9868238445201,2887.619266755468,545.8982916026546,7588.789652350654,779.293055566915
0.30418720517653786,-0.20007663429244055,0.9377889256270101,0.7583195811317377,2.914113481901608,1.3776862202671556,6.822885628356329,4.753454989325639,7.3737356029582255,6.146314825779441,28.146294886960163,3.191548038187677,47.05064560724161,25.022176773471895,46.23668924259894,50.40995240817586,14.281216666978477,71.91929334751664,250.72022699620643,229.25418487358772,141.79560872359497,74.11454694594329,73.50671914493684,72.07594048965149,385.48509044289153,712.8733759208043,1929.0934674892187,378.9138835755332,5113.128092319883,553.5073812066887
0.8906780721284544,1.552105326288187,-1.54545344989735,0.7978061086619286,-2.8417952281959273,-2.7798728451332986,-5.18277325741005,-6.636523248966706,-3.1250222895114055,-3.596294500414755,-14.479513859831018,0.12752299585746418,-26.126627576247916,-22.62772082150402,-28.41798963405326,-32.32123089753558,-10.70480331291019,-47.51181629484677,-159.23847489634392,-159.37298873346396,-87.86206735880005,-38.102830218737964,-39.225016354472665,-44.32859910018281,-211.90739142549103,-461.4820500583685,-1260.687538586014,-228.0605082600194,-3289.382796407303,-320.00438629440345
0.005288143828825018,-0.776726174669097,1.6435351594902714,-2.1498302072805955,0.7502672503396269,-3.3957138391391135,1.8168964757848254,-3.7756086962565463,1.0377474384286272,-3.810333750245081,-1.0956911247544665,0.24083022236501472,4.699967110640259,-9.964905475482256,-4.073109286985362,-6.164052199804076,-3.9923960523443696,-9.617491575177507,-22.92896725978343,-46.24169784933925,-13.765079797876929,9.126949945224702,-7.934338494788372,-7.752145295834898,2.203783143971501,-89.79996752719005,-264.13072348712257,-20.117688407086572,-598.4103728114795,-19.3700900882802
0.16700872208163958,-0.8528244852999519,1.3682454097983037,0.037266996411957576,-0.8997231576998233,0.4568667003731689,-0.4257006753330459,-2.553436105664087,-0.636701056919423,2.1685006795429107,0.6393074654639119,0.7854575899614052,0.7179572422459737,6.1230699812844405,-5.766562681780572,3.5491615428455283,2.810618253104734,-4.245581595510906,-17.335135161290374,11.171249661684431,13.568995174516653,0.42510397537294886,7.354273216140619,-3.3110102343178376,-12.919209381460373,-0.7046094461892868,27.894164043813987,0.24803663735425063,58.76884709719938,-1.9440592487303872
-0.015077711919626436,-2.7763049666256783,0.3954272586330051,-0.7839753088537647,1.0258098823306918,-3.981191266843961,3.544583637151117,-4.342854624073547,1.7499287775293395,-6.470703309196059,3.2625449549362227,2.1605475751703427,8.2766090204779,-12.777641449898734,-2.0556229894439455,-9.51583923847651,-6.271391764650875,-12.114824014395278,-23.0104892542551,-64.21504106491265,-21.315381726810973,16.213984462292355,-8.663411928593744,2.379886088584496,40.98356691816544,-105.4813590893282,-308.6628593117121,-4.723831985251063,-661.0926660570008,7.162032309258006
-0.9403632243137998,0.3614486783160442,-0.6329897535092214,-2.416946675437764,-1.4871678962021915,-4.6671644609153145,-1.0603293780357743,-8.18860908477709,-5.876819686603822,-6.792473744037829,-19.946248799889037,-3.3960242717320286,-33.910308140181925,-28.856802760162136,-40.42220883391215,-42.08139701199043,-15.54992799085063,-61.81397169747855,-211.62752383319744,-212.7982001254758,-125.47478718257284,-52.98669169059203,-59.72955291608622,-58.064664647613746,-302.1483776272104,-624.2506464578304,-1711.9488652268092,-318.4602842310347,-4473.810003228644,-442.98059792627447
0.5886146225058585,-0.3050959002740438,2.0606547094958114,3.5200193719968507,2.060073085336389,9.5233883315937,2.341446731906979,16.39247068819049,6.402952453925884,12.27783880918815,29.477252198093435,1.8621720994586395,49.46359699953404,56.23561431505918,64.30209636960927,64.62156069180806,25.422376337510627,98.25346331446424,334.73688262927885,350.8293546600772,205.72448949516507,75.33513469700665,87.72551083835491,89.61458962226239,446.9328841634607,1004.6600542411951,2760.456619889672,498.03796105806555,7172.825318083172,666.1424476966478
-0.5770638554704571,1.3045908782668487,-1.5075323739338953,-0.7133876181114432,-1.615479144882741,-1.4598909876304225,-3.047303518537401,-4.792489675956287,-6.528686006223221,-5.906235462639749,-20.132661610097838,-2.122530783015594,-36.00447036094362,-23.903221303690806,-33.45646446421609,-40.72530033162414,-7.98158769217935,-55.96891301954577,-191.68355731148688,-186.14847889632176,-110.11023182547528,-54.8812510986768,-58.55006142527666,-51.935882869624024,-283.6127874903085,-549.3308981929076,-1492.1083889090087,-293.6097490631268,-3953.0330293872266,-420.9219749731283
-3.023474909049342,-0.055069031009723136,-4.54417898119852,-5.004092805525402,-8.513693679831515,-9.025859600249767,-15.890535909555663,-22.593450096031507,-22.277167614706265,-18.269039210109323,-87.65969307237691,-10.554603979427466,-148.06680032551296,-90.55310820108141,-160.66514935866977,-162.85229596090693,-44.47205421223188,-237.93167790324088,-835.4981704701378,-766.5718958639585,-462.77207511567974,-230.34191068630648,-230.7150260655427,-231.87341647334915,-1250.9068075199082,-2364.866785341595,-6398.123859240783,-1253.1896100059673,-16927.330005655916,-1774.7366240848
0.34382160573532883,2.7549351606408554,-0.4291313138990351,0.39832161785315834,0.9688004139182385,2.432783921648927,2.6041161211124524,6.95537845033962,2.151720646896903,6.167980278631958,11.71125886671431,1.3429537099125892,16.691576989175307,21.320780253104857,28.00869274113284,30.77722477169429,11.836426828326504,53.358483028132014,162.36500413824868,169.32571566639479,85.0421035074638,27.07204092610779,42.18694147929055,38.080996293960894,183.65331543007053,459.38783644857904,1253.208603034404,209.7614203201827,3210.0273266656814,288.54993800886024
-1.0378332538871058,-0.991415674873746,-0.03678386360934205,-1.9124312438989068,-1.825286983980368,-2.8808464790702937,-3.3073815729810594,-5.382604734761071,-6.526521257919599,-8.954197054215934,-25.479903245424563,-0.9698753603268773,-41.371839031538414,-31.226164146804074,-43.72433276931893,-51.73597177224766,-16.26929399444384,-68.67130316934995,-236.3507564566956,-240.484560125891,-148.97422283510298,-62.46233614273039,-71.45603370079039,-63.48557756259358,-342.2026171883394,-701.9037282098014,-1920.5828111352455,-360.8098094814803,-5036.202814911811,-504.84009727284456
2.1279359667133577,1.3365383241699647,-0.7694182564323229,3.692249428459007,2.735093406716839,6.841864499573299,4.2177848778970635,14.749386412563961,10.78888999955165,12.512586874864342,42.115988300953504,3.0141026584275443,64.39269191845784,48.55171336490147,78.46250101455598,86.37673316496138,22.494965610296823,123.58195216943314,419.097063695029,406.71037557728425,226.35116821192273,98.76147909088131,119.93078752075944,115.02731270520344,580.6967800669822,1197.395502734232,3245.396479698768,603.0329418530814,8493.507310034973,856.4814151567357
2.384415232228078,0.8056301241143524,2.3092889027644983,4.5406317405216825,7.634834321443853,9.098828257386907,15.741830568457017,25.970043151528614,20.446700765398802,19.233941480068918,84.58930466772382,7.901076667313883,136.15270197697006,90.28579761005155,157.26158091328043,159.36479337836155,45.77378982122644,238.39927858934138,824.3977470446442,759.8675264490932,441.45496265526197,216.2273570299376,228.62808708568983,233.91184620225812,1202.2634526267166,2326.3792533767137,6289.69198887577,1215.6977980236154,16589.105170512186,1720.5812811113651
1.7703627040738963,0.7805448633300909,6.276893253232409,3.5188088887376807,6.80165177853859,7.654250987282383,13.799274623623777,15.664028996122262,16.85634038790496,13.95173248872847,70.42774379735722,6.932214597502705,121.9880409754038,75.08637866121559,127.68178317535518,134.4809883884081,40.54224435656441,191.44728363747612,672.0159842505605,625.7479485042317,381.2757851219464,188.373388945934,187.0349707670664,181.25739129642344,1000.7309292128755,1915.302974741105,5191.517446946293,1013.166709791806,13735.608951957804,1429.542416319264
-0.30067626513433343,1.1697854302546435,0.9743153993834484,-1.5785477264344134,-1.2044988396066796,-2.9386188194869938,-4.0996353382461805,-6.5385939948698315,-6.14727913082941,-7.171943673266723,-23.530305655303142,0.7705635753074982,-34.67760856204442,-22.81281831214384,-36.95181502083276,-43.82248626804635,-12.735940450233644,-58.365594216356115,-201.46377986745918,-191.33694918298121,-115.45498884634232,-51.732685592303746,-59.579972366650196,-62.243985191206775,-295.74892499346447,-582.2003159926192,-1580.1128927558193,-300.65106807656394,-4156.540236319434,-434.5141613383966
-3.476570932457509,0.738244932043782,-3.059204634182635,-5.892639018503357,-7.753005572659095,-10.684182190689869,-15.14315476080746,-25.12162554231564,-22.236361223045094,-20.034468135745733,-90.34922372967041,-9.033803813253602,-147.75597942820454,-97.93974343753392,-162.3104601074218,-166.33272771073152,-46.47013724844742,-243.24477993854492,-851.6170150793587,-791.989825773726,-472.1816164262043,-227.94089509459172,-236.97626006047489,-243.58164823047028,-1265.9429104711255,-2427.431040575622,-6577.708030420747,-1282.1062218047077,-17373.767106234714,-1804.4132764773497
1.9423762767719437,0.2909415698636184,-0.32766710131756027,3.0986842421331784,5.737546713269318,5.332858002806168,10.095279999318036,15.134923727986257,13.142111228086542,12.222006534189058,54.984096817430675,7.046351991787816,87.20423806783202,54.98108328668217,100.48211335214887,100.42662917278557,27.540523754423695,150.18092934453642,524.5040516384423,478.64436400375723,277.49331492970765,136.3016294103279,145.54951447796552,147.44080823717186,764.4322772725021,1466.573160916125,3969.1680823560987,767.4197305430023,10463.837967168503,1089.7264398796226
-0.15505474229487265,-1.337543224893848,0.9485265415961959,1.088314258460296,0.15876392676641382,4.673070460375574,-0.08455178641795569,6.464538766017837,0.9524083030475349,5.147160775815425,7.379337391101679,-0.5664013671470066,12.930219444627983,23.25712115847485,17.406432514956908,17.94365935266703,8.890900110975112,28.14508156574688,96.69230149369527,111.19614578719774,66.63803404052624,17.846956519470936,23.124654113264512,24.103604205723826,112.89579933539866,302.7731790992986,847.0151288233382,143.05115862370621,2174.63113730413,178.11525999249287
2.7076948355621093,-2.732562810538125,2.63736918719826,4.8945499620900454,4.281913119536787,9.333514866316609,5.002187154729629,20.44686429379588,13.246663908276526,18.956958958318847,55.84305118464544,5.773975440672224,92.8293563809814,74.94384905801995,105.81324435400691,112.53686515343405,33.83576591871323,158.04904836786878,551.6892387698933,544.5938110920059,325.7300491296064,143.73980680152025,161.47220434355847,155.5529780891947,802.9440812770638,1613.5655919295702,4406.18504783334,841.6883274479574,11583.445450052237,1165.605111885581
2.62058829557026,1.843236121254318,0.8687696511880434,4.509172512899822,4.545629673489756,6.343603387419854,8.612144261625842,14.847913283805365,15.469633161079766,14.434663435283499,59.47989948496815,3.389605181222897,96.40075366583521,59.51308843582694,107.88241726974833,116.12113792149046,31.791702011591116,156.85075784191875,556.3440803800084,519.9267687309283,312.9663656686772,148.0377496407457,158.38911235062818,153.09526671257083,819.1802842586272,1582.265390080921,4284.267565620384,828.8134198513924,11307.918408018646,1171.2187865114724
1.2242398366194733,0.26566050887083487,-0.5801270128578366,0.6088633999277799,1.5959973518575035,2.3930109913978264,3.206919207439016,6.364844871951985,4.941902160646295,1.6032670732169776,18.28662226338558,-0.04263121268491199,28.014421045131023,16.068454235217644,34.08018995629591,34.67819539456892,4.564394113796034,52.76329508598558,180.25091230840485,158.9587698578206,80.09978237761669,44.52364055220297,42.33523594737174,48.7129225516055,250.25723595917577,481.41078899073557,1283.807512765632,252.884669748343,3400.4941664312378,356.6522309949356
-0.5295026517502356,0.899125358371694,1.2380484440748696,-0.6601801459216987,-1.0911717835024919,-1.2309343876853722,-1.847361084905622,-4.694614844799679,-1.9659729335929703,-3.334432805061259,-11.734792781052459,-0.6533571280513117,-14.938143948391533,-11.032321232155821,-21.428859194292748,-19.047631653949338,-4.360352785804918,-29.299395409855503,-103.64142175538575,-92.56629323707274,-50.36627832018671,-23.536755883450127,-29.561986235038376,-33.137567399415936,-149.69761146828458,-289.3866446956646,-778.5124387196693,-149.85874099042206,-2044.5258542020706,-208.93664218419275
-0.26111095582198124,-0.0376554476746014,0.1800381203806238,-1.8932817364882113,0.08339212543719682,-5.4004532091395445,0.5580544444318133,-9.008481964224746,-4.270110604803061,-7.298486286359963,-15.331977614541188,-0.41550771894755856,-26.218851911543446,-26.73185089952832,-34.10902410302594,-34.299261795623295,-12.464365045120827,-50.50165649183596,-178.07989815987676,-177.91275779146213,-105.57413300558974,-38.55308806084019,-47.33679167156121,-47.294996587249706,-228.62253274340296,-522.771260319496,-1427.2965763917227,-251.52332078344566,-3702.707300590029,-349.8369779045315
1.2115794719181343,-1.4498035330733898,2.1560287260696116,1.6597416037101842,8.966422457061778,3.0996938367694575,18.542825132851675,15.87763853843084,18.68449868218983,9.879253177204259,71.70964911182277,5.393618573141436,119.06242521982465,58.24083741426944,125.92826213573292,121.20110566204954,31.402777813826116,183.51485527377866,651.5179270425607,553.1445745742504,336.88010153727026,188.46619594126864,175.04613160761022,187.93045076850038,1002.7923031098403,1783.8088986498067,4788.486676570655,970.4499742094741,12766.123859791609,1395.4423852563339
-0.4559523953343189,-1.384809127005928,1.0116789924698493,-2.0257186051582896,-0.10998901114873406,-3.836485622145091,-1.0555837502780547,-9.624051689681254,-3.8106617383585335,-7.659575693472066,-17.977958941250268,-1.6133336941652265,-25.117888929271622,-25.713741892289438,-38.381381833872624,-39.389344754611734,-10.232327385377847,-61.331419164550105,-200.81442878085898,-202.03019139970567,-102.72090067514908,-36.77384944654268,-54.70535269491158,-54.48710575783719,-251.27756042703314,-572.4831660832009,-1554.749400068658,-275.7317199479383,-4019.9491460484574,-378.9818002696699
-1.0817979649297418,0.46383163438476577,-0.8106148400739706,-1.3489239959770427,-2.710102773100666,-1.0255638880143638,-6.690213151914229,-4.318805728011998,-9.219733475720227,-4.206722727274236,-33.06113645212519,-2.3473527237076555,-55.207717802778404,-18.171422943660623,-53.70007465346805,-56.33141733561852,-10.52580869781916,-75.57497817552348,-275.2211597783239,-230.08259596611347,-142.9644998342537,-81.94229857097369,-79.17219872099162,-78.90988430301807,-438.3283720908677,-749.9972366614463,-2004.1942121425143,-412.6517807452763,-5367.124036986847,-605.3403472610323
0.12058981150028257,-0.1501117591607555,0.14314946010717275,-0.6811064293375876,0.08103248110877992,-2.1255537598872776,1.371760688573665,-6.085522725265604,-0.3067163203018344,-4.171356389527142,-1.845550631848189,-6.9296939149077925,-1.748508623197716,-13.375439512437312,-8.730870268734527,-9.219820120565569,-5.121007870665177,-26.080268684319815,-66.07424752931645,-84.17712876221806,-28.89582221369728,-6.860780051848373,-19.57726418433779,-21.178933551891017,-67.6544788591884,-203.38241027972597,-575.6497851572221,-88.69118223975809,-1431.5629324201527,-120.92706042201577
2.0581462902470964,-0.9136705340907819,1.6871866123875687,3.2448983734687262,3.140531175281978,6.91356299830047,4.942813107456748,13.791775772228505,9.668311508182752,14.44154139003207,41.63427814516841,5.193862787079831,64.48569805754967,56.522539932502106,68.91199986568188,86.30914995590936,25.89431483056104,124.10860474835401,404.4697494633553,420.5746962619178,238.57246220719176,102.62473608380631,124.74183477078422,114.48268062421877,570.4052611639246,1201.845503384042,3292.914288160656,613.4054770595195,8611.660298569943,863.5724514905588
0.4976784171979916,-0.01695381366930611,-0.011667717234805808,2.4106708540741106,2.262560767509167,4.4725882953596905,7.383484167927596,10.706069347841243,8.726580790181327,6.873981155348756,39.04070300735675,-0.06276034270499342,59.868926198656254,34.93671755441406,65.40735939709548,65.88046626957464,17.38379031679482,94.17445700526754,339.20352495363585,298.1802186651842,179.66060291728596,93.99792948726542,91.08541235954833,99.21133036583863,510.1714707287631,948.3985280971519,2544.0579612690726,502.3024090086584,6753.001653294166,718.5659303387226
0.1509651558757102,-2.052465690636851,-0.005446087625483542,-0.6390491320620173,0.05688925182123222,-3.3675334103770638,1.265990060004284,-4.226185324530271,0.633604368766549,-1.1433719088004488,-0.5113876796167011,-0.7350045594596173,-2.194900700629721,-8.538202832174113,-9.765420159942288,-5.0990477993491945,-4.529382790883889,-15.151266199642045,-48.797396995347995,-47.73974239875044,-17.766556501423544,1.8015568401471747,-4.612667090273607,-8.666736890833134,-31.48131722857683,-131.19749806260737,-352.2377348069587,-47.274378249281625,-870.2144628445991,-53.165237592102564
-1.6380792498363355,0.1790582517650055,-0.6685408559494143,-2.7608472741878543,-3.430922965569982,-2.104984737659923,-6.66626834541276,-6.474772609313849,-10.698138428203318,-6.878809351901348,-40.14608090459164,-4.104906573217357,-64.34161130798505,-29.527200435774414,-65.85162077392306,-71.03590816011874,-17.247382453571962,-98.04227413551571,-346.6599935991456,-305.8200357865552,-185.22886684647554,-99.45674191531808,-101.86740342029863,-98.29040066616182,-535.5198183319857,-963.5660742609813,-2595.6002580900777,-519.6577302999698,-6898.673197987991,-753.8918430302836
0.26138353495777245,-0.6199212379495772,0.46126382983619907,0.2669618346411753,1.1505986315375387,0.5072800644406028,5.528795652942404,3.496667362551663,5.019473604724331,2.4415026834724736,19.213337833890115,0.8848500404149983,32.075059285113234,14.0764398595305,31.39093957140023,35.33102753732404,8.24652609530634,50.05518522274546,172.51880280429643,148.17016031361769,86.27303059109813,51.13318217814179,46.404368267576885,48.500026063302975,261.7037083205211,469.7520129111969,1254.3754476122022,255.63668167132036,3359.0161052321364,371.64487591444004
3.9174225672863714,0.9041601094720162,5.033862835893799,3.3227490031823352,9.981293983075837,5.454107834430421,17.762694748588785,16.807359897610457,23.257463450208647,14.007961799492866,91.28508565445047,9.745699784107268,154.66916057843682,76.4663229248609,159.55174080904118,162.7156802175787,35.106200875555174,232.16020789602,826.9692775143827,729.6388960213106,440.7823654004455,241.98144603519347,230.11969848064132,229.08546516487507,1273.0350350093274,2294.3197196367946,6166.870877192219,1249.9077529488206,16443.146156697294,1785.558646241639
-1.2723657469738714,-0.4768688726378672,-1.2558417709733922,-1.275966601147339,-2.6531783396083437,-2.3655874684314755,-5.657129186919042,-8.780357473176586,-8.000009621218048,-6.503935067314518,-34.38574457080792,-3.4261098238502,-60.771449864453736,-34.69808517663849,-62.80267000002759,-62.93149333306804,-16.06240241698059,-91.21953338281988,-327.21832323000694,-292.4506247005833,-182.0423939432869,-95.73725155888395,-88.63858565796754,-90.85405679095273,-499.9341532129506,-918.1961667819121,-2476.7629947423693,-497.1600473135683,-6591.936852331318,-700.7090069742768
0.03734814442155849,-0.09382695235024531,0.2743618529242898,-1.916530576106359,-1.8346673429102522,-2.200550587731572,-3.2421049719212744,-5.007745621182438,-4.915994691678027,-5.164365696135488,-18.464080458652973,1.75932693689288,-28.89791059523796,-19.034383262332824,-32.930752624513424,-36.10679434137235,-11.09936421406714,-47.6617055528255,-169.05670417445657,-157.13761054422415,-95.4390116635819,-45.99962856007709,-46.040259626257686,-45.718052317515216,-246.01709777757978,-477.8964257668453,-1289.467068423578,-250.2226437411996,-3413.530609750485,-356.05261690545643
1.4054614573408495,-3.761833884385865,1.5591018852881808,2.3294253225011277,4.43214058138866,3.7087746602751794,8.257241307137912,10.37516133212144,8.255487514873671,8.130068563995694,38.44799765745936,4.378140282931139,62.892107674359934,40.67551741132307,66.86947517901964,63.38916564185966,20.68839590022676,93.97543248598221,338.5909129815996,306.2044012069413,194.44603213797404,101.40326435025393,96.70997250445666,102.54911795841015,537.7214532657933,968.0544526947228,2631.507198347004,534.0514474552118,7010.477972795149,748.927437981428
0.6568870677937245,-1.9317543871750023,0.7889091028177766,1.2428142347198419,3.7827256882665727,1.2890306097191828,9.294883926072062,7.848984899740384,7.824879303099652,5.361360300203923,37.10597624338493,-0.3135633468198522,57.58456713862494,32.710274255172216,59.62791183966108,56.422462777130995,15.285109066881995,81.39016339558601,299.47835094157756,257.50743095248043,166.31485116835657,86.71116421168739,81.11867205147632,91.53981599027716,471.891671024368,839.5029287035659,2259.993265858057,461.4294873499385,6034.169753536063,647.0346579270453
0.5009272447417278,-0.24208797813274097,0.9667505149945125,1.145944038723107,1.8813447609748764,0.7135832827602182,1.6257720786902903,2.028498356109077,3.6082040659217838,4.399239434847838,12.076465288870711,1.4423101667070553,21.699281532650723,13.970129662618813,24.23670763613901,26.702008143842562,6.963103247441039,33.213929810125855,119.49044084977277,116.03737723898452,70.89674779453549,34.97961180665318,33.88853153405259,31.756053509741196,183.6112870204038,344.13010645317644,938.5348930604857,186.10007145060777,2487.755476398329,260.77575634850774
0.5191403756645447,-0.04094943031251015,-0.28135747906624936,1.3535858230638418,3.0442312696330207,1.9245245973822698,6.020539373856135,6.164624461184344,9.462269174158816,5.9835392288835685,31.655858009285804,3.5846347687491393,49.009007485499254,23.650053062553415,50.73365928588522,59.355660648256695,11.749572854622734,83.0312965132238,277.66375359019867,256.96795016323495,140.9279229462222,74.63811813238037,81.33729046511424,78.51421168126637,411.9626803154594,772.7259301793459,2082.017323211178,405.97932978825594,5497.923808954515,601.7071766195215
-0.3299185356954412,0.22319492293196802,-0.26943318544723865,-1.2393617819278562,-1.9325305873270984,-1.4151976120805383,-3.555320869570755,-4.397155642724457,-4.289377755859439,-5.369872506939568,-17.391563759946074,-1.9019508425665386,-28.907366767432706,-17.61870065554666,-32.116460777205454,-33.08357028631604,-10.234338223559106,-47.88487779086785,-172.28178034742015,-156.94009324118883,-94.74208121711445,-45.95252276361016,-48.21713332715072,-46.750540654809654,-247.0280582699742,-480.54246997545334,-1302.8527851927902,-247.9617544388962,-3428.843360753181,-357.3673836842353
-0.5324175804583481,-0.5390105166847274,-2.0432718172569513,-4.816607157988352,-2.412837743583008,-8.749865949686383,-4.324867132266676,-18.836631300043543,-11.302151908801918,-17.39141785668003,-45.252920047212335,-3.5650227612595375,-75.20916549309426,-65.92630325692477,-95.08767412635437,-100.91827081958505,-32.82285693442125,-142.39731873866847,-487.72092219909416,-491.1823420814736,-282.517066865171,-114.94140908003766,-138.5252437190707,-129.71961857893334,-667.5841420864292,-1418.863701888506,-3875.875376917019,-713.6474983936862,-10119.165622823859,-989.4033244186965
0.9642273266997671,0.4942369338292408,0.5979944718703702,2.226580169547245,2.24628036731525,3.230268472571007,3.694926491758946,6.644211254842493,7.958353864769159,6.100582439608296,28.263751087989277,3.105029143666995,46.84685138778162,27.052400921270802,50.78002267594444,58.14742810498124,13.669793683563709,76.24278068296782,271.4997016199641,253.4901602920222,145.60467873227023,73.17687574221378,79.16267797527199,73.06478549967787,398.43830446722876,762.0571709534238,2059.95650651281,399.1219118486472,5441.893230346089,573.9140232422552
0.9681810185270834,1.2738403238431573,0.8391830605841193,1.7150719514377748,2.3798642381857036,1.993297173586235,4.309383690434946,8.518987992266744,7.3087591565600665,4.968552138136197,26.685376000031976,2.6880411745570503,42.977578813506554,23.168365810766353,48.49631157083421,51.3240791281915,13.837252351454314,77.96783811440655,265.9008788626323,232.83337515513108,133.82009149358302,66.76729378246867,70.90200696587205,73.14659931308493,377.38628600416473,728.9002163252037,1956.550395190489,379.1863114250801,5164.814660269978,543.5040297168156
1.3248028668079694,0.8203034581376255,1.54551434387323,3.3610297625544874,3.0830396743483757,5.657614270296763,7.1546157526703915,14.092514608916465,11.081339904376387,11.833404813935154,46.221709903501925,3.4168673921835704,74.38204650972227,51.22492199519771,84.76936268618735,88.53679322450442,26.273235105670384,131.42307165513546,448.0914137665829,422.877702833928,247.81930622245207,114.89673810960768,124.11421997863278,123.9824419295832,642.5198580499282,1273.3028651289949,3454.5021742556833,657.9833058254511,9084.953947740847,930.3773673443005
1.7514687812766907,-2.5353037055378596,3.876551343729509,3.998172559116722,5.3146960896602895,9.333604416347018,9.387247435973613,19.21161217261568,15.607864361393025,13.781570322328134,60.35971807465272,2.703263188920935,101.92701655288437,74.4073084889307,111.8765124686386,107.57961436991076,32.85488430379623,157.47489971364155,567.6747591190606,528.4313141594382,330.63210869491775,157.7258818588895,151.4974333169329,160.7011853565266,852.9196819373657,1637.4228177903035,4439.714391047844,875.3344839359281,11762.304044956665,1204.3950754756818
0.02294605637295838,-0.03976641172338184,0.2452532420178255,1.1993360284713157,-1.1549272536973223,1.7873715379341226,-1.1840563952635101,2.28355500610963,-0.3394382426497833,2.7407273786573016,-2.340978474545217,-1.8174513152072989,-3.7717640958784764,8.597664901835197,0.7033440264753026,1.0296265478704716,3.5385318657371903,0.6165833439485222,2.430203171483752,17.881768700910865,11.616286431984651,-4.766702859169769,-0.9908266959887175,-2.6475915854580343,-19.265281831666098,26.241623866272608,86.63323645475052,3.0704428829128387,190.1597333961702,-16.7484469422192
0.0030371969912539594,-1.561312936899535,0.6705565218651286,-0.02511593530393285,0.25105438594001395,3.6947738716991663,0.6218126861921951,7.224987290077042,-0.32095177085818016,-0.5041945886951567,4.622819404842406,0.41073570346137855,6.452899472906212,12.243385533967754,11.914780764100863,3.0693538247023415,4.529336160977197,15.320264334905143,58.94924738167448,44.55884272956718,27.380893172335245,9.815415736517222,7.787677225478071,23.736321741957838,82.18220774965015,169.49583428231873,457.49802120298153,87.64603306562212,1190.9089174089302,103.75514624493492
0.9078027517485423,-0.7254843736034717,0.8228783939355367,1.134165410685086,0.9674752536003925,2.0165884394192046,2.6234206085538356,4.449117866918756,4.182874020961697,3.2847083484275714,15.959861911592196,0.7866147326389438,26.630066821552138,17.953329723562643,29.330959385793356,25.390352081799247,9.760386244742064,35.47270968021315,138.1122781719615,123.04954723631023,88.88754368122002,40.62067000926151,43.34464712639606,43.4422966171886,225.16914149432424,410.22409553814936,1115.885436883695,223.28002036204506,2962.1886389520646,306.14710232557803
0.3565718943278549,3.624035474669488,0.6305203284305014,1.4793454848943464,1.6781671322474614,1.6431342774651474,3.8187740972476316,1.341141073650748,5.247467712002043,2.9927447946776438,21.067671323264285,1.3115254266434442,34.75831611949664,16.631125166788923,36.3723761635273,41.49411214285927,11.639136596255197,57.08657503963539,195.0223247499639,183.5884787292501,108.27886202434817,53.53925596590101,55.5955875934492,49.583615366552486,285.5243641994182,553.0976540783192,1489.784566954435,283.6639117835075,3928.2900213207977,412.5939357480454
0.5174034679515718,-1.2552973770867675,-1.4910705032434617,0.7745214744672715,-1.1141651731342648,2.9221505601015396,-3.044809270048725,0.8934427479566454,-1.083942663797698,1.4050281800092694,-2.9547847771151234,0.20936142282961817,-7.82746900920675,2.4580686205706392,-6.278477170836909,-5.120650856311447,-1.5352111722394906,-9.129236631249215,-36.67461512136095,-13.290116527310929,-12.56683703238856,-13.431421675437065,-4.595142350762882,-5.270496976718918,-51.29756494301111,-71.66032158778792,-171.14599255407688,-41.31979611738575,-487.89059506582447,-64.10213289682642
0.8954722943942595,-0.0022261691741543733,0.1235280691246663,0.5151368386351991,-0.585394440447339,0.8469419464396374,-0.9896526267963132,0.771742566193786,0.5745346356673731,4.184461728251782,2.093501960034153,0.3041315088986556,4.37784484967107,9.217084508711384,4.812422520487044,10.907214269523083,4.16204208202733,11.362255605846167,29.034690881833072,52.456347920367165,31.10857218408849,6.406593764590852,13.447749640508055,6.827605684730057,38.28823236142378,114.02819472591068,333.11414423710283,55.937322721886986,847.6961808225211,68.42036507092739
1.5141762957868214,0.269595254401341,1.0281211732328994,3.804257474889174,3.345649323747884,7.408280227296269,7.832004213639257,18.588138262736457,14.305324859379606,15.839427547438833,54.03861532732508,5.914539554508906,88.44333450011953,66.70046309048944,99.90589846120552,108.88717589528046,30.539137249395612,158.05726682623572,540.5146731309468,522.8407533744141,301.87759361110204,134.4190004075235,153.87679954632677,149.759628199536,766.1602988227957,1550.7097335678498,4214.279453973722,797.2886555774718,11063.068353742981,1121.3748911404225
-0.3915765318834418,0.5190761342977929,-0.4060893870245214,0.784948610540653,-0.7277819736947795,4.840573642448345,-1.5603629027991928,7.071080815941619,0.73450964803426,4.338754094120562,4.441424279564402,0.2816213299325808,4.56600301569073,16.583421304552143,13.78213937715782,14.824687218138314,7.7068663948794525,27.50858427024915,78.24238351639033,93.55906100882896,43.33113825529877,6.157121142735292,21.631755999134317,19.73861768960384,70.5201569792663,242.3572992865264,669.7195376008347,99.50277579708522,1676.942776006839,130.97942044799584
-0.2861287391257091,0.12703524347816525,-2.649018618065955,-0.5547525074308349,-1.0434562241202412,-3.300120990370951,0.6778113302553717,-6.656888646687883,0.2822296894243961,-6.562337339641999,-4.816813413585391,-0.30583614362891054,-13.493334513845944,-24.807714131224532,-20.67778475866386,-21.821736473748892,-11.049344314728694,-32.37390462171923,-101.49950846585432,-128.43137537201366,-75.95952502489203,-20.604201229741815,-27.986580449352665,-24.971115666579696,-121.21510181611622,-335.0574208183394,-940.5796826534024,-159.00720591291767,-2411.116953362101,-194.40059950385006
-1.6715054639638538,-3.9352048992626343,-2.764710017698292,-4.721072234881323,-4.5950679237708085,-10.162105545206348,-9.030997218125718,-21.676732838608764,-13.689742062015515,-16.045004381667923,-64.3942908733442,-6.330684480326324,-103.20388530665765,-76.20629743778599,-120.07087449984304,-125.90557318044186,-41.18295530211548,-190.53202765607728,-650.6982749450622,-620.1598883642433,-357.5770707538432,-158.7117150120286,-176.88121360141662,-175.15054391310613,-903.6302170272086,-1858.0690669441426,-5039.2833808807345,-938.792634310416,-13200.604669787725,-1320.9884951788301
0.17026684604948936,-0.42629666134051464,-0.43928806094791567,0.034554985089914336,-0.4114457604011135,0.6438046370330844,-2.0529113880692886,0.6251867096367512,0.9288043656314544,2.0977649662482243,-3.769781584646525,-1.5344114105254278,-6.966877620087798,2.5530606599477763,-10.074319068775942,-1.3175845827911203,-0.8275691959790721,-6.03441391188811,-30.50014714499694,-4.526379477840284,-7.227376852975954,-10.481659165468777,-5.8217825211887435,-5.980520082737821,-58.178954190179496,-57.56221987599779,-136.56953932824777,-40.502405317711556,-402.217351189028,-53.470165991572244
-2.632693952603296,0.03606591301273808,0.5160182859698517,-3.5283370844180606,-3.009657026246579,-6.940116168070192,-6.099201706765292,-12.95405367017952,-13.190733932287825,-10.152874262465032,-48.14644793186199,-4.943834337770465,-77.26285744621623,-47.84714517035437,-85.78050461687825,-87.54336922708917,-22.132221331445137,-126.54712304233674,-447.06983197509936,-409.75211711863767,-243.1297756360018,-118.20952879730088,-124.90141206931409,-127.76343743615399,-664.1621725330086,-1264.5240187580744,-3417.5654367446673,-665.6548099634762,-9028.617391340775,-945.5241176471435
-0.07128545860238174,-1.7387894910096693,-0.4750683561897143,1.5065070155004705,-0.380140917899795,1.7204178805328545,1.5984197930539472,3.812709989707852,1.5684215090939604,2.5142947892217045,8.902371873188402,-1.4178883807042797,9.493247704645459,10.152082405329828,11.313914295815962,13.273517317990448,5.39220038246685,17.998472061605636,63.096275808657175,61.175238652358175,38.22046974447668,13.188329705593581,18.318115218719054,23.780443428704775,92.15294853560161,191.75466848082795,526.6804059374642,97.54919307459981,1368.5946782909725,130.98744294304458
0.08914740512718068,-0.3548853142554276,0.04299047128743621,-0.7479692245388797,-1.6639757742922816,-3.8915016805545974,-3.6811085377948825,-7.7129022982110875,-3.8833263248007186,0.5219976134181294,-18.151529782074675,2.419037326965896,-27.706592896757396,-14.950288400580977,-38.21011167790994,-25.767651205275683,-6.522620985819617,-40.56178731952715,-166.74686524374928,-121.2171102491252,-74.56886534887016,-42.71846106082713,-33.80516730486996,-48.19344077914782,-250.16298171917802,-438.6165116203734,-1150.7669824452332,-235.24118293195886,-3082.787667949637,-318.4899289309487
-0.5567255861462982,-2.7119645885893666,-1.4329051973757807,-2.953971576787712,-1.8191836180178114,-8.460924133824893,-2.2030461649299653,-17.135238594170115,-4.852382218724596,-13.295578790202796,-29.510165449401352,-2.782903210659968,-46.83321628506426,-55.01332705033654,-66.35895593611625,-66.08996022279555,-26.239803261472883,-105.06964798255696,-351.08968015089147,-363.57727446713517,-204.29890545120193,-65.88952393754587,-91.17455475651937,-89.65692408258938,-433.26607417104185,-1032.8740993823753,-2828.791061004696,-489.5611899413813,-7291.371364477578,-657.3179565217138
0.20048534958623002,-1.8505100095063145,0.4294084526118303,1.7451041196744501,2.335698597986191,3.9452200285554686,5.977040172467499,10.491437961711528,6.94895307810079,8.25202409698238,28.74106638835818,1.4040073272489773,49.58784148295983,35.12633249636314,54.59279215259145,52.80048938628831,16.248795019321086,78.07614558739583,280.0104149035429,257.3270141908005,162.6112537457481,73.24029532188239,75.50298761221683,80.54455134640698,410.70762326667665,800.8059018859041,2173.2265540722537,418.0755647536382,5728.099320876245,585.0603201003346
-2.7968732201194704,-0.23086509534996144,-3.0737544495909654,-4.990750229220563,-7.066404971685392,-10.319220646047663,-14.089750295814557,-22.919167693088472,-19.73042175964028,-16.51289029106494,-82.82941478913953,-7.489741523318752,-134.03262543536093,-87.19697004196883,-148.15708322380314,-152.42626372475462,-42.192931131777456,-221.42436928673212,-778.367043664879,-716.4992283207308,-426.39777097037734,-208.63234522090627,-215.24458252698716,-216.14632723775364,-1144.3841894528125,-2199.9024100751594,-5950.282767312936,-1158.1122205261024,-15722.120101944267,-1632.6142436939892
-2.594323682016174,-1.3263984448912616,-3.197510879313546,-4.310218826263863,-7.115366030798037,-7.844417033915056,-15.621432287114088,-21.481358493488575,-21.709526169425992,-17.354981113764588,-84.64119373679887,-6.606935332213173,-140.1255461202792,-87.70112869971855,-152.7101666209603,-156.13996561749832,-43.591648918259224,-226.471097881153,-796.0202997798856,-727.1530951826779,-441.8571397451543,-217.6982214402014,-219.18169884725987,-221.13763780606698,-1181.9753400806558,-2252.7140260285446,-6086.189235783945,-1190.1164390643025,-16107.015809153114,-1683.4788907052746
1.0362041889781908,0.14512022335817526,0.9585798919033917,4.507319936034406,1.151717052111101,8.37133934360127,2.834600940607772,15.02040207759145,7.375149734272584,15.178906921260456,38.558303867757104,0.5691704885673905,60.35463011593871,59.16160435667165,72.2674869871142,81.0210453210998,27.132219025869603,110.71837066990095,382.56956391488745,399.62329504520164,237.862360218581,89.14842697603933,110.06612813908708,103.08712629640709,522.552744542031,1145.447646407243,3140.7281940955377,572.2591818369335,8186.16389417668,776.739648240139
-0.3279746476634426,0.47631138259848854,-4.801542736815571,-2.572357546714301,-5.2415465456081085,-4.796416944465462,-10.660152131933968,-14.197465857878042,-11.830719382806723,-11.1061163475754,-47.385841793845564,-3.1992312247715944,-84.09728261072391,-57.33674131037291,-91.37562124889068,-91.33838249950081,-31.63854992497514,-130.1657122996538,-464.4909782910546,-432.51643457023266,-272.41568701461546,-130.32017353521792,-126.0560761301642,-128.0799644585799,-698.046632310575,-1335.371136073881,-3627.5044936445074,-710.0859707880585,-9600.400759352999,-984.9320215146504
-1.3699446478690982,0.919228538550814,-5.400825572747273,-1.9702056867185382,-6.33863077712286,-6.470014902062683,-11.484815033489534,-18.909565745189035,-15.063885361751451,-9.272463461560369,-57.649261395667374,-5.551899417343497,-102.64006811251492,-60.93330363766552,-111.78891536917033,-103.7984247337604,-29.831549624092982,-159.3930368064654,-570.2818697170526,-499.97164745237455,-305.29741763485725,-159.0374701807503,-146.51465449712674,-160.32410654113107,-856.7543998938388,-1592.2917827249164,-4286.378981621382,-855.4377979872162,-11391.520940733224,-1200.0505686824883
0.04550640771907029,-0.9155397926755349,-0.7846050889637752,-1.8319850230658912,-0.28638600355516874,-2.468745817004164,-0.6784109829213937,-5.092762547518922,-2.8065087689986106,-5.528067048016165,-11.556743649923018,1.40977004463279,-20.893341234248112,-20.219452858194238,-25.184453607654703,-27.631516804060276,-10.446111449603897,-36.9233326587307,-127.93610948121604,-133.38116513073967,-86.02530114351175,-30.086872599893685,-34.15815317276417,-36.525793874376035,-175.17432734962384,-391.69050806638245,-1075.383450623074,-185.17142780323775,-2782.303973503902,-263.22891370565134
0.7765007598857898,-1.0937287390770594,-1.9181770548421562,1.029753567666915,-1.9531690729771893,-2.003810071413964,-3.825907308379455,-6.256546542051262,-2.266898855765244,0.4055175727187368,-10.075092479621693,-2.478774117866472,-20.527951020342126,-13.56911084239764,-24.985668776961578,-19.962615201314208,-7.806597306262191,-36.5366155216633,-131.20281999301287,-111.57022775271766,-60.572951491843284,-31.74636252694864,-26.07508335443138,-35.36544114047473,-177.00578114017964,-357.25337230776114,-955.6703568444103,-180.51023930961068,-2513.8067143749754,-250.17875316319234
-0.8401586106006933,-1.5647720478469975,-2.282129166304107,-0.48853972037172744,-0.9328576267422242,-0.13968257788078065,-1.0014926859278912,-1.1678582733466951,-2.814694136946039,-3.455712451834983,-8.990985436660058,0.19784625687315738,-20.34153872643351,-13.861886890753732,-22.105627575485048,-25.476055648726668,-5.159022344611315,-32.57456505617741,-113.27264335134072,-113.12834043264974,-69.52894163298896,-31.58083604122527,-29.412134309562987,-19.60611093024999,-150.63427295983138,-318.5231670768594,-861.6885496993008,-164.90874080661777,-2280.368647400019,-222.57108947093562
0.28207243809654736,0.31863693414418504,-0.1372529799882133,0.33533865731283863,1.0762509824400595,2.14973912221635,1.8234645975073633,4.153465782490857,2.881828365721751,3.1274596910608103,13.661923210007323,2.0018814705928936,20.117300165145057,14.869907811493244,23.4028380588653,24.787532927785907,6.036624434414921,38.05529480998158,132.07353821414074,118.39572270307885,66.5002770326218,29.352631767755508,36.159218349897344,37.74439916197348,179.5749872274133,366.53284884226554,987.485768768602,183.65739807194734,2585.037519599761,264.10758948470374
-1.7678773509260801,0.5326477589516538,-0.6486305729253369,2.18211510693981,-3.1835468628783294,3.7933309898288767,-6.307996795783824,2.3302136669074858,-5.299926664648892,4.018845924174004,-14.539910627394235,-4.410707378675664,-26.070368406495838,5.297331236055667,-19.011233644725916,-17.134131619607334,0.9344282248386371,-26.714705579943626,-100.57644918401957,-53.48580816986557,-36.574024429738884,-45.79175002607006,-28.20234843041478,-33.88182092237083,-207.39612731493975,-237.19688384158601,-605.2002665243788,-165.8453252797202,-1736.4524165723954,-263.11579745170826
-2.2695039351562984,-2.7618895288635197,-1.8700665241838943,-3.7211616515678436,-4.019604859813793,-6.641003429250522,-8.096643046276556,-14.807123980761347,-13.101210776458304,-12.430901732239153,-53.57174752359412,-4.0982349178416735,-85.16289735617889,-59.26382596241062,-98.69005763336654,-104.5682389555405,-30.18924372132014,-151.78349368401416,-522.4373564442823,-494.7171983317041,-288.3067398779904,-129.3821700581033,-142.73343628144008,-140.2849280455022,-736.4961358936558,-1485.4150216859748,-4022.5380775282806,-760.0612383297142,-10565.226642000503,-1066.9805238964504
0.06476176006557549,2.0590468738889625,0.08346558150775812,-0.332889340164858,-1.6630239962507076,-0.6478167591651234,-3.540417767267192,-3.5926003180902426,-4.988198384360039,-3.095110433634717,-16.59663677642918,-3.521656898430339,-26.599416839359193,-10.547089268132908,-25.381654898986042,-26.858195599050912,-4.170574541058872,-43.76363659775602,-145.08988862374315,-124.31856838755482,-70.71446539883124,-40.937220274557085,-45.10735857991561,-45.51172756194108,-224.95222989253307,-397.6041604793519,-1063.8280461841373,-213.6159689092076,-2825.316268156857,-322.87887660877385
0.0847632621347968,-2.2639167698517224,-0.457112368665353,-0.6767990509889783,-0.24247774511389822,-1.4717592514516384,-0.4179691397608263,-5.342224957361389,-0.08391964584195855,-3.1035401699672898,-6.078268419735675,2.7029284032102967,-5.4896516409827765,-13.208332037860371,-16.21023353046529,-17.490982571901547,-7.27887990116108,-27.933907612607566,-86.9580301226622,-89.64982645403185,-41.475557325242995,-7.881199492176662,-19.362496002080405,-21.7087582319282,-81.48292112925915,-247.31156274640745,-669.1483491489012,-103.7815535694508,-1693.2057960056532,-131.24577276439874
0.32139026764467066,0.08620370753567673,2.2783447864586286,0.18957479706019503,2.4936424009973197,1.8330671972510504,5.807696869321862,6.309182855126262,5.116515087161566,2.5623867208484,24.22279585705584,1.7202933251122943,41.29785897007059,22.97075705134916,42.86263937263834,35.58629044760662,12.355289833263635,55.99186019349161,213.50504154951773,177.3524996030737,120.05344647187913,63.96552555454701,53.66310129646233,63.71501233978603,339.1987304976987,601.1781048820197,1615.1677635025887,327.2530441182677,4312.414985233527,458.8768938249231
0.6018133823567389,0.5414928235012939,0.3065197340396315,0.7258052415721483,2.282055935795543,2.8602390132622473,4.111587768561694,6.472394937971789,5.481008972268496,4.395337492696364,21.405838587660025,1.4244616918353643,34.371508477047215,26.253682090052727,38.86541232730167,40.40439649319958,12.951215523073484,60.11083983225602,208.51632438139478,196.12340346535547,114.85325534840678,53.671787020353534,55.96069846885291,56.19744729027758,295.1382376047776,591.3278658362774,1603.3855047658035,305.88998361493725,4225.0323257449345,427.8670111305139
3.030409828140045,1.3545563718948153,0.9571838653433082,3.1519517924847067,6.50703829475267,5.289573098890595,12.696200550771039,14.736453884616708,18.14451145326072,10.954317770984924,68.91868531430252,6.875055201966957,110.89350080769063,58.874347244973904,119.0850861936869,123.4622933431827,29.568118263169467,179.86134051295556,629.3337848670355,560.1578934958843,329.05565826155015,174.92470885717725,173.5877906598534,174.64624214947736,945.863505869057,1741.6188510145948,4688.041080615441,931.9492980609234,12442.015399803211,1335.5109043016603
0.03314393867041084,0.5589202923120807,0.2963297006823753,-0.24607685944925303,-0.3194040449433133,-0.18249346480573647,-0.203042131841775,0.9291118911863161,-1.41412171426588,2.597247871921614,-4.679421164884516,-2.135549797593532,-8.060417452588847,7.189313515393126,-3.1406762167701836,-1.2364818820578332,2.783275659259941,-1.3690286697036447,-15.962011917433115,9.355944856276942,0.09510720964538133,-14.305331213796155,-5.104752080253282,-9.108685452132999,-60.69864435584613,-24.99772615749118,-46.50770320921822,-31.03261756944644,-191.07076682449562,-62.52527971219414
-0.437090542976137,0.9249686920367804,-1.8699571474513366,-0.8150877553169659,0.05144977413597429,0.45207809442856295,-0.5182714217419676,1.086516999094808,-0.06341065926168898,-3.3166897202112113,-1.6865610007856717,3.3063833968832466,-7.028208460700366,-8.765367954118036,-3.841238938213893,-8.241934837712666,-4.600762315223738,-2.0396059906277637,-13.978304223057474,-26.75128724037903,-30.72912905317236,-9.266999327644696,-5.781847525068403,-1.928006990802578,-33.45894203582137,-69.80814435625497,-205.51050242806627,-45.274651178796475,-564.3566168784578,-41.91604136642335
0.8925067991727408,-0.3872808704547641,0.42619745302077605,2.102463042530954,0.383871573466696,6.372403575349987,0.15735213444780183,11.160369002045162,3.6343369372883,7.536435925790035,15.377675474720009,-1.190959160447128,27.07892349408476,31.932897321289456,37.78661150033488,34.246876045804555,14.728068817424276,52.7863864727081,187.2059187203889,191.16689935302023,115.77619143109179,39.37138464158726,46.854423609680744,51.54778335972141,244.81427434012315,559.8168095059623,1534.6003202395843,273.6432008850061,3982.3264559324566,363.4802576776566
-0.6131084682344239,0.9933073887879779,-0.5323003412827569,-0.6631431129561436,-0.0073136355368303985,-1.1785443018516213,2.0018865402654917,-0.7051660775959144,-0.26722415111329245,-1.9239848330882958,1.0762654287274454,-0.4301092986760528,3.893537587518731,-6.293543107306696,1.4028756247572813,-1.1772550722337551,-3.1654827464751722,1.3516476451813406,8.734777131086673,-7.379441434732292,-6.835698199301805,3.063112761586474,-3.4471950821678545,1.397835712745616,13.051554190860498,-1.0443486594567233,-24.972189279605153,-3.1269103737249684,-51.33414559054703,12.222258793773547
-0.13017378836449905,-1.8311469133994343,1.2639060971240852,0.319832399276587,3.5554631838193287,0.47802662642835747,7.502590217003586,3.5945523436701747,5.77092499776199,2.0859432064395502,23.109526862769048,1.4881132136828745,36.37537585721354,17.220971967561884,37.68098709631387,31.17499769831489,8.808467130140917,48.31932932235592,181.00174057805899,148.4411332773679,97.57409805986104,59.89265627143726,49.25501484662991,61.209015542352,312.25207253727655,506.8454403555193,1366.3205525901826,293.8342729607653,3677.68335417181,417.6641923978276
-1.8520652797563188,1.5589031382252712,-1.6660675117036894,-7.230000924415197,-5.29307071921479,-13.630845058960029,-10.119443118934381,-26.159305681001204,-16.323580622454557,-23.469159524487345,-74.86568600203205,-2.775606910643104,-120.34414015173539,-96.63901029670518,-141.07194552119427,-145.20418692584056,-45.72722934822441,-206.12179750703154,-725.2585225836743,-703.447685926546,-422.5917337676426,-184.23955640283808,-204.28262690841453,-203.37778673136305,-1042.464913160157,-2107.5027047070894,-5739.665106566804,-1088.5748526205823,-15076.668069591127,-1504.460157274238
-2.9818000427614493,0.10002450231898422,-2.1430477182801178,-5.885856848380235,-5.869893325354415,-8.122962893372467,-11.057997334226338,-19.585575602502683,-18.311900262530035,-17.609534822712188,-73.74497481478177,-7.523675259079165,-120.38081661694463,-78.00566104057773,-132.71355268552463,-138.42735675042732,-37.51720210742634,-196.74790686723637,-691.2693751160796,-646.5887567453824,-386.5637609640795,-184.37334450330505,-197.23231202810553,-193.57410391553387,-1026.1177941733818,-1967.9520654829885,-5335.260715665647,-1038.9247734571366,-14089.287865632263,-1467.0083842255221
2.5942327427086567,1.0067504291055736,6.558373113323459,4.787910401416728,6.529737954750745,7.386599475804925,9.853552396940511,16.765997164449935,16.35111254779036,16.111246940344095,64.40436309500386,6.706917808153299,112.89962377400022,77.5894874171828,126.63568616500761,131.66886095902137,38.486530431935876,184.60019051713556,646.9500721746198,618.4485333809765,372.3643530023674,175.9232827339677,180.96274156226656,168.70266130133567,949.2559319354889,1853.6610141093156,5035.6301203182875,978.1520956308749,13298.415360752713,1356.0854377771702
1.114620461555117,-0.10022199711255214,-0.34081999287224707,1.8567611522346938,1.3694808141099746,3.524425900468679,2.9310527361717322,5.028460140685974,5.147027687887075,5.502186585336219,22.862001864910813,2.098686512901621,34.649192768745735,22.693633365923127,38.19929253758909,40.986679306450334,11.375501321341375,56.086731307295345,199.1657523140237,188.33452321754237,115.66915168878259,52.7095439032622,59.30036245058105,58.439277163360025,295.9252677807933,578.0462881267619,1570.3721366456912,297.9780809791729,4129.700125481478,426.2894200556368
0.4974955522393964,0.3384918211601433,-0.1547698518552228,-3.7010959722145893,0.7360079663504795,-7.249285030197045,1.449637607859735,-9.303063162499447,-1.1601099995059203,-9.31793221217134,-13.698119072282072,1.5356056450667421,-21.294431674456945,-33.14105042953662,-25.778110005646486,-32.40848041622731,-15.476333554685949,-43.10213023345607,-147.41255385619527,-176.06396201825356,-110.16437195385112,-28.583608936829492,-42.23277763436397,-40.139047628832486,-177.11055293865687,-481.1110233681834,-1344.3685984461395,-220.05314677731238,-3435.7982826110224,-294.8681160869752
-0.20100799933004557,0.054250633398824265,-0.416207539692517,0.5983073146370825,-0.45799604149164386,0.4962637061769126,-0.7941588658978431,-1.0588048534819645,0.19208055429558013,-1.526935402553351,-0.8887403026340466,-2.485490587708931,-1.8970900128638977,-3.6768873138157874,-2.51883079073528,-3.656468588817309,-2.340637785705991,-10.090849113247668,-25.19432504053725,-28.857410175942874,-8.604862470420926,-3.422975699203218,-13.254321057066768,-7.204845918681837,-25.89615863340317,-69.04060018256307,-193.68180576061877,-35.584471809896314,-496.8184475237665,-51.96998504669331
-1.0596166773626998,0.6220906544269754,-1.115779926410963,-1.0072541327703104,-0.49874973709682147,-2.0283630213771864,-1.2994294784344456,-2.2104308303492406,-2.3488749365787616,-1.9248181040450008,-10.621489232754996,-2.5752457620453897,-19.1530555503711,-13.419420368332423,-20.07935235284737,-16.43974165797258,-5.402700807115397,-24.856062560025823,-94.55063061723972,-86.56625173008237,-59.820133448376275,-29.168796953582877,-27.426049808555142,-26.722655285016423,-158.15569900393803,-277.2663779165664,-757.9233746785475,-156.7822994029132,-2023.1502648186872,-210.41693911091707
-1.161954452631445,-1.8124114770913833,-1.2330759602818318,-1.8676847709061668,-2.384720108449136,2.656227386990228,-6.449045832361248,1.7862716709566147,-8.390290846062474,-2.5128639713562886,-28.07681924010239,-3.550144512431582,-48.11488830869583,-8.097102435818828,-44.27645283960216,-50.82945988405188,-7.236219548689153,-64.464682385171,-228.71456187673263,-187.64270976869415,-115.2747292969203,-73.36759779134387,-71.33300291495937,-60.00616768750213,-376.7001129965184,-604.6701295600052,-1609.4261992121703,-344.14513540408933,-4345.863462597576,-513.6476727308417
-0.6921760595922082,-2.11441261973395,1.070792558944059,-3.191211510157824,-0.39091037078003255,-7.966347584865378,-1.709898841021082,-13.300555434207748,-4.662251450909492,-10.085205693755922,-26.605231458696597,-0.4488157796985459,-39.9736695115229,-42.04021661264723,-55.46315394323532,-56.59046325432627,-20.66487298593361,-84.08051378583447,-288.50392532565405,-292.28220958621085,-165.77743275784894,-58.301358414815994,-75.81359062818416,-79.83894189230625,-375.2838943058582,-849.1317920815517,-2318.648039653023,-408.6577106978276,-6001.38508182957,-558.1127084345196
0.10364346775336915,-0.7048018976535136,0.6512382963758981,0.9371684432759884,1.6118328736806287,1.8619841223262743,5.450200002433224,6.588569543024702,4.984566880021344,3.916484060493523,21.159722728094664,-0.03085750227370776,34.17087081504768,22.39039360290615,33.33354541024849,37.812840359688686,12.207176870694026,56.10620777976965,193.00053479810734,176.62516235463238,107.78267103123864,48.72956657067415,48.57595847654374,56.21967846923711,274.28732717587036,548.6958798147864,1484.624471357575,281.56006387039594,3906.740944813562,396.44834914716967
0.5607021072168302,-1.1422840893237889,0.7435639331922381,1.1336370449186643,3.7764190989645794,0.2446836261598253,7.1378695005007,4.643970020818438,7.342865139280057,3.66116205946042,28.181358713909457,2.7776498687001476,49.49738103615014,17.48082287707783,49.532844603895626,43.62539367995827,10.861938843627218,65.50233879241974,243.22457676334164,194.25515429562174,126.15230295137789,80.23124503885018,66.73622333184336,71.20174291450257,402.3680227047626,656.6819588007278,1757.7837709869711,371.87968665096724,4731.483305115151,545.2957972734308
0.38624316913685347,1.3608883764424533,-0.13531670816224123,1.48462016749912,-2.5859275604179537,1.5046800856197173,-5.094726076316471,0.398554493696198,-2.338189761537618,1.7152844627352546,-7.056690502207678,-1.6344910576431697,-12.302779400917421,-0.5945903981856804,-9.695986556117633,-6.766634504883013,-3.9832435514857245,-15.580374556430602,-53.75161797064328,-31.091323356990532,-22.12129180416442,-22.52921155451841,-11.02963681422264,-18.9846635550439,-101.97046323729967,-129.55321995978494,-345.3718974837779,-83.21511737686933,-957.7750498997825,-131.09532827179254
-0.580054605460682,-0.8245597344441795,0.5252011298980512,-0.2830456926718028,2.786037110019055,-0.6395759217909417,3.1648759713916816,0.6392095372433694,5.774610724659933,1.2424641420529985,12.649854520425892,1.9244027112672177,24.59140594998453,5.327834481994495,20.916857479349503,20.762703396275818,4.103083890247279,25.66625422728215,103.56966864345235,81.2298633157422,57.68866027517535,42.09457346473114,31.937392369125288,31.034219321751326,189.50801245737387,281.70280832591436,751.7140160153962,167.7501538180584,2052.6090576706965,260.3203104892337
2.404956317996361,3.03095562887415,4.555855478570729,5.007868985698505,5.515629749761027,9.057714212398587,8.131162901605235,19.348944415041935,15.176060978610588,14.99304248120759,64.66574968926253,8.044417333724533,110.7140471919891,75.6053778085614,126.09157071177394,129.1844474251812,34.70327242931156,185.57649693678064,653.2957956348082,617.4806379866731,362.92410616524023,171.77786212088895,178.92995783694815,171.71115982229495,942.9412709485646,1853.6923457526889,5023.347000980871,965.5783866034888,13240.241477712692,1350.1739123428931
0.6458702243152811,-0.39483443912032845,1.604807605451402,1.1314450210162779,3.2231995347573448,1.3830818491604924,6.834113698157125,5.876400522531506,7.678069248786725,4.6228057219982785,31.98667119390096,2.4902977486923255,55.49520489099918,24.67178281110201,54.73372049397349,50.70510587672904,18.756892936870216,72.52795914540086,273.8435871412968,227.78816645295387,158.8066949786268,86.11911960922828,75.18764024343838,79.81194442533292,441.3211386736881,766.5733636836545,2066.8852602727875,419.1725253803748,5521.9892104153905,605.1210015542055
0.1150833013713859,-1.0099537327350305,-5.663936479896573,-1.075581632423461,-4.529346436394496,-2.3982799711379625,-8.723568766055692,-6.438914716116129,-8.47560591654192,-5.963446275413434,-35.740955125820136,-2.4667639452219117,-65.52326431608662,-38.664754343654806,-63.03066732829191,-67.6378096603766,-20.524112445894147,-93.17212004537106,-333.66303767806073,-309.21273970405616,-197.4878140813287,-103.15955736036808,-95.27617837999635,-88.34648570922741,-512.6033736347522,-960.2717107998665,-2599.0591919937783,-516.1353984475638,-6916.131779100957,-731.464207876885
0.25288329147748956,0.866065917034402,0.5442706422981748,0.8476718714438615,-0.5178762938054694,-0.219476829693787,-0.988930907104459,-0.919059467699875,0.3161430166075436,1.1116717326997567,-0.7055566594936049,-0.6893333268300611,0.695236855762344,1.0777687223308645,0.20798041094387532,3.559450973842561,0.6140675655880762,-1.6773300613090703,-1.5314715030701518,6.606936205951736,7.291716044623539,-0.15042801061129635,3.157960818384784,-4.349722372520761,-3.5952811580225488,5.08767710902297,19.492928136993058,4.0322387470935865,49.05328765623958,-3.66143433452685
-0.17530607312077112,0.38186902478157325,-2.436602374835003,-0.021463241090029783,-2.196496292088664,-0.5388800684552313,-4.989940424009067,-3.699926718305734,-3.2854126714278573,-0.2934823777784059,-14.337775984618075,-3.633972912965035,-25.586471545022405,-14.945768018080246,-26.85620044576684,-27.378092346830396,-7.814090362494473,-44.875602247603446,-146.4320263887733,-133.90945713665354,-76.48273999452078,-41.197667049381494,-37.96867720133864,-41.638481570547434,-222.53978312434683,-410.3921341067801,-1112.4675290163784,-219.86470694455883,-2943.1838438417444,-310.3762517984081
-0.7022646607448583,-0.003615093677765233,-1.2899843855171154,-0.5277237759844863,-1.7551130631543188,1.7525445308811225,-2.7387071676525356,2.0111973024300003,-3.148723466260133,0.24571445470113876,-10.555637128061978,-2.4131248832427175,-21.354856482325683,-0.43493209781383246,-16.29828245318825,-16.81912640862769,-2.0989525031243503,-21.73627184436974,-82.41543577434942,-58.95254658839162,-42.58670566424721,-32.58676322139674,-25.14358098866055,-23.04313547313479,-151.87833297731427,-214.64998726393014,-572.5979905667535,-130.5546900262526,-1575.039120466003,-201.42683591016637
-0.339754115876862,0.11735111855567544,-2.4314671728535853,-1.6554006044147087,-2.606251322853026,-0.785159540072669,-6.154504815076033,-3.62275536202465,-9.39488542353217,-3.989212158174795,-35.72833826111655,-1.3770098692181156,-61.32582241210597,-21.296771226579672,-55.907665959376345,-62.03695507840617,-12.873448137845008,-77.37002057600067,-288.97509176461847,-242.4063410186738,-158.03611301211848,-92.64646233887302,-83.60560811481459,-82.42685919985408,-468.4107419803526,-800.7320717359086,-2139.0143587893276,-443.83336291151323,-5749.391729765775,-651.1929240589113
0.7250346671967677,0.5769717591690211,0.879813361133678,0.28721405316511417,-0.3829646214585627,0.11742949716034162,-1.7122219952483353,-0.6618436694134534,5.503888973034933,1.9454583903005382,6.41352524127866,0.8207655363771998,18.95776161064136,2.335548683072666,11.782473917654027,19.573100694763795,1.3406654969784537,18.30323882588129,68.50128015771313,63.38729921138866,43.094342167180194,25.30354777068036,21.42738098419377,11.878433781712053,110.62236696757817,189.35274601387613,503.5181603461332,103.41178133235742,1363.5281752143965,166.96076781956344
-3.5478321725929343,-0.7832699762780994,-2.6995522681746698,-4.495796361067716,-7.5704712730976516,-7.959739250539315,-14.795099172883672,-21.56172743625028,-20.614854818392544,-16.834735765433344,-82.96950606847507,-6.211337087552812,-135.0165540677201,-82.56383954363315,-150.16556674963144,-152.16999505126373,-41.87851482995332,-221.03563626038343,-779.9553762757852,-708.1180372467603,-421.8053334130865,-209.0485638813697,-213.24928928732086,-216.38476898509657,-1152.8115248098593,-2188.3167805063217,-5907.809903903991,-1155.4194552933764,-15628.900313951413,-1631.3877157774687
-1.4603918920377672,4.915484051487759,-2.7776264797074535,-1.782338147201019,-2.7916589771153344,-1.5058709364759715,-5.983247231544825,-5.734123041321244,-7.137090596335289,-5.249782290152421,-28.955859640077826,-3.5283264663559155,-48.1247288616571,-27.947506507439233,-44.13978675784551,-45.186294131734385,-10.46476695122726,-60.601446522112035,-226.5289200298228,-202.52789626144786,-136.55516928853697,-69.9707925629623,-70.730952670242,-74.07086260898119,-377.9665753116249,-658.5301826065121,-1787.9269715500031,-373.94712255349856,-4788.358547071262,-519.0412323675536
-2.385909268326943,2.9874927973301495,-2.393948868047031,-2.3488627449716875,-5.929095287950002,-8.63113445910244,-12.22658580539061,-17.384683358690843,-15.10884411442247,-11.836500608809581,-65.90923347089159,-5.578587887546568,-106.40868541122111,-68.50769919607762,-110.98840013157374,-113.53723744519117,-32.2149769420903,-164.83911820852484,-584.6799360430243,-537.3937227947469,-328.1483541191444,-164.66891122505444,-160.74184110123178,-170.33691644328476,-888.8104421322545,-1669.6666836836705,-4521.790854274503,-895.3973161501577,-11990.167812876181,-1260.1363605579184
-2.5076725825718222,0.35760590957261157,-2.3298413063727117,-3.5219298143957998,-6.653742799063668,-5.384044384420832,-12.588436325491347,-14.631761117658563,-16.230459708783098,-11.568709080949144,-67.38555006813982,-6.611668613473124,-108.70796136471968,-59.84647451682945,-116.15851439657145,-117.60934014402154,-29.18515920079021,-167.13703204344276,-596.7756437556872,-535.5610745234349,-325.23220678118696,-168.7137042684112,-167.86827851195295,-174.05031431645858,-920.9614404697516,-1682.433276900376,-4542.405691198304,-904.5720904593743,-12055.991512367356,-1287.1503358430386
1.2410558530557134,-0.9185810981158774,0.8040472081002925,2.3196740784524614,2.501276114212196,6.456289323738641,5.22070307280636,13.839448860263756,6.683292535582191,8.579896588577574,35.66968847556278,2.890800652119783,56.36814737704838,41.64997475802458,67.22510291584979,64.02045342904874,20.48822057926091,98.90615983672446,348.96128731908937,319.44399249523417,189.1652473660178,86.91665062409876,93.04597280563132,99.92263334227276,498.8460595400365,988.0876956431052,2674.536049735694,508.74302302815,7032.644440949597,711.7366855702128
0.5230934311407431,0.4470006147154234,-0.9517194569353566,1.2552079539436058,-2.1734435445110063,0.5648152943619029,-3.177036606196226,-3.631201634013496,-1.7560577909273332,0.7106026658080047,-4.373552849139445,-1.031776125149951,-8.485453522448898,-4.3031859302444735,-12.472210108256991,-5.4258961067153555,-2.23576521520178,-17.111293366832133,-62.25751677176612,-39.33791086048436,-19.701050728683974,-16.691307488496385,-6.764048907093454,-18.643290579633586,-91.36087334314121,-150.26040777030113,-389.35598147433666,-82.52828698396722,-1048.979220814663,-119.55336095566953
-0.05303411592307263,-1.9351900890657177,-0.2241978443368135,1.4163370313195685,0.7735200108950491,1.4253171612446636,1.323517505250176,2.8695221180449004,4.08582516146983,3.1345018715689252,13.271870769970443,0.22365883079721544,21.250344501375565,9.455729735526255,20.02905457088978,23.00804751173849,5.2817191357759095,26.112808080905573,100.49518487460725,87.39335974276914,57.87344212788636,31.861997458844368,32.18550229565316,32.51434741149347,170.33895536736085,285.63820507245094,773.5799793955863,161.61588054545265,2073.1784806673363,240.3834571041992
-1.6313342914592532,-2.7918938013360877,-0.7581908207837587,-2.5936313149944694,-2.1723922828416646,-2.1355791791812284,-6.145043501354717,-6.380852398852475,-10.06358806573561,-8.512825030011154,-36.44295669865551,-3.2684636785034167,-57.84858114642537,-31.39977842223307,-62.2043093892681,-74.91059448625012,-20.15367960614674,-101.26519707285212,-343.2741715882278,-324.2201959817788,-185.11168396591762,-87.07266965802239,-99.63404598332902,-88.84541566722895,-487.069138640491,-962.1304070313251,-2600.2155758505273,-496.17898585464576,-6845.827401573037,-711.2276392521845
-0.016910428499815097,-0.6628783837786951,-1.9669138231636971,0.2789255574150468,-1.2716699973952552,0.5813624056426081,-3.074197958431396,0.25423481103186707,-4.151564771815314,1.33197248792417,-11.396203792388945,-0.1250677109515913,-21.670723922778667,-3.9807021734450165,-16.251514080307878,-17.147965586844094,-6.457092618111592,-21.81753377204744,-87.35633957448907,-62.667737892299016,-54.329523650960894,-33.699246903660914,-22.326888419590603,-25.34328202350624,-156.44252525494377,-242.94113514574136,-645.5630393207491,-139.82572648815193,-1757.4766138336565,-207.21429317727268
-0.05451580577695731,-0.07769572439286906,-1.8789923628056049,-1.254106374402043,-1.8105289949145786,-5.824606177970127,-0.2996269094025439,-11.456315455598471,-1.815898203755029,-7.8262753378044,-11.522331119635316,1.154179841744197,-19.541859441747658,-35.24352099218399,-32.25277757701622,-31.831136332799534,-14.818726155810264,-50.30976290328645,-165.90425344452004,-191.19471665847848,-104.48312551166595,-31.48059844764009,-39.25982659876588,-44.305909783987204,-201.3478488128138,-517.8165563858088,-1433.8062702835018,-247.52084134905328,-3691.704602822306,-310.6006859300655
-1.060150306104935,1.3338727446308956,-1.2893809590487608,-1.8505451865302276,-1.7660381659364413,-4.002337543664144,-3.2184742269583224,-6.745245145192735,-4.785079335750087,-7.4429386800657005,-23.439536906961226,-2.679778812159054,-38.00172111457582,-30.2508043859118,-41.22133267465213,-48.23036537555196,-14.376955247349171,-65.88337081935838,-223.57681699222772,-227.31030557133752,-132.28391223536005,-57.67051414262249,-67.35878214126697,-61.651319363920365,-323.6654335171853,-658.5690067920973,-1801.6830519491793,-342.5046545964648,-4733.822723651407,-473.57526471683997
-0.14190544478857448,0.6057557982579436,2.022788210392246,0.326500255882359,1.361426038099045,0.483675703086506,3.189762134436946,2.6316870055703205,1.7850524684876257,2.092491766170344,9.148140113637648,-1.9754957307024352,17.21433170664463,10.710246607586926,23.10122549106292,20.569396021164952,7.86235646200205,27.30881306509161,102.29437049281997,87.79851539091452,60.21599796443223,28.237614261629954,19.33740722509763,21.951307161510996,142.83387217328908,280.9923640520365,753.1164244994685,145.95325327863787,1999.9158213511125,191.61496891547398
-0.226888719717016,0.6643907241893766,0.20868799713420522,-0.9972821384324495,0.8355311663436299,-1.3121065271670806,-2.5949823544726462,-4.40286932007298,-1.0032731583705294,-2.117613183224142,-9.626299255618205,0.11559971265316422,-16.23584030596671,-11.790166406472116,-18.629191628371895,-12.321333690456429,-3.546641004917439,-22.675534082274737,-90.84579525413828,-73.02519953753989,-50.1962316457439,-22.506721135901863,-20.327838734973234,-30.89850529475955,-138.62419251010053,-256.23373729868945,-686.3135019043084,-140.04602450161505,-1824.295023584951,-183.16294439754967
0.2635752523531893,-0.16135881575337835,0.6773956697657654,-0.4583169959716812,1.2324571362365164,-0.19906105694832155,2.4323800834840545,0.599570887849847,2.4096064603341976,1.2312562744721682,7.5722807382264055,1.0525368472375036,15.691243628960416,6.048744037526428,13.72201474420178,14.454043713146557,6.643133197236232,20.292585843154555,72.43403602260712,61.055027214391124,42.63281513375579,23.759325813811138,16.99073044344007,18.05167740035812,113.88405216678093,198.2473488305572,535.1271192602896,113.02756182408363,1444.010907941628,160.9440055304671
0.31496735548096666,-0.3683572238289,-0.04205813238835815,0.06810979614506213,1.3270929600597434,4.81614188013491,-0.010288684499342615,6.839425514238326,1.2300620088632002,6.1185810090756405,11.067945020293825,-0.014436968542063777,16.2483120364951,23.20097052803536,20.272942657295573,23.494563190075382,10.587871323911099,34.7459742888323,116.78325769521842,131.63272839990728,74.97726676611363,25.428718237084908,38.62187103373671,32.64916417332284,146.1950566742365,364.56178715801644,1006.6378475489615,172.77703126439454,2597.7731328927134,241.70487125727468
-2.4012125539113356,-0.2983015588343842,-1.9358029387670774,-4.797844360509529,-5.133792057386092,-9.210934218662409,-9.82852695691693,-19.62329002391852,-15.090586449330672,-14.916904563517372,-65.59499958772172,-4.955217702860535,-106.46191475142048,-70.26509868451278,-117.44645040602502,-122.01974020439269,-34.0462392190291,-177.02567932394547,-621.8678061701979,-577.9172544278273,-342.2489911949182,-163.452191558332,-172.96359185319886,-173.66288971531657,-906.5454662171378,-1763.2976486562332,-4771.321586617909,-921.9867809903645,-12588.259738661642,-1302.2927886556672
-0.2887156340553491,3.7009167109565593,-4.156685504351597,-1.3337558713613276,-3.6998777790435384,-2.3272087635683647,-5.34847487455696,-8.846774008148826,-7.254864494884862,-11.737214870642974,-25.258147949907933,1.275140428137301,-49.50779511008309,-42.1537069938483,-49.449239216373144,-56.48292008017195,-21.440142825836475,-72.43177988941795,-258.11572731332126,-262.7648719212173,-174.8985565047181,-78.85621091338096,-74.25886313283094,-68.94350869741874,-384.9093329264704,-775.1512695529664,-2134.04442588965,-415.44663152887017,-5647.884250308437,-565.7092303531796
0.28997781422278324,-2.5230025780934313,0.5765402996866144,0.32864885334027794,3.3726482709046985,0.6620103870865405,9.316822370574766,5.084430451159827,7.167867760072529,2.788186653514965,32.912623624052536,4.28607152411573,53.16080840770916,18.995807611944684,49.99007751336133,48.51332524315755,9.696453488283996,72.7125517269462,261.4639114157032,210.66196552014193,130.5681696524348,83.2894570101,75.78442688468054,82.86401258917223,430.61211849853447,710.9275560997643,1900.0353592339143,398.88080631739996,5106.785879628447,594.409447218307
0.006292272047844261,1.3244958111957936,1.7576199000415902,1.7017313163627423,1.3806830013570952,2.86160174658402,2.767950996480955,6.93833717588484,3.695896275189922,6.764646329925817,16.734761249873667,-0.2318435785753009,30.32877905671421,27.60555728034072,35.44325812946018,38.39363579164817,15.268889360423,57.88529068624612,194.36000974079533,193.63237321660193,117.83122440893175,44.17952276267239,48.85740880795612,46.430574547598255,249.1125057898632,559.4756558000042,1530.7605184125246,281.4300775121313,3995.762989303555,375.62800650099854
1.2482022726154938,0.17120456079271704,1.3691754434339691,2.1299503510935702,3.283963702003325,2.7596892624761686,6.2951148845183695,6.445948545386626,9.105021313450525,5.720517506032002,36.151304758743805,4.655450458761487,60.618286933193374,30.006783079608105,62.713706357553875,64.70529284763491,15.467417590849852,92.20205755023989,329.2527141530108,288.55863668082435,175.11928337809485,93.77255868715824,92.89770657255309,90.74039246191579,498.7742760081619,911.8219537511774,2453.1612202915617,488.11101808457516,6517.889497156313,704.2194906197758
0.38182758349505264,-0.13098510758532053,1.7167403976368267,-0.331383540792745,1.062202420087506,2.5011909670182235,4.271983696459551,5.481086226482368,3.2074633107467942,2.6674984681687786,15.773793029893936,1.55390542229331,27.746693918298064,22.626027669813144,30.02648292170505,27.46911613294605,10.188902224863543,44.85460555933948,159.33790354596022,147.00401596839967,95.00067686629197,41.78032313587541,39.754534896815755,47.59594993324588,235.6211557365779,466.1803788250805,1264.0923226580992,243.9047842775836,3333.728238102345,329.885118908625
-1.1212602663988818,0.598774386928925,-0.4066807978479605,-3.7717316010641078,-1.8469410875892387,-5.579658022296401,-3.163028493239076,-10.461974561566596,-7.045579866202828,-9.945699040822713,-30.213751612100978,-2.4789973613208227,-48.304792917522846,-39.66297612707192,-56.95189280713709,-58.805144726722354,-18.61438589639767,-83.79040115890976,-290.38522957325006,-287.0436206255508,-170.84003256202763,-73.19382857478404,-85.41597612510913,-84.48421291413679,-425.4428776664147,-855.0505538727751,-2335.6266477264203,-442.58275232067854,-6127.963909710654,-613.5406337427455
-1.9580207233129097,-0.027023998238494842,-3.1701217694298656,-2.820794225730439,-5.373941068074742,-5.093390840239213,-12.486064122618519,-14.797115723025383,-14.495430211058242,-11.565279331552947,-60.61100152764069,-5.150278829651425,-101.40171601722137,-60.14602272647173,-108.95800192596917,-108.00520126586274,-30.725796423945013,-157.6948028842932,-560.72612725448,-504.93163308217817,-308.1520769515977,-156.77341849868765,-152.9186918742857,-155.4055356202235,-840.4864403521707,-1574.3024601228828,-4251.263259864951,-839.9289635601626,-11277.105831896783,-1186.4656934563477
0.33524696654894587,1.373759160707821,1.9335044735979214,0.3011523492973102,0.9678612403932659,0.7747119451728752,1.810033652298351,2.955223408018373,2.458413324946179,3.5731236269239726,9.909653874720467,2.12152360047204,15.099087441919133,15.070384913284949,19.02117441998251,24.807722116213174,7.74635763535273,37.19066084249223,115.10840073049755,121.47597506132165,63.14123077847205,23.068457619950742,33.16361494626151,28.18045601405628,142.04426528726628,335.6493092841364,915.6091874301482,161.36561005989444,2368.524195434803,220.49840856815172
-2.937036643597339,1.6164812990604294,-4.639728049537137,-3.9464667464720886,-10.335562697398531,-7.909807442543744,-20.820188128070594,-23.9447900061846,-24.563553862394357,-17.423701466549762,-99.00119282290059,-9.031180342880987,-163.498398748085,-94.38447456151384,-175.40441234957103,-174.73329025129485,-47.05954590722073,-255.4092212124128,-906.6794594010383,-810.0972674912996,-489.7164842509404,-253.98716703405034,-250.162323443338,-257.73801618939916,-1373.815814204913,-2541.0649120659527,-6853.104374519692,-1361.943947546351,-18194.13595121788,-1932.19811488989
0.18820019724734535,-0.17026431387497926,0.23833235590634755,0.703228092062552,0.7169805943522376,1.3606056259513268,1.331165038053326,3.707424781291933,1.1741131170657666,2.741396998800401,6.716803463755916,0.31099827986138945,8.856454078130506,11.442658995193627,13.826483440335267,14.792171010939821,4.318550003988703,25.33911264855503,78.21627162806357,80.36874117999383,37.93468636473852,13.146487061223254,20.266701285610058,20.596054336296774,92.52663696238278,218.1260515537261,595.2345774189358,107.23895802234065,1541.475705266255,142.67184820090438
2.1241082748272055,-0.5912124561837471,0.6380751037489285,4.498082846324621,4.699860616882816,8.61087431992733,9.04092444572586,18.592121957387704,12.569853150326647,20.63680589796596,57.235961492840275,5.100077523475077,90.30293661176265,75.0078741243883,105.01594444270239,116.36527299528984,35.680982177812105,167.17291708485917,564.7770284494676,562.9310668472882,328.89409351905414,139.7536982950129,165.34703702403473,155.16179853881596,794.1978683930859,1642.5711490213669,4486.72276366337,839.7628231862424,11746.777338603451,1173.6511480540726
0.16363526501759915,0.20419994138096398,-3.608400345565735,-0.3316390464431961,-2.3208641311658855,-0.5676305563117223,-4.33114274094775,-4.784203092409084,-2.7784640346645224,-2.9223713608654736,-13.842067687410811,-0.7762073246593293,-27.85962862191787,-19.196869794409842,-30.777338617089942,-27.232430732679923,-10.748727390175313,-42.08467615990886,-151.1211330231395,-135.54324906484513,-88.45156473022313,-42.71663611519372,-34.789567641327814,-37.46191745441473,-221.6238525697591,-425.20865117430037,-1152.783988035658,-227.94820962927253,-3060.729284039489,-307.14543032909216
-0.25316490053232127,1.7414087589636529,-0.39548609289870573,0.05655422736245297,-1.4949527374932847,4.043005237352454,-3.2429666464418547,3.2500122281137553,-4.877179057103956,0.7340200972117261,-8.961451135826145,-2.049665438775234,-17.100853029305718,6.128958507190771,-9.691697665097973,-11.788086028108735,1.5407985129138349,-12.694123800964679,-51.19867167222589,-21.030321873014497,-16.632025215402322,-27.433367279876993,-17.692749545808905,-15.508163687465368,-115.46650687952649,-104.14826135415983,-261.84148466223786,-83.19046133309273,-787.9714495036345,-145.69246807691349
0.3376799772850367,-0.8643522478892659,-0.22609561690293456,-0.06604920952533322,0.7936658599766225,0.13272331829423012,0.4294012761644712,0.3101100209452342,0.2832621037032268,0.1052114340021712,2.033385592004644,2.4547724727620057,4.520170178867884,3.659481339145028,3.014182200187774,-0.09316464237561961,1.2739059598311355,1.0929179033440977,8.576167949340503,5.765806417898783,13.381467616609184,9.417087867037553,5.468577537601631,6.47643595644822,40.681106765848014,36.1598515950422,109.24048003132418,34.81258765340367,318.3297286650171,46.57304007095459
-0.08718690404847548,0.2822742771396302,-0.1062178730072359,1.9570737499656774,-2.0518976400471987,3.2330128358287333,-3.980410928081823,2.5214394110262686,-1.1164597248945345,4.758686422399807,-1.814719855618499,-0.7117781420535346,-6.394647541708196,9.983574020387781,-4.050333335700758,6.734720148400265,1.925925469109416,-0.21808453257303473,-6.686568891833568,33.810090915399535,8.823518696322964,-14.473846997240503,6.493646914127758,-3.532087839290128,-44.85432517897617,26.693948799771228,101.15672809076666,-10.402510199332838,174.62708546823876,-29.952659893735305
0.09566718001637486,0.30533081966559816,0.2530971336765566,0.48064098973320596,0.21821875212276767,1.653233902368903,1.5041135025104586,4.055721948937741,1.400626908407711,3.52344106286646,7.376560545146277,0.5435665894920927,12.513364990016012,14.139367106413594,18.100742770247074,16.18092745231137,5.964323925325754,28.327787710162266,88.50546304461045,93.02696817995981,52.205232316919385,18.479270207943657,22.460519222212618,23.046568555344177,114.98108502542591,262.0634045633439,717.4167462095343,131.61602887548779,1865.7860825625694,171.6115379969643
2.1449799656730537,0.6277828345669103,-0.5218461370022698,3.2035022380738933,2.018283382175565,4.704545487195238,4.320081387441503,9.839729795563226,10.518684468777044,10.008244650408939,39.11201951845681,2.1845682705938474,59.15660357335584,40.42836901832378,66.53198615004165,77.15801269631191,18.894693606403067,104.42556590114468,360.6431024338344,346.6879779921179,198.08340957263016,89.17865355529426,104.79820714877843,100.9070527089859,515.3055739667733,1029.593781674638,2789.489168387056,531.6329309906024,7335.979042783531,750.9538310914487
-0.25850486326450123,-1.3350866634284582,-1.633127673401452,-1.056167148216754,-2.6147621091385185,-2.1684498977894218,-5.472283121943832,-6.655354794513112,-6.669115457538566,-4.255592833617797,-28.116395257693064,-1.4108351434441666,-49.6308848282598,-24.305534330655558,-52.262151627536184,-52.01507031466803,-13.958883922253793,-74.67868102460346,-268.45679781296127,-233.408154259976,-144.78828948693294,-80.7414386448687,-70.03204254305545,-71.96100222729184,-403.49859882245505,-743.0807583527073,-1995.325856525275,-395.9512511228541,-5305.468783758689,-574.3162615515178
2.555944680946809,0.5650177285671644,2.406082875119211,3.369663594196428,5.045965328586347,5.715070496925334,11.85516925327434,14.362133542578087,12.191347698015926,11.036272648491929,59.33894773857632,4.429239870198996,95.62308856104136,60.49019352234409,105.92219116033196,105.4060478606269,27.808367682608594,156.38112712951119,548.9631111773704,499.3034202885541,299.3403119412673,147.51937097309104,150.05270460677042,152.56168679562504,813.9062802330401,1544.9811878384176,4170.929789111601,819.7509924620051,11042.897311510433,1145.9519180055206
1.664429003209974,1.7041060257293001,1.109210436956069,3.3143637675072704,3.2837909882841623,5.834055843393279,8.121703889807385,12.740250596571602,11.273653050449507,12.086067344030456,52.28545994246576,1.958397836744581,80.92829002019488,53.32052762313561,89.90386089239385,97.63458990631358,23.489153886613497,136.716902470843,476.81102886264756,447.8770923026795,261.6241005955245,122.79835550240395,133.9094346130406,131.53103607665963,687.2240469887565,1355.7782960817312,3661.683864236103,702.6524075074469,9652.476315931795,989.9625943865095
-0.9375596462185504,-1.0234133053208219,-0.22369719749299188,-2.4160200997238266,-3.9811547926057766,-3.530543154690476,-8.60801080240709,-10.091029854134112,-10.710609882417474,-6.744356115995905,-43.32853546392555,-3.154984883096567,-67.82902015153938,-35.82154095928127,-73.45577140617972,-76.16914948878222,-15.629467212136888,-111.14442700330359,-388.50220500879624,-344.2001860162807,-197.9820564071776,-105.0646856471603,-107.82597141522663,-110.47501518159693,-579.6560525161061,-1075.1368222329997,-2886.996792952846,-570.4359322958679,-7656.110912195541,-827.4646286541882
-1.9752790107168259,-0.744258070852018,-1.3998080807698943,-3.136671451940221,-4.4916591556471905,-5.692209486404041,-11.269967456732257,-15.240008500339329,-14.746853663894548,-12.823768329102162,-63.65217451095278,-5.032175011754779,-101.958494924583,-59.02105244597048,-109.9970613648065,-115.62793645952658,-30.45376710989824,-166.20669989720858,-582.5559181233095,-528.0658649180191,-314.5678002621091,-153.66331799297177,-163.2012388065773,-163.07374376535063,-856.2489995966075,-1635.131287625601,-4408.472926188295,-854.5253249305438,-11645.799508707143,-1221.5843954228908
-1.601688006906111,2.861029858301566,-0.25451056698407926,-3.3511530408743817,-2.78947060321781,-5.160268220052654,-4.762383212397846,-10.582741104873435,-9.437845867396485,-11.063521749892406,-39.36543697856862,-3.2829159635161216,-65.09515035053798,-43.65998939122057,-67.90007068831828,-70.22191908913604,-18.83812289948857,-94.00314268886544,-343.67536927043636,-326.77545738985043,-208.7354619697249,-101.05821408443201,-105.44123036936642,-102.1743460278086,-539.0238346024141,-1005.8509493386794,-2741.761668781489,-542.3536510713396,-7262.255568723477,-766.1948269530109
-3.3119880111957407,-1.0162384083606546,-2.470033452547775,-5.222422532106879,-7.271665775008873,-9.25770004762356,-13.0676836998156,-22.646383867301374,-19.276269693111935,-15.334413065901696,-79.85620542283041,-9.668623051149108,-132.48432398920454,-80.43186709172728,-146.3936565475535,-144.82918079114947,-39.42632451232676,-218.69140471782742,-765.8933278397444,-692.7520497883438,-410.5102075495593,-205.50172495346453,-207.9867934808415,-211.747560320294,-1130.5223504691496,-2143.6668136208973,-5790.154169104184,-1132.4146831367275,-15311.291090364377,-1605.934262887338
-1.6666120360405579,1.2336425871967127,-1.6385319693628153,-1.8310176914637135,-4.198303880663012,-3.6836191397841964,-5.414784529528262,-8.309435423529807,-7.4899895819541005,-5.293532191050934,-31.857706917865695,-4.4163573424026215,-52.6183471707206,-32.97578903751475,-58.36224241677407,-52.54485241287168,-14.856373667671074,-81.55195615324388,-293.6121606979673,-260.01349517836354,-160.15207499022327,-84.02458909635058,-79.42834301781652,-84.57523097121278,-454.00752456710507,-825.1623823117362,-2231.9506258237816,-449.54649749873846,-5932.676075766381,-627.6783515256437
0.455727692017222,-0.015564792462396646,0.8313094974094108,1.58451293850517,2.489180609918427,3.8266853927494684,6.350381665396775,10.668614067531093,6.6880431927076165,9.091880677305321,31.393978057323896,0.7870456641301284,51.01510094203785,38.70336136375924,55.15163396227676,60.086488549067404,19.17568157429868,87.61516258479783,300.0388067908,289.62874580977086,168.60238050218845,78.29205049855281,83.04011067409964,85.35776009321725,429.92981974999896,864.3769948305103,2348.419087287747,447.7713012511634,6182.822575817501,629.6476122132423
-1.9492747244532092,-0.7042846752244619,-2.3362936463424266,-2.566541035140845,-6.1403848092357975,-5.372378982628121,-11.709400022572733,-15.488960644866113,-15.203364409700693,-9.810414559857092,-60.595846784980736,-1.9497283684137692,-100.10271606845177,-55.95686574556466,-110.62344264107378,-107.29192971969955,-28.183958815836714,-156.05443055157903,-562.0918587375631,-489.7030357237802,-299.06051285210236,-155.36670278442188,-147.38885974473794,-155.89400612010783,-837.6152452476514,-1553.8955110699696,-4177.5896175336275,-829.4635019002444,-11097.441385682929,-1173.148900479079
-0.4494933926189664,1.352858821184903,-0.8911981748912288,-1.7415450246554927,-1.377150837329462,-3.9438274102392468,-2.614515641200691,-7.5546517581807935,-4.51810705848752,-6.035136247368614,-19.623444277227293,-1.1431128399508623,-32.15388672175851,-27.42516953234127,-39.348928563279195,-36.30171500033178,-10.418691096688097,-52.96511188968602,-192.35813314856748,-181.72503806385777,-110.13318508474421,-49.16603928433036,-50.65924715169158,-54.15419990359605,-280.29119280443314,-551.4161996142182,-1499.3379293832918,-293.7827840478158,-3958.799638661803,-395.0218960013154
1.1703788595373321,-0.11584808512516948,1.907311264556939,0.25091160109889166,1.2268560969393176,0.4618102386567172,-0.50369298462414,3.446511230766725,4.1134791396637045,2.457338292101351,8.637355067420275,2.6055538441694868,19.737647382356755,10.724453399115147,24.291804303984737,19.75239061003791,2.875044303303577,29.00472464322047,106.47621316343492,92.70372794117091,53.39358108766984,27.908963419967396,26.732546493649117,25.84279527815761,162.75875796998528,289.74771928283747,774.2453637006453,162.77498819783847,2075.8076681105026,217.94134610603612
-3.067359938670631,0.030082688541172888,-2.8511472331293692,-4.691915028681521,-9.064709253041176,-9.117106612781752,-18.323938301286702,-24.701965639430174,-18.162546095394916,-18.66504863470271,-87.53996387285632,-8.953713519933064,-139.91559439463208,-87.33930422334134,-160.8089040896301,-157.07546096942932,-46.05468551881299,-239.67753878586308,-833.3774526979845,-751.4758443698175,-444.429734568969,-218.63267584705918,-225.61159450694333,-234.89120354234257,-1223.340635003572,-2334.873749985682,-6305.153351316179,-1225.6701142913842,-16648.457111928663,-1729.9400942476634
0.991383325626013,-0.3306358670891748,1.7930926891384056,1.3748345529920079,3.0964433990742624,-1.5269055014151025,5.933740232117858,1.1793208419742451,6.982924434756033,0.06098433188940566,24.823197800320425,1.1749849457907702,42.3396938248923,7.2870249790252455,42.102304850979294,37.7304317818243,4.1151457128842575,50.12401355282744,195.49885651926974,139.33386459022245,93.03310235074144,68.45561882778627,52.00111825141206,56.3142943521575,341.0536121349835,507.5251375311791,1334.6675885400443,302.93075979205906,3655.130877045968,440.9938450519706
-0.5732161432064542,0.20567416212513331,0.5235712980292446,-1.1169954095566759,-0.41595481899223863,-1.6637672353091733,-0.511341405733937,-4.561398056050237,-1.657447595873426,-3.1033356830331282,-9.591648479713502,2.077689101484106,-13.281278045724376,-13.879018086367394,-13.347247272691924,-17.78780428756127,-5.456341505273188,-25.92573166207688,-84.73903867687628,-86.93308389042919,-52.473051152670074,-19.94385180379421,-20.590804916703714,-24.67456364617346,-109.72269978998402,-253.46754045537497,-692.3101354053707,-124.61196229893855,-1803.7065165014626,-172.21557776815632
-1.4425276043845894,-1.1176491090489327,-0.031836660014375795,-5.220939140635158,-0.978499521236885,-9.398614196125623,-1.780113790867668,-15.234151528089953,-8.747470230847636,-14.479400194678867,-39.51361449821944,-2.9230787749229865,-61.147757647130476,-55.86573021170761,-75.19800859526289,-83.406484704375,-28.574470978481248,-118.33015777451965,-402.52665247713816,-409.3154242695681,-236.536483656631,-90.02017244678886,-115.21432211647681,-107.60248026843998,-543.3149829009503,-1185.6195229478792,-3241.2181332918385,-587.9001738413765,-8434.601722800986,-810.9184616196619
0.500008227879968,-0.24569202654072572,2.2376689770995744,0.19196815734490547,2.5785467005734475,0.23103078529406634,5.6755404178074516,1.8127944018412585,1.4415116766443443,1.5357176306076155,15.998964775805657,1.7750548981685819,27.765086793507134,18.117592716916484,25.472893104803696,24.919012295891047,7.513993482680324,38.57752255775524,137.11300071996402,125.46662245335895,82.71283739591296,43.834101834817886,35.53036106175985,37.85187111461607,220.02947855666625,393.95624683978946,1069.6709781895356,222.7040583482557,2865.4854790359745,299.63658089173526
0.29825199587327483,2.7940108612611985,0.11767306163621455,-2.192266964954466,3.095724364680779,-1.238743005775531,5.435911008175859,3.6405581038952253,-0.9335183464347545,-0.8484281569884062,3.798219756352846,2.293094042826748,4.854269821444547,8.443150415972625,14.14639646585004,5.672333533915479,7.3590321696681205,30.596251846977083,85.15133561048007,69.36883426716246,27.660609565098007,11.998653427628874,11.131355320183209,19.226950753599894,81.39362985804512,208.43866230390216,555.1393525245882,93.78853449521353,1422.6912695989486,123.35589656115894
1.4062686335270012,-0.6611314661804584,0.8053424779042542,3.804010449817384,0.5661696033322299,7.017855543563381,1.239507761422133,12.067389679516168,6.292822292548086,11.045365112711409,30.338980368207384,-0.8960091771954763,51.02947929035945,43.989740535397985,58.60780127976682,61.84452604853746,18.878710564592524,83.97342602218451,301.9781211797597,299.71187622988174,188.48335775399465,74.04839089389061,83.32462335583028,79.948063376494,420.09905505925457,888.0964733765552,2423.41316932811,449.9364693618799,6350.420598944257,610.8604575369591
0.6351463982044552,0.37611020395715744,0.7465075820141079,0.3566716341791172,-0.042183833081031574,1.9413872262281093,-1.8176407652648099,2.8319346998171016,-0.13601579021706847,0.8549925034464319,0.2427047103892526,1.773742599858331,0.6503597909525938,8.387436127051998,4.759792779898006,5.1374101845037385,-0.11764986652901932,13.404556762425617,33.9646109531373,44.336065192676834,13.104344071065253,0.7116624525131057,4.482253549743146,6.432616827290691,25.333962213860318,99.72490516424217,274.1588021041036,44.569179333199095,689.668586474853,45.722666710940445
0.9338486254340331,-0.4301982740298744,0.5355731616766677,1.704693777526617,-0.5057619893476828,1.799176207738182,-1.1725023754244082,2.6397155627519813,-1.4335783041237398,2.930258117844338,1.164868970426747,1.037219515504774,3.6487635652084616,9.867455480870047,8.54784805152896,4.839774900272683,6.103755459847487,9.680811900880693,33.902719954119185,40.844424908197375,31.866302222468413,6.264827975803836,7.681405053945133,5.921005499507224,40.683630978342066,113.81066233084087,326.62382735434113,54.656960520798236,835.2986443802841,55.18985149602888
-0.5725784372279803,0.79174451014722,-0.28522718520944984,-3.522109935050044,-2.1403820056571496,-6.206578503985957,-3.466056875811261,-11.301474246953674,-7.108442673847263,-11.45564263962284,-31.90927292603108,-2.401712671488102,-50.05360691978694,-39.873276674051226,-58.87535048306952,-63.753946472854636,-18.87749840625101,-88.73575444375639,-306.6844497818926,-304.9930584801406,-178.9724562499907,-76.29826592040976,-90.51532178823756,-86.26987163732309,-438.285112155572,-897.3220252544561,-2448.588547430339,-457.85499579950056,-6409.119757631524,-643.9758183275264
-1.0359781459476354,-1.3403756625724867,-0.3950504346953253,-1.3499984190791894,-1.901830254114191,-1.104385914215552,-3.207153660147694,-3.6012178016120693,-5.957873988152505,-4.508859350605692,-20.767731645447412,-4.392534429198623,-33.745541615288104,-18.703911455823025,-34.83185427129789,-43.3332917543016,-9.404119205695647,-61.129493395589485,-201.02494956546354,-192.88394353588544,-105.72252190738554,-53.2859004112721,-60.99180429492737,-52.95952095421145,-289.69304149028943,-564.2984389424244,-1527.3431341310518,-292.8463563246972,-4021.939700735732,-427.6580564633984
0.6956092154454794,2.8074632738644545,1.093775825848616,0.7422018732074271,2.284456323582414,1.5210598976255745,8.418312336671296,8.314857081466705,7.85313120719761,8.182293337792423,32.345460548079544,0.9236368402854391,51.23972477470852,32.23994089370558,59.03968924849639,67.82572343144007,23.03050018241154,100.18995760693811,327.69097023507237,310.956893855839,174.72523730045734,77.69608350255504,89.32452324676744,83.62246463455975,441.5537752108888,915.7756397070543,2476.225737442845,456.36362848221626,6480.318026679208,653.6845989743892
0.9510620026834745,-0.0969745730946989,0.5600034137848968,3.2009144231130016,-0.42577623784430174,6.348719846107048,-1.4148778299726719,11.436584327933176,2.6542136965532945,8.792950703926335,14.432013788855532,2.58462424903015,22.70490478365257,32.64657767803313,36.10122446330357,35.13441633908001,12.929527819059361,55.04153624757794,184.8986760273646,198.9962495738123,109.25074943464591,31.748463411198387,51.903334564951976,49.6892335450656,230.6737683816925,557.3537105987081,1532.6451366935596,267.36405690272636,3945.666592532411,347.5093072796692
3.9638577095802794,-0.7505624885152202,2.4405232408077895,8.21599144493825,10.510424679718918,14.529950145002148,20.423456869433174,33.806329231364145,29.61206241181332,27.307787402352112,122.73734088833234,10.878633831201105,198.039169912326,126.40174285208792,221.3801907229397,224.35540515218173,63.19044929406685,325.0361662104112,1146.3319650847056,1054.774852666433,630.1192899061107,306.16344108809045,320.2740928825359,324.2504100158781,1700.4308408731135,3243.317796431925,8778.724656935554,1709.3852900235895,23190.540676034143,2415.0247061094506
-0.19208665597027128,-1.9173669471960717,-0.32104120957949855,-0.7554802314919606,0.6033588946014907,-3.0511901981916076,0.7556928412579229,-2.28849394066439,-0.36287710236649007,-1.9406759087095318,-6.102136200050161,-0.64141916388463,-8.67718573693275,-9.620303289981331,-12.826789265481027,-11.236599765761747,-5.294992658516618,-17.965913565418614,-66.6375998576411,-66.58168202379088,-40.720512885648155,-11.536175981666936,-15.942950678927527,-15.03956441683076,-78.51006609709886,-198.32419666997097,-538.3889562507993,-87.96651123725294,-1378.5417969550954,-114.86275266669875
-0.29566562760831294,-1.0802347640689212,-1.5185045332792744,1.1179335614903958,-2.116943407911429,1.9293260005954322,-4.240758110715989,0.7810058877323847,-3.645139750123634,2.0587155696074513,-11.678085723846962,-3.4747211091615364,-24.36603063126125,-0.748337965719059,-20.733817640629233,-17.065939805344282,-0.9201894035589302,-27.84807376668541,-104.53832896326546,-65.25301432093308,-44.76738069713317,-39.42053821812672,-25.952234558999443,-27.443058955290162,-182.97942813496394,-256.42235250261933,-664.3841623003169,-155.63588593874002,-1838.49392355346,-239.55096704322378
0.8048073227836415,0.04035116486963611,2.2333478973960768,6.232696250557913,1.083950097107509,11.009700419299984,3.358079481625853,18.91679847970594,9.988408333501283,16.500964263361254,46.929274099260894,2.068905990456509,76.74878706523091,71.6509963058107,89.63923785842826,97.55533200573548,32.76283828081572,136.41404113516072,474.6428216551767,484.01779803370715,289.961408938904,113.07814804732618,133.15709518200532,129.45763463570358,656.5267272690298,1413.139716854274,3865.098262868792,707.368481413094,10087.69141956025,969.165541715934
-0.3833019154546197,-0.3945157425021253,-0.7106429383303169,0.4024949573292329,-2.2275551155589355,2.0510034695332755,-3.869741417885895,0.8982613148613053,-4.488260418838777,1.8585189905508948,-12.499383713049342,-1.4565644592589648,-23.94708745837529,1.1544313141389893,-21.2143113415363,-17.652385804834807,-1.1990428648859155,-25.508825634474547,-98.40966330238064,-63.84892806061566,-44.2310540952527,-39.50657760817158,-22.928387046992786,-27.588010198000894,-181.88536200743653,-246.30917336481014,-638.1108500583036,-150.20189959493453,-1769.951555225002,-232.53484289816117
1.976990743839382,1.0722627035622119,0.5899053716526561,4.52139630526633,2.303015516749557,7.441285334343707,5.923596367357943,13.905299523663183,11.472608647201096,13.764748701115693,50.87953521508869,3.5111758563341384,85.0984097988067,54.574630540589915,92.88407372772355,96.1335809380271,28.666756744572915,134.4446012275251,479.4621918970263,445.62978492340403,280.5505179886135,125.44371423646818,132.58013217911255,130.64507018357412,701.6604892945248,1373.582158978288,3723.6467680121846,711.5738053526304,9809.634902683252,1003.4574342501608
1.2616919766063037,-0.14876100835787995,-1.851846448314053,1.4414756606274546,-0.6840615562987269,5.31118519515437,-2.228365990710344,2.0327361022022883,-0.1854504085621964,2.1228740999564506,5.585660586391662,0.9798176907466143,5.634042084203166,10.833002814507447,7.666264272577816,8.530371679115891,2.5534209176884124,8.670575013111108,35.168317942097175,50.350864324667974,30.676447551616327,3.840148417680147,14.664361029031575,12.533494311536003,50.10204796797405,132.96131224648917,379.1980010630649,62.911560769872196,961.6244326795778,75.42122833725797
-0.15316510179384396,-0.6983033604873706,0.2081007600295837,-0.09308561389331949,-0.06130733638813985,2.3122618470115235,1.254117267102942,3.5355449872432088,0.8652814599703221,1.1762995354067896,6.618679292085846,-1.0654082434587462,6.977123249314115,10.592343345864652,8.559162989330874,6.964014341287545,3.646683971598514,15.923650181313015,52.84912106852474,49.663079836147475,28.482759379671446,9.27946611659865,11.625591753258034,17.440207088503637,66.11831889770346,157.25073091114868,424.2939223769877,74.77766898977977,1100.2455366211818,96.55097127857692
0.6966375359355157,0.26695173601352257,0.9417259743917838,-0.825287127606182,1.1210171099589101,-2.1918753660261774,0.05447119385317478,-3.3259501917018337,1.2230699630433326,-0.6815214149169062,-0.8523319049087283,1.8811117741072145,2.8890288959900636,-3.5853529076594404,1.920546763432475,1.2745490477447579,-3.1760669282959073,-2.8787404935930865,-5.030720543010698,-6.423486875459419,-1.9245865057242364,4.578581631846316,1.869788603070603,-4.504603483572943,11.12136550040932,-22.113333361011485,-59.09021498176938,3.9672118324509267,-117.77710033908093,5.659190070305126
0.7114858062950715,0.5336754263993995,0.25115562504947414,-0.45561124055245106,1.0168806053561503,-1.184395210334043,3.4777889740295485,-0.15276915241348782,1.3205497134868294,0.4023479344396822,8.195295572277939,4.269905400602022,14.589205157539126,3.6046449030746928,12.5290426558885,9.618578010860187,5.3679984867654955,20.56741494823696,71.36464830987298,52.784849686971796,39.15837330132927,22.591863514468233,18.169751337630668,20.228822008946317,120.01293865958165,190.50797862613962,514.6663046013803,108.19386833236986,1380.198096456053,157.00650665225334
-1.578677222691189,-1.0963633719723258,-3.3510133650770744,3.4367112647520246,-1.1747584566440645,7.767412509469435,-2.70147750420463,10.343482223406374,-0.22246259524830053,10.206133301852695,6.449848638137676,-3.686351205094912,2.1023588853952084,26.863103342716734,14.858980014474229,21.182938822388838,10.850667045275209,28.276634328091646,85.71210018340417,129.42689161652194,59.850709746788986,1.625745891010014,24.332336810572446,26.973457363280676,62.8633129236801,299.12026564203654,851.3932968945165,112.13750283636371,2086.4868447223935,140.18188647148875
1.6352985003076863,-1.0929132612884467,1.2602431353496257,2.346115341952093,4.06319364643994,6.940223088606467,7.433500227057778,18.101144709441993,8.874103624038959,10.571749335417751,44.812201327923724,4.375457052010909,71.59716588152808,53.939348166325935,84.20347367186216,78.40460952345728,24.382880308581516,125.48200111781708,440.9211506489357,402.5873029228968,237.2687729236795,111.64528222396879,115.88307285780931,129.24925315010603,637.6941317059961,1252.3123165892302,3387.6570272322047,652.8879686405676,8923.687570910419,906.654079005294
0.010560309196808889,-2.612610204264218,-0.4646903956214763,0.7038090444961008,1.9601060070969722,1.1499578763150322,3.8339541332112237,3.560696031824348,4.412079067717161,2.560202555221995,16.929160749906156,0.8300552137542491,25.901702170152014,12.4913259404524,23.908231626647826,24.003563865986912,4.647445764922478,31.050232717357655,121.80644665437366,102.2235522915747,68.13304134238584,41.35439509100976,39.73336913493192,44.05366155321638,215.18996670196427,348.07920274921867,939.66680433314,199.82588291106356,2527.9295475768904,294.46636251074966
1.058185376963385,0.6401829402298886,1.3818217224767588,2.7438315325633447,1.490714366850638,4.507997928543347,5.029047273202841,9.657077006977442,7.071028661647092,8.60173763089693,33.52236381525006,2.009141906403438,54.678242101625756,41.82355458005059,60.923613525868916,64.47061530377451,21.851502641912113,91.61228464979673,322.3076461844634,308.59494983731753,190.27432468583874,83.02896947387802,89.52369407248709,88.98576981939772,466.1499868935677,934.866387780452,2544.514058264263,481.5116184123785,6686.678415789834,665.5138619399531
-0.44613211141951575,0.39691534458715383,-0.16050195414724927,0.5027411480871672,-1.1178896259838744,0.9607827321000141,-4.520598804875189,-2.370107416493103,-3.1443751920468226,-1.5855649816233957,-12.588351364324476,-1.8161627990802094,-20.545392144183836,-10.547311941269893,-17.82978958149456,-20.366720927276564,-5.336955128874387,-34.60203956735034,-112.80369042399134,-96.12375868405701,-59.147275964622864,-32.357272697593515,-30.69036792880682,-33.79535748454713,-168.25525304820218,-309.19361751965016,-831.7356871883213,-166.01600218266205,-2211.4157298880323,-244.49590401248503
1.5656433339859808,-0.05207070017374084,1.0816038676066495,8.00480005071122,3.474454346278801,14.915323247870118,6.402305683909749,24.211776443830445,15.777779951129265,22.552455653854047,69.1684648968051,4.824931932833531,109.40285119543401,93.1437796184098,128.38514762722855,138.0410670867119,44.358978170248,192.54521058137053,674.6626410400521,672.855477266988,398.10022575218403,166.07753519827185,193.44891993346093,187.95049417967866,957.6800908926651,1981.9613590675594,5413.587370783311,1009.9181501712749,14167.235015998474,1401.0163057513264
-0.25051043482528856,1.1658453101162045,-1.0542012518796324,-1.1523739014913494,-3.0553100958050363,-2.6828290115900684,-4.689241969405971,-5.9558817288760055,-4.179402499876513,-4.324029587903424,-20.622386747262322,-1.8844385385653895,-33.79838030295283,-23.324720177695472,-39.82963074781126,-35.19501088275907,-9.999853704290025,-54.930925840962416,-196.6210685106427,-174.95614893272108,-104.66321397281844,-54.792512611439676,-52.4743151805044,-56.52927244669854,-295.5931398275816,-550.8211118056493,-1488.298540790228,-299.0022544322569,-3952.4929977110905,-412.8395505658676
-3.831581778992374,0.945051140609406,0.31279214541654454,-9.01161198893749,-10.838632609605707,-15.620771351692083,-21.2980156090715,-35.825373318029825,-32.028546520242614,-30.400695126378224,-135.03483963212497,-10.31474842340242,-212.29382448562208,-131.20813872647426,-233.96813435395057,-243.56961953059587,-64.92710250800509,-347.24932155128096,-1223.0280250343467,-1122.2093691076388,-668.2958827251565,-327.3155120228272,-350.85105431522436,-354.1255386684191,-1822.5930203784405,-3464.294018110752,-9371.06363099503,-1824.781651901443,-24755.160192142324,-2602.1784241482464
1.6647601164025085,0.18718383307597616,1.3893885055096649,2.62625616954823,4.1628753196560035,2.4690368886153564,7.170062528599875,8.552009713574009,11.241037268088597,8.577366752359325,41.45099489213324,3.7526023163904325,69.81746333609517,39.28770000955363,72.72225303719752,77.24605282006517,18.917045513362275,108.39158514328649,381.8273222095626,347.24062728498916,210.29260457784875,108.4837687198323,107.90931470858344,105.88656194948065,578.1800522504763,1075.1171343696094,2905.1630780138057,576.3175679203682,7709.885938430244,822.1260164154145
-1.7006032493324967,1.3338634459690573,-1.0454036709019658,-4.229013387060276,-3.219861872873732,-9.94794266446122,-6.420827692604564,-20.12023545171302,-11.971916738401426,-14.64942454622199,-53.44209765017573,-4.834097520832015,-85.42243291219658,-66.84424972211679,-99.635282831278,-100.02676463653147,-29.22103179574008,-147.99267856086215,-518.1849726286532,-496.17682784196484,-291.55371069216295,-131.10533907498683,-144.0019998582652,-150.81774783526643,-750.4067247838784,-1499.4620907062856,-4075.448312203297,-773.9807470359584,-10706.162746204445,-1081.4935201967185
-0.4484342887133994,-0.8875030519352379,-1.66927753481652,-3.864498068659323,-2.1520605910981447,-7.231413981854717,-4.442475732829984,-13.469069154023966,-6.1085592230960675,-12.30329192861762,-33.708877091251175,-3.421224922351478,-54.475248825212454,-51.26360179344224,-67.69126139241745,-70.56674704341698,-23.69299257883384,-104.74130757088096,-356.4406815546848,-359.98704014896583,-208.8329088399253,-79.73877226903737,-100.59108617456519,-91.44012626457871,-476.3821396164787,-1037.3299604067263,-2838.874866614517,-515.5767494719275,-7385.9440515737515,-706.3224847103478
2.3038252026283415,-1.4968271687343662,2.027054755630541,3.5777154849573614,5.23937279513547,6.109096006523951,11.959623511551943,15.423151256334808,16.905636365014075,13.657749241408283,69.4967986585473,6.176350246515381,114.55031477254893,62.877152662747484,114.91781612229947,121.91807408373695,32.13743447175912,170.2975675576653,609.9703150305478,551.1467053766198,342.3061003728353,174.0699414153309,173.9749781918264,177.31040601335823,936.8938851879677,1729.7330882455956,4674.9729259967535,924.9979195089452,12402.591325744286,1325.8958871754685
2.314802359544044,-0.6171139344444301,-0.8329911353476533,4.761759770605289,3.0027805222266206,8.13244694094461,6.577986953902251,15.421953205166368,12.278059077799554,12.437506895541755,53.13838926565754,3.5771877214716774,81.46551092038963,53.84018524854858,92.51469894352869,98.72694818930347,24.475457380800353,138.5759168515629,486.7383168181357,454.41187452711006,264.2831795475899,122.96869145435853,139.2068849409226,139.38680326152004,708.4702836568788,1383.9615466101654,3744.8066763584766,718.4323360994205,9860.419663181041,1015.4446839775509
0.15885011049531855,-2.1700341993385606,0.1527532093264682,0.41123443745108135,-2.664151900309698,0.7239383454925792,-5.167514287969464,-5.546514300166683,-2.9105154011255254,-1.249033020754571,-11.673176587843084,-0.6482023249345055,-18.045156058276884,-8.289794238296125,-27.824280769589322,-22.41483854393238,-5.728832348230126,-42.93724601164958,-141.7154734788718,-112.1099331597308,-53.78325935468588,-31.518203112140608,-27.686661124501356,-37.601510388245316,-185.26563128203273,-358.83052274828844,-944.8145503101057,-181.53663461640588,-2488.684115664941,-259.1891738353717
0.3060828998305793,0.06436686227399858,2.904769709737539,0.049702819153929934,2.2256314605110354,-0.35430981045302423,8.08659937718417,2.6348055884937707,6.261909989212462,0.24961368263278816,25.517593694751678,1.2641330153692818,47.938143294450114,16.49610592173311,43.119166109778675,38.93991688793499,9.748945102312515,55.20411826102604,215.27619006943587,165.10568659397208,118.49764718339408,71.54417080045097,56.19429580171629,61.233632268145385,360.8547360325252,585.1613656768043,1557.084812847815,334.5103908401244,4217.832507547836,474.09655703595365
-0.10882089146201093,2.065234024842021,-0.3605563900450854,0.1847044518783675,-1.4799988709405345,-0.6224758240157372,-2.948362322693467,-3.0889827995445414,-1.4678106439906715,-3.1746049577561806,-8.474745002984877,-1.0665020433635701,-11.987570672264706,-10.657551519180664,-16.08790833687364,-13.909713779397343,-5.134416557657125,-20.53986308340847,-75.79676568024625,-69.9069323653755,-39.79713742140938,-21.285759902211815,-22.48435107811077,-27.232114216861795,-119.55242853808049,-218.5204216239067,-596.1157854347997,-119.78155904780176,-1578.773055695814,-166.6417186912867
-0.533716390687315,-2.542276287769717,-3.027521813950998,-1.6724534415248038,-4.713409102313801,-3.497648031763781,-11.310616931367635,-13.16982077664593,-10.707429907961442,-8.628220606578784,-44.30547678409329,-3.1160437418673443,-76.23916033315679,-48.65321559300848,-84.28217284389697,-84.50084826502093,-26.196667277720884,-131.39485805195625,-453.17341540426133,-410.7401037463701,-243.3753506043861,-121.41636744905081,-117.76595223833696,-119.34552473955073,-647.3482833429813,-1262.77759338747,-3404.383271146342,-655.5032750881786,-8991.317111012648,-927.0590935419967
-0.4195704867582434,-1.4096865247784198,-3.156539226208423,-4.259850435639497,-0.5482256334827311,-4.694881102612128,-1.7106975161084583,-4.62311930045038,-7.171046006110283,-7.812279913708841,-26.793725062012463,-1.1272093592446275,-48.53864630509053,-34.22349261776744,-49.87866996950819,-61.758642694879114,-18.469499303942115,-72.6056147030771,-255.1393981225361,-267.15218304286293,-166.13430371635118,-71.70608063450484,-78.24705612131677,-63.96694670078671,-379.7613769359248,-768.4348726612031,-2105.438101451068,-400.78695800586587,-5543.077661995411,-555.7784178630502
0.42317639936856116,-0.10048568744521473,0.12407281986132818,1.4695681631202846,1.0063341938106862,2.456059348126041,1.819013420520124,4.318384822560734,4.133830259370473,5.786060508418462,16.900841265948152,-0.5494567201692393,29.681256188840166,15.26188789982786,31.360629796284872,34.80034386646699,10.784013782489449,43.18677320072637,158.4953585188648,144.70015382704713,93.5181064286231,46.09945970197323,44.44718479764396,41.71887191446176,234.2102403499463,449.5256260635334,1214.4175738260087,231.43728612593225,3210.1802661441493,341.01365299427175
0.7026906931031319,2.0230614733160497,-0.5120858734455175,1.4754121547427521,1.3895462324231822,2.5451641804739116,1.5416102354835455,3.438275758263548,3.4221436440954363,3.3234363401292337,14.41807539961649,1.1297821790771676,21.365726751814005,14.268711751532392,27.19345403946166,29.318565306030216,8.613534642313944,41.71357692883487,141.76049348349164,136.50512644269432,75.70925111396544,33.09208443586819,39.973538450092946,35.50608263701653,193.3147254209446,399.83996720299035,1081.2030142875983,198.71331295718673,2826.046583510599,283.05729878699367
0.8750482356612033,-0.4583720037236535,-2.28288957677408,2.2268358596746967,-0.6940405676163959,4.184429408703298,0.9061634390058635,6.031298399609515,2.7234935366838915,5.382696778081877,16.206712019264533,1.1872883896854574,19.94845516024084,24.373773593513747,25.333100125528947,26.86253021054168,9.556635662312228,40.597149235919865,137.83578377075784,148.52573909489826,85.6268211495639,26.12951746460466,42.598949018358304,41.55914900257199,188.0804298918106,416.3698760753982,1152.7531509573655,209.84878410131148,2988.463580797346,275.3737915443116
0.8656838512887964,0.014575323211399819,1.4909892255283634,-1.0852837763948386,2.2691955686099528,1.443276656742402,5.173119015443144,5.310598567984109,3.554359175607517,1.4070979246241055,15.530062134942286,2.6639160345707142,26.017861502196283,18.582826637843947,29.280489011684647,26.895859522214586,7.795336418257385,48.93570215674292,160.14811728352853,146.34087080142405,80.24223742130445,42.19514371874156,39.75343607947988,45.79728072795875,231.31127647513333,446.5445803610412,1203.6992531941457,236.56554580276355,3185.8088004682595,330.2085772461544
-1.7014862841873741,-2.487160570751139,-1.605273714185758,-1.762464767243262,-4.7109310099173785,-3.9076421267250003,-9.77827784880049,-13.545448387414048,-11.43803900317712,-9.362596216686123,-46.95409039946959,-5.127497311506567,-78.26667798456936,-47.86996911696734,-90.60166541560761,-89.67962041754082,-25.96300553844545,-138.9639736691692,-477.1446098113114,-428.13220635846415,-245.2257431766742,-116.93944524604437,-122.9827676853511,-128.4783953608449,-673.1670686296673,-1318.0696570935781,-3549.0283019300173,-681.5226163860976,-9353.901547614692,-962.8676619143147
-0.011222123739790642,-1.2150795837967157,-0.5573512091557853,0.25416903265341295,-2.065998133559044,0.9089432909801338,-3.8148668693086543,0.5558456685985109,-4.0203065437898475,0.2358740122443752,-12.179036243384365,-1.1314969549168565,-20.435013982713542,-1.535726122368872,-21.93466656487871,-21.308701973746505,-2.917338855151403,-25.67667155320277,-98.95066009727488,-72.91118897148446,-42.431097259007046,-34.168695394867115,-27.47489903541597,-26.155385308989267,-168.31173924458898,-250.89851827734344,-656.9264322000148,-146.19614630833132,-1794.9149225799795,-222.21459252061945
-2.161801759083915,3.6216039039734373,-0.3192645019741702,-3.5287217428442603,-4.806256710694154,-5.801908532870202,-8.75598647946855,-11.272093137170536,-20.103231942260503,-9.81181944439398,-63.3624394511163,-6.165528446602293,-103.51358314019248,-46.81111099173371,-98.5925137076044,-106.16244375443884,-24.31119160366173,-141.4126119804399,-517.8563147039619,-453.4016415127016,-284.911495123459,-159.17430907072205,-154.27222644935472,-158.5926673041256,-840.0300524018821,-1460.3963978592346,-3937.6566824416436,-804.3634682634412,-10515.969630567984,-1179.4455555796944
0.10431413513544749,2.6626571272599655,-1.3667142208454772,0.4634681606497414,0.07617504334949321,1.077940805548015,2.2898562101372395,2.2353988959658375,2.5189655958288166,2.4786214857550486,12.122249996467795,-0.6919722877300203,18.9664466025025,4.340754425492484,22.963200119119684,24.526234807232672,5.295740274410344,32.73422896414914,115.20211099331291,97.09660778984228,54.11532171545114,30.427721276727898,29.874304064377284,27.69384802233806,159.92880712834673,304.2940310094339,800.2749735753662,151.5052840368769,2115.566046199314,231.98553513791038
-0.12436099498107647,-4.61724662666106,2.317575901258089,1.094349302026286,1.9284649681145534,0.24400469505876465,5.18882330883527,3.1741763155343263,4.170240223591237,4.251396583730516,18.46225424353209,-2.273849553518832,33.79178609588492,20.2367882563085,28.08303963028822,29.608258422059645,11.680838250332247,32.390668618256264,134.3124021224747,120.93290736569158,97.71559460492671,51.41756803794935,41.7227055646129,42.520889464265494,239.9546824982517,403.0632007326327,1102.362870531108,236.70717284635248,2985.551038617153,325.0359241895034
1.4934714836608562,2.3394936181188712,0.8676895917423451,2.7224739443650314,3.1823635419719136,5.349195306109456,6.215801723358549,8.599860517471443,8.270094712699152,10.811228079017283,34.78587582923512,5.1117619090433655,55.40456991773039,43.40754053373452,64.53270494738588,73.76023772969815,23.886600990487278,108.06065511314027,355.4078761301823,361.17195473360033,201.14057607469093,86.05090375404346,102.78499032527577,91.74253580016173,490.4706981603082,1028.4893189666423,2809.903064396943,519.2896658105079,7337.746946931008,729.4205279641966
-0.3540640337556587,0.3260624330085557,1.1836970830698568,-0.4235276001154629,0.2332502531563349,-2.8184910150181395,1.2502884946659822,-3.3111235660219505,-0.6493738504370303,-2.8855873950605235,-1.7389091315685532,-1.2078323662560155,-3.284736649632962,-10.29952991443771,-6.040275779675027,-5.450934662668305,-0.08948347570896864,-8.056884745631148,-30.289703600624957,-42.460025019875346,-23.07033146169008,-5.0449715805439235,-8.523022575672279,-10.28828808381771,-39.405813731413154,-106.38611229578224,-302.76743953204283,-51.142563673032434,-765.2551175290113,-63.96931987583041
-1.4518615376264636,1.3311873864165655,-1.065343453280001,1.5214176439268776,-1.296526935347596,2.9589057594847894,-2.3870895554656633,3.032841421121043,-2.218918406258946,4.055532217521863,-5.1630844270893945,-3.3239426420518323,-7.369946153393135,6.738753472671518,0.28394015286650953,1.0879069228811942,3.771960010309532,-1.058447036378944,-6.687260451528233,15.03221849894861,5.8865144044005655,-11.079767528225563,-5.279723583256597,-8.94914948762975,-46.977296562689794,-2.7737401229429883,10.852911826919527,-23.38353190970795,-42.888613230024994,-48.978341729626464
-1.2518216373167632,-0.09488258883988236,-0.05769770410601982,-1.4014284876764926,-4.023244144251115,-1.8765251011247794,-7.707816219205238,-7.819353242269549,-9.66192988840569,-6.070951657716956,-36.21068769501673,-4.222102762895273,-58.17186453508022,-28.968607564525513,-62.250816541239764,-65.69161036795154,-15.795661946731924,-98.90274547613666,-335.3159202205419,-300.3603677906061,-169.84283993829646,-88.3051538169762,-94.76733369923843,-95.28550076357288,-493.958134466601,-924.2473463006976,-2488.432349393187,-485.9553548146292,-6577.560282961006,-707.5991695607221
0.7402833665191485,0.03168888813782573,4.1035886455897295,1.1321629444370314,3.63567556399723,1.180066520284872,5.594038890053384,4.065176854581158,4.971226101043449,3.9763065544010407,20.079594509927418,1.4145529957792826,38.69776473925083,25.818845478671918,40.76531689285329,40.98130577810639,14.459305340686786,58.35402293655524,206.2096869603056,192.72714716890482,126.08312496503292,63.72778104488169,55.36144301621359,49.66366457013616,311.38702510632146,587.5143171955559,1602.1412187087956,321.9411603039925,4265.075155618475,438.37787694311373
0.2697584991880897,-0.022559399980465997,-0.30946558975731,0.9930379737464398,-0.14055634602778916,2.941535293387732,-1.650406518421403,3.975466450735351,3.0841173863529927,3.268542434557197,6.9005553369530785,0.6069051429394781,13.173892441772352,10.77960959275504,15.97416605715643,17.249756838620407,4.534339138826679,21.427683392430847,80.10009485962699,83.13600964567507,46.31931992169846,18.311158180233196,17.70129937572733,20.532702662370944,109.73387065709298,235.68323915894547,643.6970547759558,114.73255727818851,1673.3662431329656,161.7281463345981
-1.5982737035519345,0.40605805650563803,1.1279736650459742,-2.959545700666665,-0.9651070839802859,-8.142111029531065,-1.8148088694107383,-13.739914731992865,-5.683060798696869,-6.488087248325543,-25.71223877448597,-4.456404074314698,-37.68373940995419,-37.961362360983564,-52.870146057095376,-47.48466352853107,-14.287116795104996,-80.22350322193317,-271.44389736380083,-263.9433725962348,-142.23778053548273,-56.47918799676438,-70.13633484185605,-80.62084576563326,-373.5378514209453,-782.9431063459895,-2130.886600427742,-394.82013827198364,-5548.831824722194,-537.4623509253021
-1.7825206058831609,-1.2754598210637598,-1.8407946809579399,-3.802841887915661,-0.06745227879373505,-5.698578099608168,-0.7515055358229523,-10.221382440022884,-6.565624436525875,-9.486293150967414,-29.404416294298663,-3.6668772791855817,-49.94692969037534,-38.459771861384546,-57.69163308840814,-62.181206028089164,-18.007440896146573,-87.61210684158787,-305.4436288258335,-297.7945746850036,-177.16408235606744,-73.02804920743404,-87.70725061259694,-79.46980444648622,-423.1913460121159,-883.2998262801239,-2401.2812681791497,-447.7590810368208,-6288.750929067747,-619.9750951381196
0.5140612910931545,-2.814291442062132,0.1987937634415306,1.0866492998506057,0.2572937436184949,1.8781644444204315,-2.6682777288883592,1.874956830430672,-0.21318200009618676,4.694314702391431,-0.7501752310844678,1.1389953187548543,0.6639091592289441,14.299385839874496,0.3898512304573311,0.9621457813376131,3.0457426884991308,-4.603617640127783,-9.505560258992556,22.853096386574947,25.237472090629126,2.962654167679097,7.84851145925397,1.1086451657974945,5.234854062471567,32.2987910471885,131.23196202608477,22.649598748202514,327.12657555075253,13.419292776891595
-1.9274004267117235,-0.48473580368836816,-2.104842269648354,-1.3265119871494873,-3.3189573050069496,-3.2256620989454943,-5.860406771828849,-8.108234525915924,-8.761390163514282,-4.781406966549514,-34.36795997495634,-4.553599410982435,-53.926880055675525,-31.24531173530708,-58.33875623249948,-60.229415916572435,-16.212725420983034,-90.21678003311422,-312.6213846840122,-282.0561146610449,-163.3071395782638,-82.38206858246366,-86.46924808590191,-89.23667586371715,-464.5758581120465,-879.085073868959,-2368.733318100328,-467.45405718185884,-6271.223567914184,-656.9803409303593
1.032038673248636,0.526551166980894,1.0076012328949,3.703223580168815,3.5116774541263904,5.363947314086733,4.0911895129359195,11.814717926121986,9.704971968661924,12.442614232042649,39.10070621791018,3.636776410765697,61.74784675135587,45.12525321089817,73.84158645874226,80.12293601309167,22.674810815310895,110.56730951718396,381.975977422351,369.5357206347007,217.73172625002783,95.63489512397952,112.45007253993118,101.27987112271327,541.4704364474752,1093.360228042803,2975.0826055618854,562.1615288451969,7810.920073934909,791.1871727171102
0.5318525725700598,-0.9070661488521056,-0.7020045524273557,0.5214274978822461,-0.44072485520064686,3.311920064667737,-0.6451470558267882,3.291855966163002,-0.8350935942831323,3.3608626247113644,4.221741029923242,0.5930605605818877,5.026844033590019,11.910162532828418,9.082785088108901,9.859457510594519,3.357582704123118,14.871582461415164,47.4681429061363,60.01758384280584,29.986884113075458,6.8137088552811225,14.986387758668247,13.223961082944955,52.23462647195006,151.90126229263277,425.4706071133806,69.75784613926658,1082.691378716912,88.33053821955826
-1.8158622539057476,0.42597122877203364,-1.5071208743141922,-3.020980631348805,-4.304745005833427,-7.380022770700713,-8.28467190168967,-15.155941047306465,-13.321403231240085,-11.77403677080022,-53.991905533829296,-5.184499809973823,-88.0740496684015,-58.145427692873525,-99.78280560306813,-99.8114954503415,-27.307812648239494,-143.4212957959032,-509.0541807987072,-471.1813795055836,-281.885340641957,-136.4470217530182,-143.95131846924127,-143.37245903339422,-756.904327889932,-1445.4532841301288,-3913.7666554877546,-762.758852726041,-10340.532691029131,-1074.3456620847985
-1.7738679129218946,2.8104832096692625,-1.4961863214439934,-3.8664860672611114,-4.2023082755856,-7.897809555156201,-5.392554945744167,-14.755982914596414,-10.191378968059434,-13.227370529683254,-46.72966106258777,-4.050246573291652,-75.15518253107253,-58.32021838886388,-81.1311963134895,-85.16739212045896,-25.49211177466869,-120.23052519099933,-425.7233594915829,-414.1797768542747,-255.32980280932554,-116.6203574928168,-123.31562016106444,-124.1502182073706,-638.8124283346046,-1250.4585957029803,-3415.340685612848,-659.9379891286588,-9003.230127815816,-920.4691052384309
3.6223113814981467,-1.6723700893465239,3.975049863694614,10.879996840915174,11.980276372887896,19.26976091076938,23.251669107516115,41.22181504863335,35.075952902648616,34.83362502741069,146.89972561664442,9.246013904005611,239.48357292750703,157.79537820756047,261.22626066128936,270.5946118066931,76.8428203041968,382.34433423457926,1352.3910768765547,1263.4803729099344,768.818306137637,368.8307100118614,380.0995118913368,386.79580099664645,2024.4726638384896,3879.2858820010633,10520.189217917849,2043.3101239698706,27784.369883702184,2888.562664383512
-0.28962851018359437,0.4234319033445909,0.8420034711261966,2.7854674074332877,-0.8763910305038761,5.301360043448997,-3.7652442218600983,6.552301051869051,-0.3436770905129536,3.702642256953363,2.466643649859247,-0.7395170715557403,7.5361178002619305,17.257259197666638,14.680010336385939,10.919307201427706,5.858791364474423,15.093155311425601,64.39650369851857,75.18407988418424,47.39050484190472,8.987459567843302,12.499752826262187,13.06425080300963,65.06509314213058,207.63750930881315,576.7040976901452,88.90401459844136,1462.779117534495,104.44841674259455
-0.2993710644671765,-0.11934626342520403,-0.39403700126473507,-0.15216769978500527,0.13306672690611376,-0.18070913834031888,0.3677347347014335,-0.1968907384057339,1.2146329166128023,-0.2443698910036678,2.0815642303703674,-0.4570362499079331,2.5198934385419736,-1.0229583784092213,0.9452747155239399,3.3236240636232224,-3.391402736492578,1.2158381521381414,5.95086950834546,3.947190879659012,-0.8934113418921602,3.555638123639236,3.6761729322743504,7.4542500013971935,21.596034862584226,19.94266797505785,47.01978104528989,13.978214803375064,135.9799374496477,28.29043176379947
0.9824282227227319,1.3328844416335717,0.37379647123085546,2.6038457681864715,1.481718252481115,3.3174137343374523,4.026038849318875,9.569531501146713,7.2998368058084235,8.264378983007955,26.425422099498032,1.3947843548814496,42.14106883969488,32.69947715814514,52.57606595001967,56.64669533003192,15.042428097920698,83.3861734004444,281.61685314228396,270.6546627432936,149.14290912163446,57.45851427957368,75.77868948337154,72.72642870568457,368.7025985697003,790.55285148092,2140.01922186502,391.7065571368419,5578.8121319211505,542.7936585541505
2.249017357403297,-1.0376124556669581,1.35089178443699,4.374604537632051,5.295645283487718,7.34819685207397,15.35910259372762,18.651090931290124,18.50436274709255,15.260583379404613,76.81749840560978,5.807412014505576,121.28754776522923,72.95405766880737,130.34579741806556,136.75071470494206,37.745402583649714,201.61019122651302,696.244057068852,632.3627685906341,376.2558327220636,186.13291529819088,193.42187632637518,195.94340452104572,1028.2520500118883,1954.5750949100345,5278.245556545279,1032.0682005272106,13960.692877679541,1465.636537964117
3.5756267590420387,0.48654269582040865,2.2479167027638898,6.266950095992797,7.3334534361952235,10.569368110639504,14.102593590040012,24.507374249636392,23.113015299615316,23.592841235407562,92.46334859199499,9.676263488237558,150.1885866280545,98.33565608553124,165.5909771323664,178.70723181754502,49.35215640462226,254.5255968792973,878.6590088332135,832.6441211034324,490.13552602937347,232.28650305187674,251.69839915484502,242.23671408116198,1284.6079037305046,2504.1091675165626,6790.758191222079,1310.4125768011593,17907.37387355282,1853.3210764970363
0.7067520495563966,1.1277236810377,-1.5294422245727644,-1.0398113258638093,0.211907003500955,-2.7270836129219305,-0.033511204907688774,-4.4884222607377176,-3.556586928407481,-1.9126883342338727,-10.347921494829954,7.148621750361174,-23.580150925697893,-12.454431359411053,-18.295723322318963,-20.940976504509333,-3.4071874462671934,-17.002547609869303,-86.93729938387638,-71.79054832979674,-61.736689814081444,-30.882329155478686,-17.953626911956164,-21.636205633804547,-134.29927886751727,-255.14864731567036,-674.0844950970233,-135.60224878240663,-1828.8819438448263,-189.88771322596415
-0.28432880618949835,2.2002852068203276,-0.6322684389090314,-0.5767723510581592,0.1658310975412589,-1.2364347774151325,2.0005814604244234,1.6641293363187528,1.0279706100442318,-0.9853181638975403,3.8353822670978985,-0.044004988007657425,4.761238849172349,-2.59624163004784,7.706288293547969,6.477411458541026,1.5635405095781414,15.463407896365691,52.56191679730416,28.129886001822253,8.67386059197317,7.768377685163397,8.48397185159214,11.345226556382483,52.2972406772623,106.48143689902965,263.7075379219061,44.502207677974674,685.73347257252,75.9297338126624
-1.7897528833846275,0.4564890544246767,-2.21272837648496,-2.603545082956356,-3.6154604677349718,-4.173675874159497,-7.9877408207177165,-11.31383203287808,-11.308574765862504,-9.466953454970916,-47.343185527217436,-4.347757100147217,-80.24052043656705,-46.74247908564953,-84.07524395103752,-84.99219978116685,-26.656396295250662,-121.5492174160464,-439.818304430286,-392.7283136261621,-250.35196359492298,-122.62712880610283,-124.18951655993388,-123.54768200140902,-659.8259388277652,-1243.332784009077,-3361.4704054554363,-657.0240221149197,-8901.09482332273,-932.3464852091404
0.8080953598946802,-0.005666496291742112,3.421872004844631,1.8083424850621657,5.14627750757086,2.430482275870234,10.264306253814604,12.069077610301026,12.793350917572452,8.393587322952778,46.159322933405484,2.828203468064542,80.00265685570285,44.336099133559884,87.55893183233053,86.05938960734301,23.628206972377903,126.66934750879403,448.84673582314224,394.3152882611944,238.68933841900437,124.63624373831507,120.84303046496053,121.78463685835011,666.5860915740005,1240.3809100273263,3336.0605866529772,661.5922869421299,8860.968527129742,936.8575466519757
0.12421322700154766,0.26878767499099615,0.23350724384716876,-0.08215683272663998,-1.7522634604127485,-0.45837153246984275,-3.61449502727097,-1.104157056587683,-0.7581829835658924,-1.005514156038012,-2.77404187729353,-1.3804049900109159,-6.534095704015428,-7.396615967581097,-11.966854867602642,-6.095090228490035,-6.187671284643528,-11.993578711290661,-42.80956467024489,-39.54362721223987,-28.167549474407785,-6.15577830050589,-10.877158713618853,-11.66159499849751,-61.867920430067414,-124.84629906655749,-349.2446996573376,-64.69393670486569,-899.5563518492214,-77.26347972425467
-0.16435117350983044,1.3386857288079659,-0.5111782947497829,1.8702896938239064,-0.15849771953021025,3.1287783657351924,-2.807070586563799,2.6336357515826134,1.996619766141618,4.6281035440634035,4.275091238180106,-0.33497529232218426,7.7256360806385125,9.083508748099979,11.654742241231085,17.406931120345742,6.385877166072886,18.211518680355763,61.10953739946393,73.09580105534916,41.638501124949336,11.064946326095102,19.105818194979868,10.012736467774841,66.30422597072281,190.0614381991944,525.1478162685885,81.1563198946338,1333.8694950045065,117.12068341261096
1.675090494918145,0.15224191150906033,1.6705836454598053,1.7448367508154525,2.6954427419160565,6.204273045807565,4.8741597436303525,13.217799426612782,9.60354446913085,9.126768147871772,37.48794557993811,3.218379122895592,61.562443548132485,46.78977923443969,70.29517206705115,71.98156394000011,25.131132329731216,106.25740804111138,370.2513287518824,348.9342779751513,213.97457064454625,94.46415942086661,100.94877097453562,103.01945239058402,530.7099465040806,1066.6019876645892,2898.8862073638434,548.6797361372072,7617.638362212474,767.4919887144633
-1.5033003579937565,-2.8005912484995084,-2.620503599102516,-2.547408172445818,-4.565329224471507,-2.1961744897784437,-9.506765993674502,-3.9684019279965597,-12.405354926569045,-5.108817218360914,-48.13497043474965,-2.4809976354127947,-81.51862906168725,-31.4655455448535,-80.51239638110961,-86.07514754657939,-20.573822577471237,-112.78634352236317,-408.5648107992992,-354.51692632645876,-223.09305555679325,-125.9031534195815,-117.66286876094705,-107.98297672339243,-643.3078410429226,-1130.653095456895,-3031.0215472405166,-615.8178629127019,-8106.613079556914,-896.5366774365755
-0.014859651202688819,1.979758326739227,-0.13194811497341008,0.45570397445728217,-0.01857910608812463,1.7392850962160589,0.429396829504045,2.2366842434488525,0.37350117831190566,2.9616713011876827,4.406873178346697,-0.3343413254609002,7.42978338821259,8.961487824003983,12.06085796780269,14.949169977973146,6.964380482471466,20.44546091235434,66.52008433037669,73.20857958719441,40.49072917134224,11.874607229255778,17.54420530345903,11.672154505496032,71.14869747603008,190.89364102242754,525.0634684564425,85.06432178856865,1342.6365508221409,114.43565296040212
-3.7850692811616025,0.4765103554512052,-3.087416831679992,-5.914452468003981,-8.681183652113008,-11.399559605488315,-14.593258953032501,-25.85942821241279,-23.67937849022839,-19.951011003630995,-93.77931567349059,-9.557413975144378,-153.19944555940427,-99.65881617267686,-170.8541706421229,-172.5327012829362,-47.54715633901729,-249.54717698114618,-881.4757514253503,-815.5739642052027,-487.79699497973087,-241.6004936665671,-244.8111611388022,-248.15255489208704,-1323.1613793248002,-2501.7538521943893,-6775.011505326402,-1333.0018618172571,-17931.695724065336,-1870.5931036683126
-0.06472916972238839,0.4354503633195437,-0.08022913600759618,0.24307641750072756,-0.12479360335621106,-1.5559266035572477,-0.865982313539845,-2.8399152716511344,0.09384077609226471,-2.505124502598987,-3.3317214999753633,-0.4117897918874587,-5.427302860140251,-9.382527966399623,-5.909836311373057,-10.42364123516768,-4.654102261250136,-15.412170553808215,-44.6106467235196,-56.282242289866865,-28.298127306556765,-8.896620294861927,-16.03722961007896,-11.912107655806436,-47.78830860180425,-140.25303571632645,-392.6524323453194,-60.300932009142095,-997.2166675541747,-90.5677714643571
-2.183855382343205,-0.8408347468516284,-2.1679251485695272,-4.2984726277348315,-0.19708745998687505,-8.21249313763765,0.5922885386118655,-12.845854933590596,-4.865998706284068,-11.529691929477567,-25.796877348107376,-1.8198206417938276,-45.25528647273075,-49.43530638693551,-59.549353124217625,-61.543309197366796,-19.786633394672155,-88.81587481104825,-301.187983555987,-322.21650253262004,-187.06062975433332,-65.36473438809682,-81.66962314079404,-74.32509979741035,-396.69630733770475,-903.0132580421817,-2478.3222043670953,-449.55168572575093,-6446.572962884466,-586.6834994024483
-1.437015892527077,0.3823898131081434,3.115273297079225,-3.59920249868001,-1.3879807909365156,-7.122798441166217,-4.898304596591499,-17.20098006110281,-9.70101592869846,-13.618356150601949,-41.100087431028776,-2.2041595777987757,-58.100391953211314,-48.569756981578934,-74.02550374083647,-77.14747553129482,-23.498214689195763,-113.76721767886306,-388.10031189059293,-376.7350156402815,-213.75723595224633,-84.99888591423478,-111.32698894400596,-117.12125090638365,-541.931636916437,-1120.164479133899,-3048.591307971702,-562.0361627529797,-7949.158345452913,-791.2775243192207
-1.447946412956442,-0.23860139644269285,0.1373659041850528,-2.137010856544338,-1.8424006744389148,-3.844259264642453,-3.501413598289583,-8.700845149981745,-4.959453886522251,-7.744555048309945,-25.164840817029706,-2.545468666040967,-38.55919331023355,-33.09870266985624,-49.4188008297206,-45.91681587773798,-15.515561379288272,-67.05052496554397,-240.8975710700097,-232.11462665700253,-142.13779064146735,-58.71090729806162,-69.32341076859142,-69.22332957042909,-351.0490845508161,-702.6722446860703,-1917.2285575496608,-364.982771157528,-5032.646896095695,-494.188656545218
0.3544212058470263,0.36020395512729103,0.5997819721804263,0.8221521370268988,0.7864954548052068,2.294258425459458,-0.4297260273826218,2.720380103078156,2.4321202623766376,0.1470824740854444,7.682810347578987,0.45135817617649904,14.428329090363667,6.6074586444332875,16.20262178407532,13.55933065432781,2.4057137481419715,20.79471386243092,79.66633848151982,65.38355679452582,36.6917162076077,22.13411692521605,16.71040701403848,20.53602085365547,118.2165423927281,213.6040118890614,564.5737038284944,114.45913578349978,1510.8315354327208,161.14810824537787
0.6774505370365275,-1.5455899705540916,0.754040192328057,0.12305824558389267,0.33808728354550244,1.483113317758001,2.6825283783181453,3.6657555066326135,5.685744717412943,2.038880220551405,17.05943238712163,2.0601512865213456,29.423849058154172,14.644724016915871,25.523930297183373,27.53932952314016,5.898678172920269,37.993994514439144,139.2768419895339,121.67056103900819,78.72622296558768,42.82920509994937,42.702407199097166,44.09010402415128,229.2653010381569,398.13455478594915,1070.5275231493815,222.30203251767085,2871.424311712231,320.197231868624
0.18240659664292305,0.3793451379059114,0.43898502572003417,0.8372877449856153,-0.5273378506771792,2.6811709051866357,-0.2640955396682456,2.9095885174369776,1.9955814704047756,2.225622809512943,6.290121919457089,-2.594162683313425,10.73112011595255,12.254903195270968,14.394070059045102,16.701349940028397,4.787791759321795,17.927484652059434,66.69947487991985,73.04014348294686,43.74226117475958,15.165055211118718,14.90578027002644,14.038520621662315,86.23214701733473,201.78082185106666,549.8521385746793,101.20658131849265,1441.6640084442117,122.27338845546164
2.581573028542433,6.74857572914446,1.3944533966584458,4.28189057818089,7.541690890074814,7.397156784524584,15.036980600572349,21.180201002607358,19.73620488896156,15.72327916601905,79.59391405118299,8.483697557333143,127.93933889663687,75.1087497891378,151.94323162125184,154.95685009078477,45.70350885704367,234.73297015639943,799.2646704129743,728.7240639422076,415.3218627316046,199.675443629389,215.37142058264607,210.1665105891857,1127.5549272699081,2217.7316131980665,5977.230686037489,1133.5657267466038,15715.999945225803,1618.9989636938703
-0.2880272532899548,-2.33899933966149,-0.49245485771410913,-0.07946027876405926,0.5914562107825433,0.3257698404956554,2.1930348727007147,2.2562528771268076,-0.26427137708757686,1.569290083773279,3.2180885848361913,-0.05275847826443868,3.9375138296280197,5.393160082889139,4.25798017437334,2.7573986989154857,0.09492837477175797,6.061279178665709,21.217442599485498,19.208771318838533,11.142833006516891,7.0394491428600325,6.692505645088082,12.615576921344923,41.25721863332009,66.31236220963882,183.657599292724,40.5672230300754,492.9936897326824,54.03586236729331
-0.55962348597854,3.0867159320022837,-3.038829148970313,0.17453828630784052,-1.456385561893169,-0.15398487693651924,-2.4808820244178857,-3.394997782038119,-4.177515145003215,-0.7758925800094302,-12.180791937515677,-1.6839429655419305,-24.143676549944036,-13.938501327357926,-17.865928959436182,-17.344035408800515,-3.510948099583693,-25.37715257863991,-98.163112042457,-82.51767509760292,-59.624860368162715,-38.15869305640897,-29.72344716274577,-33.957040955823736,-179.75983043218443,-281.24670298308706,-763.8043319293607,-177.54188608648954,-2094.6904115407233,-247.14288945471688
1.3363553576102845,-0.20602107928331487,1.1426309656580844,1.1847434413116102,7.1054424215378,0.03255545521129699,16.58830655804834,9.689348951731294,15.988616039926919,5.82173207355874,61.89033865947651,5.287313497693111,97.91901268445632,36.42248561235662,100.119067056271,99.86652010698654,23.231740100376726,146.9768390753187,523.2190910701356,429.6460901566874,257.8122252617829,156.7166075571127,143.50529996408105,154.5916318712025,826.2969713808966,1412.0143801236966,3770.329519157708,778.9020203997717,10096.059254104219,1140.015606631021
-0.8047679685870127,1.3528862804558077,-0.6283240083022076,-4.626672897169174,-2.6547791158582905,-7.832656553980991,-4.601112761051132,-14.271817855830381,-9.672043278972174,-15.556634894706908,-42.524558232986564,-1.9671003128796976,-67.3890917033119,-52.447172524878795,-76.7797737659458,-85.86331595451358,-27.69459602356929,-115.93672841582756,-404.6163325800776,-401.9690601838975,-241.11301830768332,-102.24846484099531,-119.22036588552287,-113.10024535511414,-578.5589922826084,-1186.7586338937415,-3243.210839127536,-605.3337208383412,-8492.04403620851,-844.9306384792297
2.6097229256919654,0.8318828763743475,1.542969725794833,5.24044771944089,5.067001270828511,5.526836250080877,11.740331316839098,17.517748659502253,18.831852250463818,16.900320010644332,73.97857928412068,2.260970075640725,117.16119186320854,68.92400852676991,127.95337924845892,138.3395930053909,35.937372153929374,187.98976807749136,665.3742691246852,610.1457230367166,368.43350277815625,179.67334706605126,189.95218744695995,186.99989712969858,990.2225242775504,1880.8920255372288,5078.923966056212,993.531855931417,13440.200786743662,1406.9038171457491
-3.7169107092090465,0.1439079253666071,-0.6856695510729902,-6.052559953017585,-6.184600635065334,-11.122136877574663,-11.98495060929681,-28.946478816001175,-19.015438781876984,-26.59546915332585,-82.48701562049884,-6.568669903021912,-130.12266397334847,-102.19733704732053,-155.043541457986,-164.52724556544914,-50.4798323506793,-241.69605445609176,-823.6915078496725,-793.5194640970589,-461.4195358108227,-200.47560098586388,-232.040371002227,-226.61400517620044,-1153.4691564500818,-2355.89267380547,-6406.29136918332,-1206.4436310081387,-16799.850401708292,-1683.5212546252644
2.8093797423195364,0.6479796052927134,4.2162926775047715,5.271585649006223,7.656606596893864,9.095043804298417,13.428785400667351,20.82162628001407,20.993796872202804,19.538676090683254,82.55969621393419,7.371564221196546,139.81320363929666,89.53704679849922,152.39994669212788,159.700733197814,42.81612137883758,221.50332032722764,788.580064567165,740.1607395596229,442.7181900847591,216.0169330013592,223.87221847409992,214.71703910460596,1170.6886600037435,2244.353476167257,6083.090605190004,1187.9703755277678,16084.921015368058,1667.5983903882088
-2.449695998104401,1.414821920398394,-1.5989946952818879,-3.024319987957929,-5.364913026751696,-4.968317505645582,-10.368740772275757,-11.51947751487441,-19.296362304020573,-9.503290822394213,-64.01802559341785,-6.246788473385116,-107.15203399927655,-49.05384476900844,-106.20985836390844,-110.03668611569111,-25.72481213679416,-149.7828961892058,-545.8346910682554,-477.35107911764305,-300.361375878068,-163.5148823550658,-159.33045292000608,-158.29894531723,-867.273567997418,-1531.1804802851136,-4122.185444816259,-838.1291783452785,-10999.652865462052,-1212.841907341285
1.524574048600063,-0.21284594994703862,1.4298786474983654,3.5146318072602294,3.2110935813340804,7.102400131323064,4.869360262356954,15.661380676637446,8.948740540917713,12.131127469865246,40.15239505503988,2.303582978716417,67.05183513782369,54.10349347229724,80.05086484892769,79.5156349653069,26.45403831388035,116.96169277177377,410.31367505799426,391.3554777320563,237.04861075209482,100.61282863351686,112.14977057768341,112.0912856178775,575.1277254270384,1182.5032887011769,3216.635294761201,605.6351791962976,8439.412519772546,835.2179856814907
0.05699606978944517,-0.42454652115836256,1.397708770639157,2.6456106286143766,1.3227173375371775,4.276667845349089,2.7752616824201635,8.722060130161669,3.6529431800720893,7.157649430825025,20.926022350447653,0.6069014653054629,34.52353931311764,27.539043308660204,42.5494413545467,41.50888958264872,14.73222406463772,58.03070478170163,211.525090132589,199.65850337327475,122.76601419989449,52.393148856134296,58.800388507356814,56.62955530803195,298.71259829280336,610.3830977396744,1657.883041256134,309.8010223571532,4348.142310462033,428.27536757217644
4.2636814273660955,0.4082491366123615,2.4635170415506433,7.301617868498754,8.957844056470334,14.151767586521856,17.373991840947355,32.27765410325455,26.971369862519023,21.965933684972505,108.99567882368763,10.018978623959459,178.33470332417596,111.85626929311229,202.94090721686442,196.10292772207376,55.108853463637786,294.4043347718553,1040.840068517978,938.0835610868494,562.712722144798,274.458824421909,280.58252453074334,290.96509195916906,1534.4116681556989,2921.3110739038107,7883.992910433592,1538.6980510550613,20840.220865661766,2165.1931506149267
-1.9132959161999992,0.9563106624111284,-0.837797471139066,-3.2663564210247182,-4.88093540327923,-6.425368457260813,-9.204895264624053,-16.74597786400293,-13.586706829724237,-13.57834426514098,-55.227943266023296,-5.144219552028361,-87.79130644968329,-58.946168145719035,-97.427167969274,-104.31338069921836,-28.897548569596882,-154.83809245632858,-527.6879511281771,-494.4942612892998,-284.9088434220684,-135.31491655758776,-146.96003431881707,-148.11544176135263,-758.7235985272935,-1492.2918900662823,-4042.364758057514,-774.9041523504575,-10643.462059834746,-1101.3000701516032
0.11396248317340345,0.7435361882605668,-1.2860106918569432,-0.02526771939501657,-0.811135204451117,-0.15915262116019574,-5.48378291933278,-3.2855360723253204,-6.0443181031196715,-3.033188373316049,-20.63939566088047,0.1844368283116406,-37.27537172592093,-15.956956588085664,-31.99097581541842,-36.33362298305572,-8.746476708634866,-47.66772750512971,-172.00058404087528,-148.69798245265196,-100.65948037145027,-55.95911096139857,-48.269541836509475,-48.78050243421637,-273.98360989511673,-486.51598699240753,-1303.269208231691,-269.46441074240704,-3502.4106679434344,-390.71922705028265
2.7904280406960598,0.9054182958878301,3.3783754244215634,3.5501734592321035,7.159166266135514,7.011401744451423,12.971463503567502,17.28814567000922,17.946697843333137,13.718028797545827,78.16969950168395,7.038432051405779,127.41452838141832,74.45707985257192,135.0450490510456,139.24897446309265,36.219168255562366,199.02627085104916,705.6645916739736,643.1125611853266,389.8386933081781,196.71620709433944,197.99944196113435,198.12313360613805,1063.5211196105838,1994.8135913497538,5387.464732161567,1060.9252558710557,14277.101235211207,1504.6506517398916
0.047296752621098684,-0.13792201201588677,-0.552834611739009,0.2370737194129432,-0.17497059362003525,0.9152940326823471,-0.3575478081386213,0.1948161212860564,-1.0495182004895882,-0.7003330905678273,-1.2795604777485696,2.5357642247785335,-3.9031157263619964,-0.1603927924546057,-2.616082197433743,-4.550997456672466,1.4162879553490746,-0.9155350304386582,-8.82229325157112,-6.2346824661032585,-7.3071518224965555,-4.055892098278903,-1.424744791930268,-0.003244906628960542,-11.459266726836077,-20.88896404884313,-47.15044711416884,-12.000244084687225,-145.27608274879677,-16.875320646929723
0.2994811098212421,1.0096909258259181,1.6704648632187595,-0.08291828066593854,0.8450900642335748,3.5287882870016247,3.955145911065417,8.61761822714634,3.3563641290093273,4.445726233674212,18.477288632999567,1.033614278991394,30.051086403496925,29.64404935204996,36.29069031447314,31.987352032784486,14.317383064771311,53.37540457507081,189.28382830008013,182.43811077255432,114.2195455312532,45.164818989533245,46.05350917088364,54.912188733457,265.95109632898584,562.6511226534394,1530.5797811088742,283.64059292363027,4004.5938851124884,379.4705333393679
0.49675405755682883,-1.425375743296721,2.633390434990875,2.6910695050717575,3.4021105662265234,4.058174083875197,6.347041805021397,8.493205591804854,9.015060195847088,8.001501970938282,36.99602438199187,3.3026275247357884,63.00495721974205,37.788669019594785,65.99412501719553,71.11553343060466,19.506410529429036,97.16625475236633,342.2534216852362,317.79080855896416,193.7359235413488,95.8596089097335,98.8081131462589,94.5629890785501,515.0437356340918,972.1868998376438,2634.5128578535086,520.995362658615,6984.933146046213,735.4343779008668
-0.09531983736185781,0.09318844778433777,-1.29711059721778,0.02041031505632404,-4.092140661866894,0.4293331117690973,-8.11710198211499,-3.9455225973775514,-7.332719338056567,-2.547852285894035,-27.075339279671564,-3.691497439097724,-45.659226145257605,-16.175413024121834,-43.43912687422885,-45.39020004788036,-13.356726951276034,-65.93442156482841,-233.7153679582792,-197.03277879910004,-118.31985773025417,-74.60223958601019,-66.62021577593757,-68.70806979795087,-375.33632885010246,-638.1162667417408,-1714.5570629717847,-352.3809656756532,-4588.9552993873385,-525.163936585963
0.2945269924480768,-4.463903203168346,0.1853006512254329,0.7046320731779354,0.27555825181319904,1.5191366990404604,1.0966025470086067,5.050339028900392,1.6646217210628529,0.8586063320363544,8.240407784304166,0.2909231609009296,15.439198777654033,8.918333316689358,15.057711556033073,6.559842173515816,-0.044831053148168806,11.119492761602146,62.867664443142814,35.80333714126654,33.72179636991837,28.88153522443837,13.778899595936846,24.522318517014547,124.92160781644807,165.6237173151262,440.1921618253263,113.5802376897133,1242.4426697663162,155.0274296444053
0.18467868124581033,-0.4320580983294696,3.4343415640262487,-0.02966810901843664,3.6348532625591496,1.7195804543895028,7.29703375703603,5.7420223204001175,9.067023899741738,0.3581998277286047,31.422174185932008,1.6639069959362158,56.79651406655548,26.04783671598284,52.14315043354954,49.88895465502251,11.13656523431049,71.2179828113888,269.1617990412341,220.1777449640857,146.6955966584632,87.94923919342904,67.63377840238194,81.13207629515392,438.987077744021,750.0689810728323,2004.7797104997871,420.0196545184297,5398.763354495546,603.6004748962977
1.6210855889227027,-0.310714535205311,1.4131655155056728,0.4842067219175523,3.8285037935776045,-0.2886946650985682,6.926312707269006,6.554335267047741,7.573358022107793,1.0799402444993635,29.63298434597336,4.173204692125789,50.35084987467668,16.666146007233486,54.69830811631619,43.99550880627715,10.287499783440516,69.22584587776733,264.12731728343226,195.8855831743717,126.70499433650865,80.18585472431575,65.24253098194333,79.09055233015454,427.5058984147117,696.8759718622227,1849.2978341642731,395.42355392062575,4985.403622091125,563.4046240594836
-2.398074921422145,-0.23275789230492394,-0.8417905214468728,-6.821701737734291,-5.198109773822827,-11.609221191267515,-10.299024890234623,-19.172230377872566,-18.57238443696842,-17.90042525192885,-79.15780130925377,-4.4382755702594,-123.2736993395174,-79.8392998794422,-132.62251626495544,-143.946714675922,-40.22591596001597,-197.0254756378384,-696.1116687274488,-657.5381081651078,-397.6910164935259,-188.0563187414401,-202.86873097213757,-198.83679093761563,-1041.5016263213677,-2006.1491534414042,-5442.90341130877,-1052.7615474632355,-14361.440102103013,-1492.5875926076562
-0.576384435561838,0.49582932147119896,-0.3190949756217821,-1.1434282840646424,-0.6844775012218585,-1.916482711803125,-2.1617779281109257,-4.043628314449127,-2.7771885410121944,-3.9945297046256063,-14.013176174677577,-2.94554963883829,-20.670461142327206,-15.613793701852996,-23.646710477242085,-25.234829767601013,-8.38308197789727,-38.45265955038141,-129.79336392446456,-126.08587234993213,-72.1604678050354,-29.6783604495571,-38.354899080157686,-39.09734893241851,-187.54011655014065,-375.8190273174029,-1026.9749663873906,-192.38713246637525,-2680.655655341456,-269.92166063541913
2.310848825300986,-0.25216538697697494,1.7757651156474172,2.139856660986787,5.23294123262214,3.2622640782063064,12.859137291337507,11.142326468376508,15.23047204411242,9.389566593575033,59.19948562523005,3.693241856782941,96.19125204078948,49.307906508300796,99.07993103326955,103.30010411366386,25.941319052284783,147.13474317982593,520.5413677237461,459.642501660712,280.6351106369174,149.52533146982287,144.49554986508366,146.46370429902908,798.9567046998264,1448.2527137097866,3898.579141489864,782.7408693977397,10376.750818072744,1115.7561572976622
1.5165286478935402,-0.10826779855099765,0.7942172010201154,2.8109587033267034,3.9656095744876554,5.019819720200386,6.36498465145854,10.834951544052709,12.47877895517445,9.026733997418157,42.32097384739961,5.162321687422279,69.89136014393414,41.70085796355359,76.84276399727135,79.54348552352272,19.722640011395434,113.27113549995674,398.68215787758356,366.57437653364343,216.92937476110333,108.646250753639,114.1135280306521,112.22816885866817,598.5199479792009,1126.2974238915324,3045.1689743153433,597.5068585077674,8056.193572402342,851.6317456639987
-0.0928683074741854,-0.7442546780011229,-0.9831941515338897,1.277843954504414,-0.23592042808675562,1.9017006653750208,-0.7546661153651324,2.3431234217375545,0.3919700017972693,2.7257837725256593,3.7417274872453024,-1.0928251023849047,3.269861204741437,10.386956047221993,5.818980605723182,5.513650660556968,1.0744811841725312,6.216391847996635,25.596377736586003,33.80579394920921,20.381428655655995,0.4423235553000011,7.702821506167912,10.003628995574026,31.110380548072975,89.8899234581653,256.1551464173714,42.60029798833005,648.9842465637763,46.20263846008867
0.27478584817903184,-0.2923548619358053,0.9867523001644926,1.9174744488649162,1.420621021129957,3.6327537662057345,-0.20173717366446065,5.002299062893624,2.9667150716979176,5.038972525903861,13.493620132382764,1.4798813564220665,22.529580150283717,19.999802455036516,30.744787431107603,28.748140341554677,10.041577791282648,36.08785911328366,134.38456597714634,137.65623740640416,85.68957364808561,36.64489865623877,40.35516231424031,36.79551021504051,204.10852577732834,404.08726959459085,1109.662916073188,212.3341253052458,2916.5448607245635,287.45203736715405
-0.5892154263637696,-0.7884710004994299,-0.7832806839052908,-0.6158743693157188,-1.562844778645462,0.39375378856300136,-3.850324391719806,-2.1255797991918173,-6.131440773154018,-1.3252534365334752,-18.852436702394776,-1.4585047621740779,-32.74735050695106,-9.065675758808062,-31.596254323549033,-31.41567952208708,-5.835401683578425,-44.98498896951041,-159.41243627353435,-127.72691838610392,-80.3584838100059,-50.36879802064038,-45.22651185113824,-45.4881505913242,-260.53099156398184,-429.98940882813076,-1141.2828886781272,-240.94563383283727,-3072.6244846386517,-358.6405354395122
-0.9775218765559197,-1.9214683652289088,-0.8496863998301523,-2.518573020622917,-3.547255570988346,-4.395492981407289,-6.070991952322404,-7.2767072051427855,-9.04037898713711,-7.555670983159952,-36.180702377933294,-1.950035445748662,-57.60119643649049,-37.289799268442586,-63.52826882562234,-71.02925639414406,-18.467249359015426,-98.46758202252062,-337.48347766873405,-324.15737461775376,-186.537911872739,-87.89747732057764,-96.71315688225287,-89.15435716348709,-485.7482997731822,-960.9835292636177,-2602.164968694647,-497.26717574854786,-6854.183325493894,-704.8638300847623
-0.07537374688408485,0.23180241475851107,-0.08274353632437968,1.1668438776833907,-0.8329168152173727,2.411311201087708,-2.5292115003381626,1.1170063207417376,-1.379524290008297,0.6322907814843028,-1.9846160918715383,-1.9003537168357092,-4.150735392379678,4.386864178887377,-0.7090179422211943,-3.0861450074020693,1.570068966888404,-9.289475213450597,-20.99503365136417,-8.481380563628333,1.1156217742497092,-7.568124268689625,-5.86670985732908,-4.935429044533168,-29.75895286799637,-34.74128451060564,-77.47281599738326,-23.50045575635948,-231.51122323796224,-47.34051928024408
-0.34714272586852213,0.4101142945111238,-0.1419494189617078,0.8908150033616837,-0.8496413825348402,1.6456697213323317,-3.483073293727343,1.2143431716950412,-3.0710051617697602,1.869537827034607,-8.807384647926733,-2.22527305379396,-14.866501037481893,2.5673031736649308,-9.633274665964102,-8.040267694782177,-0.29300622594116543,-13.315804333390865,-52.72451115334751,-23.330949933587576,-21.52308316516792,-22.5838704208227,-15.189428614584843,-22.841898530021293,-114.30412987433947,-132.19371545760734,-338.923218284961,-87.89275047383539,-958.0808507734185,-140.953559381747
0.1830965254466977,0.273096549588473,1.4770420021490958,-0.6228117132972582,1.6012117377859756,-3.4033903675509194,3.059521201073629,-10.63561622737914,2.38111994334394,-6.7486562520777795,3.7000351400368596,1.1598993157608508,13.158484073362342,-17.698831145573415,-1.144598016599133,-3.6495560936515843,-5.622528987825045,-15.446712826314382,-28.341627445954735,-61.105000251259774,-7.68520674185875,20.039707594954514,-5.092483032276142,-8.510245249844498,41.0077953468535,-100.64563409984723,-298.1236529546043,-9.480680321128903,-633.8088407956986,12.078352014872182
-1.861307162193034,-0.07581456398305213,1.5952180343928233,-2.5108812889542036,-1.8593296491020816,-5.2949982080079145,-7.528724622865214,-12.154878076711434,-9.820097368703486,-9.60702049639597,-42.61956826312352,-1.1179927478823601,-65.7427591896685,-45.02079602221688,-73.34292784176537,-75.06077614597228,-22.482382375591037,-109.58854670079612,-385.86524560942513,-356.15145445237414,-218.00337718758584,-97.81418835456388,-105.50070849613502,-109.76553630664404,-559.3632712339236,-1096.7383992889388,-2970.266577443707,-570.681733014084,-7827.713681929213,-797.0897052601144
2.9718129419626247,-0.2750007410312993,2.4481564375657547,4.480487270179911,6.112718278757219,8.068799281735112,10.105399533216413,19.865846353041142,15.255398512326494,16.32264761681655,66.26651224686898,6.736576377567816,107.91649744969422,74.40096391191439,122.61193822976614,124.46363563613912,37.23160005603844,182.5654920200116,639.6640217754486,597.3305430641678,356.82797743679134,167.01246547025326,179.1840278989066,177.80579854744616,933.4177842635338,1817.920348598277,4932.0311131798235,952.850807624561,13004.973104588058,1333.3662493749698
3.590718394992593,1.2970655413348093,4.269246877830652,7.015927228119534,4.661518990854159,12.182784858957792,10.014861217701384,23.816821616295766,19.92415679795465,21.203276561196756,82.83135969971327,6.576744437090553,138.67471321982285,92.8353502621562,152.01818245186192,162.28451835768516,46.5412009084991,228.88795966151707,802.7664782116019,758.735632975264,457.51702174480175,208.77948135506412,224.20001030306256,217.43886370587273,1158.7627561592126,2299.1948139826964,6231.566046596922,1191.4689149400106,16412.933091239738,1672.5041848332182
0.5047167013528441,0.03891087424164836,1.203504410749779,6.054122764448236,1.6998882669439892,9.912609144034366,4.086700134789096,16.563411065859395,10.540944940382964,16.503486013174804,44.053148127593595,1.7468660288864162,70.13092813330624,57.56442989891122,84.08820784986784,93.10782369421182,30.551796726691357,127.80536250868694,440.8473327251509,441.7201919464887,260.3048349483167,103.09217501931064,124.18422721369163,119.99195193663346,610.8196112519165,1293.8580751666636,3530.3968957205634,644.4508567486973,9206.917297058968,900.3155069175393
0.07493125385214475,-0.0425278703040767,0.22594414474463628,-2.68553411699508,-0.271888285520536,-4.8376778720755595,1.2451745486903891,-6.393060461313241,-3.1740013511467633,-6.608840595889245,-13.656031792648923,1.9339351073850557,-20.679591597479238,-21.782532119252295,-25.683963063402057,-31.41733651519508,-10.30895756774342,-37.5722879759802,-133.3516412966961,-145.20442824615284,-85.16921189626319,-31.61834075193332,-38.955914880991855,-31.090865200576964,-172.61634622270475,-400.35644723973735,-1098.905666538499,-193.83499646561808,-2856.696263058058,-268.89323240379224
-0.47956078156630283,-2.9703738999415057,2.003454420505736,0.7705714078912925,1.3110301848612198,0.9529316535137053,3.7825345607005962,4.138085864801149,3.3087481143196418,3.7765046919346794,12.252145638798494,1.1528162288409347,22.486026156882,16.7733141359689,22.917085626452604,19.29726997397679,7.488644122775188,27.58861606761633,108.02836403923773,95.46850326099775,69.78375566022832,33.96099940976431,28.70521962892652,32.94530611891057,179.1249245685855,314.29793074563935,860.5190284114618,179.59703827107631,2302.96862454248,236.90279524552284
0.9877599869280517,-0.38199911787396224,-0.03228736676754773,1.9556583770750016,-1.4422281241400383,2.867704346461914,-2.346720273995733,3.575579885929768,1.2938844000733603,4.848104907998546,5.976821480576782,5.269675394859756,10.52798906370501,13.221354425915631,11.849084845467486,16.995002507964085,4.3080887422278975,26.090165030299048,77.76313265923379,95.38135065788468,47.48333485661524,12.089827149903522,33.37219247833386,21.936194747579428,97.9504365355435,245.2683518905153,685.812764032837,117.23424403097722,1747.4201647649688,162.80569697359144
0.46118240308887054,-0.2739221918801893,-1.1092069156856585,3.714758044584541,0.13170150401712613,6.628431291611888,-2.001020871625687,8.641410100198286,3.3166947354522875,9.235368173120378,17.024176178175153,-2.432460844711329,23.598929995733116,29.79928429677261,32.40026280470369,38.78113069050903,12.165451479164028,45.66341837496206,160.95054658233693,184.1304466162584,107.35363445844024,35.88133055681564,49.98769220931092,42.758776351933555,213.5649918037178,497.65683253029954,1380.1954935083936,244.06934363456116,3572.7881079312483,329.791378342663
-1.1232107287217723,-0.22609093835290944,0.2282096983624995,-1.9764172286540167,0.4695913498329798,-4.888518516379816,1.7466674911646969,-7.236611769312098,-2.0509717272720698,-5.808310820629381,-12.128218943025592,-2.7140574499121057,-18.292086213810897,-24.626715547357833,-26.360036361964763,-26.285846223368733,-7.768657057657926,-44.05256849057863,-143.4275701887147,-154.19253142184974,-83.95590351498717,-25.85922288279455,-40.068685503645185,-39.043152994117385,-180.12394455199725,-430.65908013314106,-1184.6596258289485,-206.13315190129896,-3048.566817397387,-275.4985598869573
1.7251539114391823,0.17476387430532545,1.410033356026626,4.110882889291611,2.8069880831685046,9.352400173497765,6.629885208188847,20.54361080269531,11.075160880072731,17.238907067147743,51.78759934249943,3.894878600590142,82.91839714693315,70.55553077824274,99.79291696529029,104.73706227288896,34.870360097423614,155.37009554455489,531.0685205170643,521.78108576867,304.86463193944854,125.67986128034764,146.75664025474325,145.12840395383247,734.4468474094102,1537.4606769014727,4190.527856200302,776.7233610843822,10957.011248391118,1072.5873955376248
1.0358473308073262,0.0695699237929237,2.108520996808728,-0.3253537684990999,3.1816799466034986,0.7424592971241948,7.095329481644106,6.988594760372395,6.966323322528927,3.0880797410955494,26.391944358300194,3.9637940691843334,44.836703189034466,22.78813985506506,50.592192042005564,45.27008261385236,11.861269305840695,75.67339877855429,257.54009665173004,220.98216492625033,128.44763857472353,68.95672994200585,66.3061979981899,71.77124220087842,384.20533859664147,700.0396892014197,1878.5868964093374,376.90578662752233,4990.276735472243,534.0414752971903
2.29859134447349,0.24310417771487441,3.5942499601162217,3.496518190038945,4.697979703976547,6.845933783574923,9.147660350838683,15.574045512948253,16.147414076517528,12.31168480145505,60.826565032144806,4.77835733702805,102.84510158870839,62.940505601429244,109.519985559912,111.14226282212671,30.53319463101507,158.15918253988266,564.6142413788159,517.002519034273,320.4395714280058,157.62515451195563,154.6688014279194,160.47809564871514,860.7995715344882,1615.658478137863,4367.908957521391,861.1143589560038,11574.330380357722,1210.2319205272447
0.6004568236361892,0.7545259482269355,-1.5441774168679183,-0.9918810937521931,0.1458344539904879,-3.338977962514149,-0.4805607322295296,-4.232900751696708,-0.24936539499659216,-2.6986559069824394,-3.0932330210802492,0.11650123684426605,-7.439609529851263,-15.52960253833998,-10.392541433241284,-8.04847229718311,-5.433849747249454,-13.316308252601894,-50.48958600339101,-60.911412075618905,-39.56419507097106,-10.514389973090445,-9.282228482845168,-11.44934394017855,-61.4455511933906,-167.09056719799858,-469.13471727281575,-79.17021734547681,-1206.3425142032852,-90.82977356805814
0.2572568390314275,0.9834232209252196,1.686031192457777,3.4456087024881277,1.7607416990490603,7.019927359932434,4.595328095298665,13.283729272525227,5.718086300036978,11.42646127219863,30.588992317365925,2.068728901317374,49.350323733958525,49.43513826348704,63.24695560026501,65.31891497187098,22.327699456983478,98.72918934601489,333.08804897652595,338.85486900218604,193.3263771050172,77.7366607477899,90.42793115919449,87.35526691972784,447.4394086862675,974.8929095359089,2664.5525640183323,487.86697038265095,6945.1524336872135,662.9044034537643
-0.17854540832777094,0.5731375632714454,-0.26846516873150805,0.7023409603138897,-0.6939625218936016,2.224246873964387,-0.7429882250599241,2.846219947301458,-0.3742440171017988,0.4126953291911164,3.1095415713862034,-2.7618611106237747,3.468395153412258,4.457789909287015,4.775380489581842,3.985472399978919,3.436487222134385,5.39460964267271,24.936402582254164,20.94484107003326,15.774746595746628,4.890506996935156,1.3245318273858024,7.581962565357439,27.901904140773606,76.53298057075688,202.79771761029485,28.337576934094002,517.5541884631122,41.07500119087624
2.005871180987173,2.41965154444426,1.811443151539343,4.621097447382935,4.6577008239369935,9.105509293871414,12.309952250791893,19.753262453804005,18.276523913859233,17.62594309546867,72.55267534707008,4.636056980311594,118.17541542729747,76.66011677003999,132.08596674317897,139.78043595513753,40.67585514958121,201.47602873605987,698.2181861684896,655.0129085485906,386.0442527976955,179.40734969297247,193.21503880598266,189.80521646399322,1000.5670101347805,1979.7660723216786,5359.898457006248,1016.5959035476345,14096.26175518413,1447.9222398844393
1.3172451994869754,-3.3113978479964175,1.4676562446382126,4.319672805932877,4.808994543598558,6.316030613619499,8.179590410664591,14.14617065167808,11.837051811028424,10.004589570286388,51.043454190322834,4.130777847963353,82.59597175000776,49.03532804517603,89.42327645337724,83.45935845663813,22.740232755781378,120.81545208512549,444.8314348183136,392.4367361654982,246.58479996024394,129.16964446019594,122.88066510626915,134.96159493146394,704.2127800960943,1259.958089126581,3406.595751114228,688.4194440894527,9065.521266960774,968.6813198545125
-2.4030980414212553,-0.9376268073151118,-0.22917886572764568,-5.844044377253685,-5.044149247255817,-10.206010361261992,-10.59889815337464,-21.57296773264693,-13.855603298355172,-17.888530390077175,-66.6691059598597,-5.52009643377348,-102.840690332835,-77.94144189530577,-123.8965060032308,-126.02385725038583,-38.505730825663804,-188.4997158750182,-646.7885227818836,-616.8405791868465,-356.3914120406683,-159.01814184506253,-182.6046672292344,-179.57226045780155,-918.2929810425509,-1845.4109856717637,-5011.429231536028,-950.2864277970946,-13154.777337802863,-1326.4411105975053
-2.942495837394251,-4.19135669240791,-5.89042722410996,-5.2474092403320105,-12.229651075680138,-8.364237480459156,-24.627387928112384,-29.764709610925042,-27.863151141627675,-21.366536324221777,-112.70746052215209,-9.334396911704376,-188.89888986955066,-109.52158417707288,-211.8330398666581,-211.2383360782156,-61.01525688414239,-317.23750987228755,-1106.322317755299,-988.6832893122349,-587.9168456881247,-295.760929388503,-292.35327376567614,-306.22131217532535,-1620.9692100882678,-3083.9927398689006,-8310.765728425406,-1617.4602873252984,-21969.50327502489,-2296.2427381093703
-0.2837873550447971,0.34948574584780606,-0.30071664325634717,-2.4324627843958075,0.5996705024829635,-4.221245400401982,2.0451322992798726,-5.475976407547787,-3.1152181657897198,-3.539099909562012,-10.55398722120862,-0.4118906286761773,-18.997339371509305,-16.644265801635672,-20.952201089826765,-19.897668366828025,-4.132540689866062,-26.700250921812806,-103.70903395984723,-101.58528003960167,-64.84565682625414,-28.230972905660973,-28.059910565840124,-29.080871710745676,-154.49847082891594,-310.6014102759804,-844.8950141848263,-161.2885538203163,-2225.3288887390586,-222.28904909830666
0.970500542436141,1.5899348295065314,1.3369429508282606,0.781288856017382,2.7364724759572137,1.7562784645045837,4.334358302877573,5.957661135586271,7.959023590044105,1.8618875543310938,25.81102486979821,2.8865661550181665,45.23228864249233,18.052869855625207,49.25940167035518,47.67321358996968,8.35718402036442,70.29476224675695,253.6887479579423,209.8954193305083,120.84464573035108,70.13065351262699,64.65914276790349,68.2712889875766,377.98593357403075,678.4401452792858,1803.202817063546,364.7023201943205,4808.1700750987375,527.596043036872
3.6711282876602267,-0.719563862541382,3.86623008872179,5.443353474531163,10.36730196929192,9.735447081577638,18.13391926386862,25.588736438535268,25.78944137583005,20.380502651884882,102.14032913031456,10.148317762884188,169.7278068327374,98.62506510210932,185.18462635363653,187.28924858551912,49.2172541576617,271.14032893944596,957.287791399297,865.3312075608907,518.1651928699642,263.9053356251188,264.7564568136934,267.37211542619804,1439.7970042729444,2685.0396485002707,7249.095103819094,1435.4837232917932,19219.099665907193,2030.215163475545
-1.2011973853433056,1.9246219856637734,-0.5859004820700685,-2.099832870674133,-2.182923334528336,-3.7299661306713663,1.6079983013390864,-4.530211944552429,-2.589622080845593,-5.151539177744026,-9.709699291254745,-2.554128843612667,-17.205081393472884,-18.939267789495105,-17.84379965883047,-18.961731524999532,-5.943630162238138,-25.475255758434724,-92.14598249296648,-106.73941098617489,-69.34429882665249,-28.377918562652493,-31.39750269536418,-27.15805136757726,-148.12347832322482,-299.8716138575844,-840.5798895551216,-161.38065405846996,-2203.2624708615667,-220.0528664179082
0.20857694965579038,-2.1158169321872595,-1.1273591903023807,-0.26798313679500224,0.4866184715127334,-3.1607932268262373,-2.05732422840828,-4.309797861072544,-1.151172288945449,-2.995787945966801,-10.83449474876064,0.8445518107779038,-18.021263062493947,-17.27294640149782,-21.070987206462004,-23.728768879390554,-9.473047996833202,-36.2905010441653,-120.98729660259487,-124.87452502683003,-71.41019546595554,-25.15014996501611,-31.205347631330998,-26.81697361204159,-143.39995830953592,-355.2433300818533,-961.2519533231583,-167.51090758997734,-2493.0753321687903,-224.3364106256845
-0.2720952298699566,2.0315817424401725,-0.7557032786393193,-2.0609117960461014,-1.1501902909842348,-3.3932351256806546,-1.1252601090058343,-9.178598278838935,-3.9145052882049858,-9.080472850211311,-15.327868724376453,-1.5853722742411436,-25.651967755577434,-29.506843337979223,-34.08768420678407,-36.465094381397016,-13.313335889644211,-51.0173789644152,-177.41167438345923,-185.8542889609875,-108.34784664703055,-38.52731159161103,-51.75812621938181,-48.94069791154531,-235.62461530307152,-527.5888161693383,-1453.5955140425513,-263.36818570393035,-3777.057610372097,-353.2609134311342
2.810561373816017,-0.3520494089828684,2.1765120835678964,3.6702856821734064,6.8932897153676835,4.808284038488663,13.08345120498165,14.84824126377374,18.663641479127264,12.47711803335803,70.6808451247929,5.32770102563757,116.47816934745242,62.624745294441034,122.62299128685343,127.00984552737712,32.089610991782514,178.38749069434238,635.4532666855503,567.4445527351065,346.9374521779748,181.27031491111208,178.1313491875225,179.02567139465114,973.701663461524,1778.6140706188864,4795.610374761194,960.0904389843645,12750.113753914378,1365.4489945074997
1.1527660268736892,-1.5953296195892082,1.9676377275391745,0.7316612023310198,5.078039031854992,1.1810354844713153,11.018787065807281,8.839809936570163,12.188315553463578,5.481873618524908,44.51870819068078,2.606629163910477,75.17395643736306,34.26554439985428,75.8509148781092,73.10531534248626,17.323398179117646,105.66264937861847,386.76436634196654,320.2087649770617,203.01686537884467,116.39469930493406,104.17235457020828,117.93697886022146,618.7270269883121,1064.0936510375889,2852.4510324291,591.4492922477083,7642.586387131301,848.9761006447222
1.129042865909912,-0.028663379328492684,0.42347947619890824,4.835372257247344,2.31717500221398,8.189692743973954,4.619127387787663,15.28529431283434,7.556751356944358,12.468058228589847,40.34684814509423,1.8271898513200573,59.77726985695996,51.67327534018366,72.7517102733715,76.67022247273427,23.94841937235006,113.32968896848367,386.7821943168955,381.65885926561793,220.33050759038684,91.36187351058875,109.87140710736315,109.22188975100559,545.4049970735142,1126.9360735982543,3069.161810886769,574.2411652504519,8032.709477395605,792.8246128969719
-0.0646597875941141,-0.6664017779639478,-0.9218618636373216,0.6214258550606881,-1.7970990571163608,1.216598797993546,-1.8667900345819186,0.3951034999102069,-1.4056736712190858,1.2405352485017809,-3.3522668902752577,-0.9828824113858714,-6.887306405505432,0.1915675411268999,-9.48665725278569,-6.117273821137052,0.05385891378846375,-10.41256736303212,-38.36778689754217,-24.453024316783882,-10.470762910901842,-12.222771415949557,-6.453894551114737,-8.760359354742718,-61.98953940922556,-85.75755579990008,-218.72356562029003,-50.7525097135893,-601.6963622331311,-74.72243022715547
-0.18676460692888258,-0.5625649756507374,2.2971833461946365,2.4248754951689038,0.7519077183475933,3.0544925454668057,3.37449231509257,5.292868601218524,3.8109952358743184,6.447069715515827,22.311081289692385,1.2755750593985935,35.80382299788197,27.72936255879843,34.864005208588566,42.80696104663748,12.264720366804756,56.53462166090504,197.6971338193933,200.58974022956374,120.13211200679457,54.79391659448318,63.34593937135467,54.469578564302,288.3951738073906,586.2788941002077,1603.2804779040976,305.8812993629528,4219.442681287694,428.4177095031649
-0.6036463078585884,-0.48681628544445044,-4.571480280754476,-1.151617178764028,-5.254282287872933,-1.5947126648218355,-14.218268423620085,-8.920135165367546,-13.651831744504625,-5.328757050811864,-53.39291918544419,-2.898834919801221,-92.97815765705543,-42.247004301228365,-91.17257080760491,-92.21036984984855,-24.483121670851002,-133.73141732054768,-480.0777598858862,-407.93395708812966,-256.0378601689976,-144.05265083529707,-123.01198432205527,-130.71441316394382,-738.1222990631053,-1320.2353076760162,-3537.513461052855,-717.9021995669448,-9452.640121127844,-1029.0761803161301
-2.1825734908656123,0.9315358394054781,3.487601236315037,-4.285172681485862,-1.736833286713813,-6.840830549905503,-5.26718715144435,-13.544287920460837,-11.027181470965171,-10.770620449210723,-43.85090508764133,-2.8441714896995745,-61.8129307283053,-41.71128662123432,-73.45990258362387,-77.78408831621574,-20.874240785011054,-113.06118507671023,-389.6742466326076,-364.03266382970435,-205.28014529695986,-91.87204696059153,-111.40753245922527,-115.55339129281076,-559.9138662319106,-1101.3929791604646,-2982.059455816396,-566.7069418942771,-7824.636508043331,-807.1381009244686
1.3072789594433654,0.08155995757831516,1.603225654470525,3.123659648372543,2.8263040643908024,4.517878546987463,4.801228686173033,11.056869059742212,8.97902202352827,9.481819622664789,35.04784135123137,2.760178642880331,58.341175470307164,41.45139777238531,66.65180176881866,69.04207570825116,19.41990371975167,98.50543623238443,344.9230578709526,326.93933079537663,195.40680734776083,90.30588873713059,98.50542625352347,92.75590518813034,500.09630131628944,984.5105085069666,2672.2243798121954,515.8018963254922,7044.490174296732,716.3373598098979
0.982970258689978,-0.473826289009334,1.9472043206871956,1.2392241774451564,3.1522570132986765,0.6689371953918877,6.539876939827154,4.878223467831247,7.568411653619405,6.463143316816298,29.5405517171581,2.6438790525268563,49.14226051208013,27.4028267015005,48.07035650703824,56.60993702421969,14.936759965584342,76.81767825372955,265.1384372130983,246.68019172212917,148.59140076807876,75.75591070990248,80.06818900473212,76.60303452635061,396.6361431457877,753.359603941914,2042.6637708181358,401.4715715995943,5412.853944153456,580.0651063205393
7.479298417258137,0.24931758039456708,6.146787810898319,12.164692918212829,16.95379829248859,20.716552895785174,34.44836963098534,51.6134408387134,48.73143102180526,43.473717890589384,200.24404130214268,17.96953160649302,329.67524729180315,204.24644176678822,360.21229615202026,369.1709553106575,101.57997814087521,535.0024286386374,1880.6326255656786,1726.595911973673,1036.739216760026,507.0673868886334,523.9024849988515,523.6793041239772,2786.4333545525105,5310.358979872667,14363.78912587692,2803.8415463975844,37976.43944701413,3962.5564123140216
5.001726220184388,0.5661645440881562,0.9110526174321989,7.712344359500035,8.71088474231179,15.320190311657187,16.846158414203163,33.96152708108734,26.715085901759178,26.853016898066596,113.43225980350736,9.904720885088324,180.7889109167541,121.87967559159866,205.99534031863865,211.3529344388753,58.5246494701612,312.34309506618354,1084.6163003341157,1004.604868096874,590.2959713608876,275.6262368414813,297.9966725361959,303.6621002053939,1565.515855545796,3066.9489080474323,8299.230520734905,1595.704031264378,21863.52827660599,2247.256115723632
0.11750441208144868,-0.6065145392586657,0.7506452626741211,-1.150373525403838,1.0038028800903036,-2.017789551830195,2.1916280930911047,-1.4983859193802604,-1.9081355889902298,-3.3682684319607654,-2.7145487502627277,-1.445129726129269,-3.19313317023383,-5.458005600216964,-4.678975211880228,-12.592279666738794,-3.239293475224349,-12.275471239411424,-34.778025291793746,-52.821724382224154,-22.61104139170029,-3.1795909974704735,-19.280768445912422,-11.076397857104197,-36.941963148039605,-122.72260106358212,-343.35024972195356,-47.59852756605445,-851.2823081545887,-78.95645227585604
0.7721359096463155,-0.18983184487676694,1.7926682450131652,0.6411639719885646,0.7635744440660079,1.0892439363164172,0.5085014704403295,1.7342462797318667,2.102241353513877,1.5699238497015164,7.960719136039402,1.5867838326389574,15.751926963640079,9.85042697288947,16.089936387120467,14.811117594774352,3.5343086120362903,20.12017244569954,74.85060162966718,73.05675640500971,48.786652547648934,24.139395304399482,23.09617948110417,20.64520569595082,123.59370941175884,226.84769450691695,615.9348863437675,125.07038079646448,1642.342696734981,172.49577457032206
2.203024502314492,-1.4115211509945769,2.622087724643147,3.392585194576244,3.790163839868476,4.577357388250769,8.307648752388886,11.726672185875264,15.185563134381383,10.149653297686847,55.68330325101739,8.59772249744244,92.7888752391147,50.1368724320769,93.34809667537446,99.70470054394252,23.36750499147457,142.71222825627322,500.05891406996284,453.71973865052394,273.25058435157695,146.66223637729365,146.54103319614887,144.92115715174444,777.4654908303773,1413.192132459198,3819.0070874814596,765.909453024025,10152.086761654518,1103.4498109076906
1.2016248341493,-1.0152862718428362,-0.18029046824372075,2.4644735955186885,0.7710839078837644,4.802487021863659,4.2267001037126875,10.693858084573861,5.16981750453584,8.829447048983498,28.9726668695116,0.8506969727394431,45.74494045948126,37.922818514073825,52.197157079601595,52.67380894484874,18.88252430944165,78.07352408131477,274.9088831513175,260.67505702354583,165.57250785490146,67.40164493247534,76.31864969549038,78.35282468528035,389.68559345757654,798.2814061622505,2174.1094235642054,410.4582229281878,5707.4665253319745,560.5798382980099
-0.703811435153513,0.4497865120662246,0.07876084618055323,-3.2713805378271923,-1.0600335152053153,-4.571319765209993,-2.681571435542785,-8.83284887327026,-4.074861128459541,-8.525495728673395,-25.194486623955875,-3.816777294442019,-37.62625278758602,-32.21458056785932,-45.36759265015497,-47.329886977514654,-13.838474573515322,-70.37239835783896,-240.06217559922155,-238.89521251180747,-138.90401430875647,-55.75719484608637,-72.27105231997439,-69.0986897129074,-340.5299399230888,-702.4181782686869,-1921.4202008484576,-356.9294550758952,-5014.537105644145,-493.09474684394627
-0.10415205656075782,-1.0136921845400826,0.6788943611255914,-1.0416295155040003,-0.523321617343437,-0.8113990860078151,-1.0274812822920387,-2.078003614616693,-1.4841414027566011,-1.6968445038688866,-6.117201032097071,0.42157188689260494,-7.152258339058358,-4.880327238273759,-12.857116698311234,-11.831791741816856,-4.984014106926554,-17.51982055221315,-57.61894061071879,-53.837557223487366,-33.05888395339149,-10.827310633234982,-15.605873944580646,-14.864514707492647,-74.95296096853667,-163.6667507615548,-442.8879673174483,-77.40398981247804,-1143.7766765455933,-108.51681448167162
-1.3535606806354707,0.05163731917215478,-0.8267530586514156,-1.3318568124692398,-3.3925553593947386,-2.112803099597792,-8.352366971980418,-9.581476589352222,-9.290601141659376,-6.644348844769466,-37.62559658697093,-4.140438193145898,-61.18061442063868,-32.99875208084001,-65.63361998831633,-65.5312965318091,-20.19455226612728,-103.36803838239562,-354.89999800153095,-310.8740299757445,-185.02994243823474,-95.66311967632522,-94.64926894936262,-100.47413287215119,-524.2926394033574,-980.9781388351356,-2641.978998057758,-517.1115367880037,-6991.250355732968,-742.5795756249122
2.3870766058817634,0.5414438188797401,2.8903881209817586,2.8214408064787078,5.80545983970847,3.197807414388186,11.408825486848022,13.076549911378489,15.759337620661078,8.792490551993211,58.281336579823574,7.085536487520076,97.91631768233059,47.7805194992295,104.16030704281778,106.49095440524027,27.592060956896564,154.60110390140292,544.5352290729454,476.3583561273739,284.41114388858165,150.2316840987749,152.07494610646668,153.56632208592907,821.7506051202674,1505.521082934205,4053.1440856208333,805.8864957681067,10756.92872225134,1158.0632024852355
0.23870052202867287,-1.542930177458207,1.3901996801216434,0.02668991409011101,2.3850079973311624,-1.4444093398151072,4.640862380046632,-1.3312498409530873,5.4867611516972215,0.6005854436438405,17.65310197752603,2.0277907438256646,34.88434155821886,5.717406664742407,23.896579355717304,26.149490343226063,3.6953226623446156,30.999434278367506,125.00407794646961,93.70218646932433,73.13217786134832,54.977032412035506,37.22730237182205,36.33582240051338,237.2842724949287,338.6351418593306,902.236594918405,209.94082305918488,2495.9643362231345,319.5754872270507
-0.7824471139193847,0.14459169200820152,-0.44063419860989556,-0.019455145401374052,-5.190886596730461,-2.3516080539703133,-11.330293128042461,-9.610583648279919,-12.092940542595345,-5.511470586495949,-44.596999019114456,-1.3951639442223058,-71.97115269518576,-35.57172298762841,-73.66640884577316,-75.70559222336355,-18.803268351768924,-110.11838080680928,-392.3475989393726,-335.40927930178594,-202.8444266449383,-113.22069098309342,-102.72481620940272,-114.0372454833983,-597.4346305170772,-1081.3418557763139,-2896.5531378335236,-581.5273994851905,-7719.8797150903365,-840.3345594212268
0.42068235861330505,-0.6672346929972932,-1.3549394113996664,-0.45859906806983886,0.05466506120126613,-1.4911994307645027,-0.01690649031593909,-2.496991960920672,-0.056511415933320354,0.9809347106228434,-1.0335377099649627,0.37330801215270026,-5.206846866757248,-1.9393634584298907,-7.3053386830649325,-1.9511562274452419,-1.0772669395211372,-6.955354379043785,-30.617446732618152,-19.05118271178274,-13.707667162248097,-1.7658342240955633,0.0483868820666884,-8.557028106141408,-33.82215592001281,-82.86540778889118,-214.80073705267165,-28.56373560018762,-535.6179595498149,-40.480653259891184
0.26952325418312634,2.601715791247979,0.21550960970017286,-1.3420953118367542,1.0117051403767716,-3.7262223312897986,1.5631022845668165,-5.0739016080377795,0.8793377410733454,-5.773298894740152,-2.485239995546845,1.2481609011465231,-3.0488033246704727,-16.140282786969603,-6.054535455586709,-8.962019800543267,-6.00576792294388,-9.36766784689122,-31.983445286971914,-57.719774083112796,-35.42229570849633,-2.8420256073317733,-13.311592555067419,-11.305807914600889,-31.18812178854225,-134.37051041806447,-392.42868966640845,-58.83903603187491,-980.3332720166222,-61.62416810398726
-0.33362069563945057,-0.033462379050391365,-2.1601811133737967,-0.596906699669099,-1.2163944134617202,-1.7308446489517142,-2.3194275510473013,-3.5189461173441745,-2.8494184770227027,-0.09986165651953227,-17.283026831232448,-1.1153375325417214,-29.997653927521434,-14.14668196600834,-30.170776809071135,-25.947660376805775,-5.597811385601227,-34.975475544299414,-139.58566034118942,-115.65809226208569,-79.00610194377253,-44.05495545168629,-36.9997273582004,-42.057149953380936,-232.7543206026354,-396.8421353215444,-1062.0940613116957,-221.9424716409511,-2854.136212295594,-303.81246310832205
-1.4822979699338135,0.9467115368754139,-1.527499264240432,-3.015320746352615,-1.5414643240488188,-5.702283459613502,-2.807939302560577,-12.362773343367609,-6.039508770875188,-11.929768119232367,-29.01947005915132,-2.3960709440429575,-50.013726860855925,-47.270799116270794,-57.87462445232566,-62.27582215234351,-17.78821685027671,-89.35683877204099,-307.7131762009906,-314.14957163061695,-186.23497891316475,-75.43207630863573,-89.83943504660344,-81.62570891392379,-427.60715410684253,-905.2275978762841,-2477.626564342435,-464.62798056050207,-6489.825840814764,-630.3673468394217
0.420294102959157,0.10586406943366587,0.16960378169810267,0.8480176039660985,-2.398668336513703,3.70148100734044,-8.73689114362604,1.0199169493276858,-7.20726108606096,0.8235691145048895,-23.36528178669456,-0.7599318122951072,-37.83048817448971,0.15703272882267275,-28.86105827693947,-33.30993086456451,-3.6039082987312794,-44.24863605605636,-159.08297699049297,-108.6545572414148,-69.40123093632333,-58.68738105590272,-49.73437528454988,-50.27216230200819,-281.3947776695625,-401.22395105553363,-1046.8873776912358,-238.64229396466874,-2877.712843751235,-386.15821262915625
0.04146324362609244,-2.4438599235467766,-1.987795842280382,1.005779591722412,-2.5638315715143962,2.064329733601803,-4.244655247051672,1.5898480219786908,-2.4843684755458817,-0.28287084060040124,-7.106015923948603,-2.2037354258553634,-15.6487637715297,-4.24965127986552,-15.907426723091918,-19.308507278669474,-7.223069526255145,-30.043837165989636,-91.51071145413964,-82.14625950006968,-46.16718699939767,-27.19995025284808,-23.88318654143137,-16.44495212054508,-124.26500333076318,-239.65557942092397,-643.9923696325849,-123.8668475165397,-1705.692902580501,-186.9003623325214
0.7866599004005698,0.3096588030144071,0.3420894630583963,0.03986200863715883,3.020241526818132,1.180433741681646,6.425036490802592,6.481769022354517,6.450484583781544,3.955811974223936,24.38325476359519,2.5500522680886295,40.23786380908213,19.03681761415235,44.81288761119151,40.4327418495409,10.499140159075688,64.80560673286108,229.27932571746067,191.88325931966597,117.00606640281553,61.56258235144081,58.04238514107004,66.56144239023679,348.64702858562674,626.7778961770575,1678.0827848031706,336.38537553815127,4458.011619531176,478.9892215213456
0.04116267986356979,2.331053339564787,-1.4683549244137848,0.2457909128669774,-1.0922375781140587,0.9894634233063543,-2.4339640679238657,-0.9136244552723971,-2.071592615077619,1.0382807619093808,-6.422113277458655,-0.434120910830229,-13.573648153898858,-2.208670300252015,-10.729461831773937,-5.052078152765983,-0.5487636432373837,-4.033549023110201,-36.92477438301465,-14.296708135359461,-22.50976442320205,-23.51495106308437,-10.28140224746444,-18.6732554053433,-100.32951939693362,-99.76198198440399,-261.90922976323975,-79.18139168532032,-772.9472488251032,-115.42462184859124
1.218622930748539,0.22718124219387925,2.0460308158515046,2.0766714572198035,3.632498554721976,2.2556736956928685,4.814261002927028,7.7521912281972,7.987892937647348,6.504254860416501,28.20358546361819,4.372943653827416,52.432022531120886,30.201530166761984,57.88082334923475,55.86749969773032,15.902314764510098,81.96167003576402,290.13689223287986,263.3486402852952,163.88400802353055,79.39490134642968,80.59646887113685,76.0528326825111,431.8173438980977,812.0771466050345,2198.8449693438492,432.2215885130983,5820.372671422564,610.518886732114
0.10960693846154239,1.017155034147784,2.3552134118912416,-1.0584616408290028,2.2956951175325107,-1.2716095192061885,5.174774306691843,1.3114078498711275,3.696635399437442,1.300447016791955,11.936261377188469,1.9280479728236184,22.755649649705674,9.139620591295495,19.151933723844394,25.018636688130336,7.308604589063811,38.50920693494051,122.82765591382115,109.14394446894401,62.43280986616388,36.887356583237455,33.34083829197545,31.621167259988816,178.22643849636964,334.5627046886256,898.251853468556,176.56877351108372,2388.1611919579104,265.5757997608045
0.1299674004202019,1.4627993495940885,-1.8175526103673014,0.5053125426362044,-0.671805667860023,0.314346115391656,1.1061865829908184,2.545855270482938,2.394272044327301,2.1599487770118295,8.18229711556261,0.22973199171938896,10.08761441684166,4.773527344016484,12.662003234308882,16.903725284182464,0.18739308512069286,25.316355691814916,76.06390470001541,71.58984440011922,30.481545761928068,13.99480807061925,22.644576331198706,22.00855511128282,97.62278162057196,203.84079731799545,541.1814284427536,93.95496717068063,1400.4759446056719,153.9070418414594
1.3996114626698268,-0.7849126536914227,3.65974419704758,1.76957915725729,6.961714244259369,3.5191894430273503,12.79680324157397,12.551269275976827,14.911604173964236,9.0623284057742,55.99744430324554,3.8195324043921235,94.16264334457914,54.071790036260026,97.29566675380488,98.31435444265892,29.196237302505804,143.70842357823614,509.877991288739,454.1042462177392,282.74142123546096,148.05707144827105,137.02442637839906,145.15533015079498,779.3634918097908,1435.0345827210604,3875.296534233481,772.4495054829607,10300.08186429685,1098.6913014317106
-0.21447407453223427,-0.8578103371139855,-0.1452262949159275,-0.3881705567019334,4.641347641463674,-1.0832810233850547,8.585159129168384,3.2232422610632936,8.311588155957192,2.3665036540415305,27.584121982996383,2.6254862324148562,45.129738199689484,13.742033748158661,42.93730581478905,43.09784779354957,7.844267336626074,62.37045976147038,228.80146289676586,178.20058288916255,109.5455142757276,74.15254676211963,64.2224924940041,68.26507683586486,370.6233138085341,603.9327745338195,1605.075518852377,341.6372079616311,4332.174324245076,512.0705492501751
-1.3166546597743665,0.25097988414958516,-1.687465754765744,-4.036332066661031,-2.812534567194139,-1.9137467365425431,-6.466870624787616,-4.745691213013108,-11.182903691700272,-8.059467595196576,-39.79518961857398,-3.1187612622426952,-62.41612201178262,-30.909518624079237,-63.57140129660817,-75.4374833959292,-21.332884664296458,-95.0237973331792,-333.28673664892796,-310.86184832890945,-190.09576912458158,-96.01611860266705,-102.87522612777231,-93.30810621822432,-519.7827610446268,-950.6526715418906,-2579.1154846663044,-512.4860576657109,-6842.249797969078,-734.1277499401632
-2.8548344091621134,-0.1959456167222974,-4.420702304004182,-4.923293644787298,-8.467842635547667,-9.524317353447636,-16.290227245062532,-22.176907101342582,-24.134431975457304,-18.079197876911557,-92.57946805948575,-6.397105575746853,-154.0647965951323,-92.63322379186059,-164.16997301706095,-169.58275310114792,-47.14898394856314,-239.89473621402888,-852.0385431135029,-779.4007862220864,-476.60138940318893,-237.60447407703472,-236.33709784698405,-237.40390253727026,-1281.380361655259,-2416.5507819890695,-6532.921441386241,-1281.8244286497772,-17304.09827145396,-1817.5530321830045
0.7139102721026406,1.1385678016089784,0.638456016092831,0.7205841447487296,3.0626558356175613,0.7173469451911806,4.78008655345109,3.6702261698011496,4.007005888547398,4.487627520031695,19.652409370380543,4.291724652116023,31.52070603214794,17.87502667173384,33.85092496653374,38.30305256336724,10.531610053654932,55.704476798034534,185.3737156581904,176.57635843449557,101.94792867484358,52.19811810049611,58.360412335396624,54.506707049820065,282.47281396451973,532.7316721512677,1446.3963584214475,278.4321757874933,3809.619281996921,408.79923694564576
0.27525178650073434,1.6096691731529107,1.134916038366596,1.5015263406081432,-1.0373568743852106,4.68522895328576,-2.355243167216328,5.298601949494668,-2.454541032519322,6.264460822541068,-1.4812903842585117,-2.3655666958531287,-2.0969988238396535,21.28444833567548,7.909487240900569,9.73600463476768,10.39807387262305,17.467041467309322,45.24643357055296,87.49268934928504,45.1930563809862,-4.174155077732496,9.621128778588359,0.8815252604316902,0.8088538309546495,176.73782516256276,514.1067265448811,53.27589686405104,1227.566964292536,38.29165035436134
0.524518167237931,-0.3469470443202331,1.0028938392260303,-1.2828602277105015,0.821460792496635,-5.32494681902646,2.097433115383902,-7.268538855042482,0.5934863423026729,-2.340653413162982,-3.205022453275525,2.118296772834519,-0.9027187277342372,-12.847505149969184,-9.353233443189264,-6.99746952167155,-2.783029263438848,-11.908856888049959,-45.14042477554129,-53.914714731926665,-24.258287099041503,0.28599771715217576,-6.796079773223365,-15.115598129186155,-38.54247329911552,-147.4728904844964,-403.5640347600126,-58.75636289832518,-1002.0787732282001,-65.30960432811631
-0.8534842026960764,-0.7470942711539421,-3.0598596508530433,-1.6243494913716907,-2.052587137995361,-2.431247903797976,-3.8611206437753314,-6.159530769217517,-6.411762612912809,-3.6201161023402104,-22.89174756620239,-4.721865341417544,-40.27990700144082,-23.11804152382111,-44.91785181624345,-41.826325105890774,-11.168569204178961,-62.77641026480344,-224.1421466359171,-203.06776783169434,-121.65645230946583,-62.618149625850585,-61.321608621965524,-63.23395833192592,-346.20145325893446,-638.6406067277723,-1724.346270287671,-341.75431093645926,-4568.201190742017,-479.1752921125601
-1.2992254981463,0.8233721152325031,-3.085129078262452,-2.289013310369001,-5.054492419243883,-3.5314416299711717,-10.081014927283146,-11.63594629761994,-12.034598235248051,-10.303500568798414,-47.7644585106129,-4.5272816421015465,-77.28762841675659,-48.919486261391405,-83.04703062978557,-88.42133539735165,-25.317216809318843,-125.14285633551727,-438.54247038167387,-408.51541382255425,-243.50768842710136,-120.19497190157311,-126.90607954562478,-119.32430736622666,-653.8003715386448,-1238.928682299766,-3358.2285772007313,-661.7504238926317,-8890.886991589894,-928.7708505134257
-3.5373837927906417,-0.5985425748940251,-3.373308083663556,-5.398084593426276,-9.085570616967706,-8.623653406705163,-17.8316301500926,-23.882158581455297,-24.29549441014606,-18.176492441021193,-96.86290194544469,-9.0574478137453,-159.36620630362907,-90.60738018902373,-174.29591621220962,-174.5580385009802,-46.88833583812542,-253.70344620149496,-899.3415981869223,-805.0413306133295,-486.1333723006534,-248.31283786769308,-248.51896595648782,-253.48379042695205,-1351.629831198792,-2520.63906639159,-6794.217451213952,-1342.470563712877,-18013.699857946634,-1906.3973030853747
-0.3549976119993726,1.0362817449590893,-0.8435046461793583,-0.44088475728569554,-2.4852039321591906,2.177987184990015,-4.697369076088348,2.006772111699081,-7.351299956815845,0.29369467610636824,-19.074037894910962,-2.9218300001181374,-29.882779304861405,-1.1745948560031985,-22.895281293511214,-29.526111065391586,-1.980711355828243,-33.45759759405707,-123.23680795190678,-90.83355199078036,-57.23955428486627,-48.386197864536605,-45.07252414189976,-40.713577281717896,-235.9327684943446,-324.9007298073259,-855.1071724533965,-203.17840932778998,-2364.475396475258,-317.65016649337053
0.1982501951049991,-0.16549216011465767,-0.5892656306057181,0.7431419222553266,1.1611546043767866,4.361084291995329,-2.1889398116386447,3.5242789942916044,-0.39030294346184785,6.764627481155463,1.4730021085110558,1.5172981489141764,-0.5778210592298745,18.047316846293782,5.946961327747359,11.595865930542837,7.475930449286394,16.793807331713943,41.07873699384177,84.15979097476226,41.13094363233941,0.34124352621115517,14.592636517971592,8.679581089313746,25.514915911435708,169.0126726916743,504.0910470897869,62.68325224077654,1222.2474632334056,72.59667144278248
-0.24272388831439068,0.40811832264542475,-0.7928826947480446,0.39623500941184076,-0.9774874480278749,-1.3209760773555386,-3.751137550685228,-3.6948152007817785,-3.191506075847329,-1.4852729711173729,-15.67861754243873,-4.896501991148465,-26.246839736871664,-13.438749062422891,-22.366621020000437,-23.444386751920877,-8.851922732670754,-40.23967619585085,-136.19078697213683,-118.51965195685843,-74.45126592699616,-39.33235704359719,-41.278441435203675,-44.246553682895424,-214.97040131131968,-388.66159393650565,-1054.4975357508088,-208.2752351600784,-2792.7975995948973,-311.0493601419449
-0.1335887153560583,-1.655112140913192,0.8146221037812539,1.0623904953215626,0.8067030713852219,2.9489788609048126,3.0054887325864206,5.161622740774963,3.33509666306095,4.136846521495197,16.872467903583416,-0.8571511669788702,25.631850132631413,18.41052388367969,24.540529167869487,28.93272530405104,11.197407750440776,36.7391859151465,133.58351191135728,128.9082224262872,83.12288278385446,39.01789325814317,41.12974421554995,41.97924579125574,204.30547689149043,400.542686085279,1090.1310699996845,210.33913551001362,2884.094837796424,300.4366160261629
1.6519143424214968,0.284644888505429,3.4295756438790814,2.3344196123549827,4.478176326531059,4.5585878139183045,6.843915525623611,10.478563231805861,9.508475495931908,8.451242897095582,40.34086522440593,4.56499596163573,68.84632318071853,42.38852340407801,72.97911575238513,76.62329222662765,21.278457066686048,110.75770649370294,386.93809602789366,359.33836705096206,215.09341156111128,108.24504707879466,107.28553235610033,103.91979437229683,573.7158746834131,1096.693417398514,2969.229498718526,581.849679349737,7858.340594120745,824.6813510170568
-0.3616717873261285,-0.10144003582020425,-0.5332807339718535,-0.533949316583124,-0.2571397698596133,-0.6143882099270943,0.03401242899702678,-3.0221597058328666,-2.355695354578012,-2.6857870480341433,-5.882721460951195,-0.03898379623997528,-10.26205437737097,-8.260021569454716,-12.337243045922085,-14.926392814199113,-4.723927335929207,-17.500205847302695,-62.18391180938308,-64.02702748468747,-35.68192768020823,-15.49627611920841,-16.16315636569242,-17.292862013228792,-88.91171313515768,-183.24794717212464,-502.4052560393229,-90.88507114811529,-1309.900532254678,-130.84212296820712
0.028377847512375882,0.19021292350665936,1.6978237774184015,1.1882110802440438,2.0213930645441835,0.7842488643943668,5.761650373917911,3.81569542784994,8.057730504653183,1.5825918115935504,28.40422099534746,2.8398046348855557,49.99621839727727,15.974251846298674,48.50942439976012,46.75093922670728,9.272467263713262,63.91709275826357,241.53020849975067,192.75365937460913,124.39913229093015,74.42914783974778,66.21920005822015,68.85322060739458,391.93059360362554,652.9823796244833,1737.409408110323,362.84586022882206,4670.74843332664,529.8054470329074
0.8377245571597559,-1.0905595526848648,0.3060942698425863,5.278551079294997,1.1280894506268428,9.882220811456092,1.5787923697682764,16.87436357229595,8.880597259690656,16.984029532544444,38.56446980930897,2.1830900202636525,61.58583388464411,60.55621562726519,78.15520673994764,83.73328529536862,27.241778179118743,116.25426943401996,401.0374248179314,414.23966807828293,243.06935845577533,92.83845851620539,115.90997085305554,107.53815910804856,548.284644962836,1186.205046228104,3253.6247296249776,595.5805288575116,8481.059793359344,812.5140721547044
-0.23182416324052615,0.6419741241885871,-0.2551892601343562,1.1168202742837974,-0.7635399877920126,5.366686054780651,-1.783723142690788,8.737814348954362,-1.5700554038912404,6.884607356211537,1.2439222565291521,-0.26257255590881334,0.16850561855639584,24.148944661991,12.35320467681601,12.122296706454772,7.202290096459732,23.60648935845332,65.93305394341171,103.8792282940671,47.082215965416346,-1.1719143640965433,16.385862209792496,15.577042343050906,38.92539403136287,234.83117481069308,667.1656268581504,87.12338885537493,1632.3960455332933,91.73548024008835
0.2799432947931399,1.2931470826519325,-0.5440790240071871,0.1773627099527898,-0.8074420224053396,2.0552581887600985,-1.420951620343811,1.5564614499548908,-1.0874385809156948,-0.24269190185823564,-0.05083879938614988,-0.2773854907283773,-1.9808314518917576,1.7324320856167446,1.2103861007806322,-0.5296505419140849,-0.40520088133873444,1.8241686715319023,6.671997483197428,4.773743639405814,0.8133194084922896,-4.5816003859434495,-1.8875829638272423,-1.3736267144362937,-10.543368015841567,14.78887876341824,35.13064615254913,-3.618262759634912,63.89808669169552,-10.306236544313942
1.2899934631243608,-0.8359105422735479,1.481221944896495,1.2458124536182371,6.258659315549904,2.118225741427377,13.605208881452551,10.799953299849335,13.954003270354884,7.997726997451968,55.46860906460853,-1.1552850049700334,90.87893855630135,43.643218699109305,93.5309353227414,95.04916577630162,23.41743367745108,130.96807763835164,480.15404998253746,407.04978523438706,256.9147931865306,143.25253941031372,130.50190068060758,137.3288473129032,741.0348661229284,1319.3185516108856,3537.1558389847723,715.9908283815239,9447.109013186906,1032.805779486116
2.2930432348147223,-1.653237716229105,5.215862076228509,3.865315753622059,7.917345637628677,4.447833658307944,17.53995595625956,16.604432470745017,22.16548475291217,13.793088669588144,83.98625526058724,5.51746160930536,142.88466143020975,73.6272820385401,144.39513013517205,148.1997947206041,38.25909482120719,204.11012331454933,741.6161627891317,653.1397047906773,412.9317557211285,220.36494188090063,208.5984371870852,211.17216101595588,1157.2093722120576,2082.080853945041,5611.666833525276,1135.521122424538,14964.536644427659,1616.335494431021
-1.2236757662714137,-3.0517277195878023,-0.8602875925102346,-1.4138977052050814,-0.6026365946360501,-2.8734958623513123,-0.518980430330631,-3.3413873566459995,-3.2799241804180066,-3.7159823480795917,-15.116515797643261,-1.8211073001801033,-23.85499585707298,-17.701437192948053,-29.016340062814614,-33.67689393814262,-10.795562452814243,-48.917028926827946,-159.03280278408803,-160.8581100775594,-89.33382682439371,-36.929435489327915,-47.617339612766685,-36.34969499811371,-209.73052084198864,-457.12408858714286,-1240.491158829404,-227.47734299586565,-3239.1182606296434,-317.2143121685573
1.9185155824821334,0.33399550748964196,1.377792874615854,3.2369529009598708,3.6541847196441073,6.898797544587959,5.348853773496729,14.3647162025674,9.201479025172365,10.87031730399547,40.37326979021507,4.7543025515576085,65.91211020292111,51.9669710791668,80.4920103504794,78.59855771607177,23.68663293293541,117.39146838432404,409.61562198469466,391.0143553444442,229.26552397301336,101.88728507617049,114.44641142030471,112.35906682955049,589.5841125492351,1176.4484098523008,3194.332065369517,609.8892142224822,8395.607877114702,837.0652942257458
-0.015893041812567628,0.24103779276397286,0.3362729679479526,-0.061156113696812814,1.049309387177107,0.4054805060775555,2.452295787838653,2.0232732142789374,2.6461869244878926,2.2486578493983957,9.523831709052919,0.3239203683067534,16.38170908769028,8.959151969427321,17.137382275469935,27.515995230758868,5.621264149640267,35.605088794612335,106.82404102381726,109.31885768206519,50.177088516598914,24.85074629565839,31.869306558977733,25.895609354410084,134.211830999154,295.05456726963484,796.6413864165605,143.13339935439808,2077.3366109142607,215.53709315510838
-0.6607017203818355,0.09804823282362041,-1.9927837950143608,0.008531113278185787,-1.7814529835209019,-0.06941528690438803,-3.659976925158243,-1.7371372824809208,-4.068340039529219,-0.38309779009001754,-14.700902684442253,-1.131797693471447,-27.120937605199813,-10.24874029985278,-25.27191739437478,-24.217534825311944,-3.936188886182917,-36.202209152060654,-134.93553274313925,-105.90795674105527,-66.3052038135124,-43.24686843079893,-35.05131741204721,-35.479974550568656,-210.03292347104795,-357.61393615231106,-946.6539791870323,-202.22476725925938,-2561.295678792374,-287.64555222136994
-0.08526216686658826,-0.7680987867424482,1.425909781158129,-0.4691335203485489,1.38566635075703,-3.0519700086628285,2.6326673452322495,-2.041195080045922,1.1751579008965518,-1.5520312545066441,3.658099576319537,0.6271743316901399,10.084134486478565,-2.669094078944324,5.178523688410121,2.790504047741867,-1.7181558953302332,1.996238056361464,18.82167918317497,-1.207591535059502,10.6181862530541,18.706557203077544,5.224802641457356,6.0147260923472725,62.979001171492214,37.02242713672499,87.59258550336136,40.32242498934671,304.2409767255521,66.81865678406807
3.2205059170206463,-0.24614098702126067,2.880677014637741,6.730328830707455,10.06543467957095,11.986636280169426,17.242479623439788,24.15168848307411,26.051195277666658,21.278583034878707,106.82235311186805,7.315917025323658,172.62952953568495,103.16364683948905,184.89989778395454,193.55227158263003,49.94045665718679,264.4062947858652,949.3652421282538,875.8105014964752,532.9584315825322,268.3909777352539,271.9539284682114,269.6974177353381,1449.029275537326,2704.8636275550025,7317.111611586584,1442.5189466275838,19393.495297160374,2051.6172429403896
-0.014873881796722619,0.20942886697937665,-0.12008238839892144,-0.23148619086343045,-0.3515453680396448,-0.4816630898348156,-1.6452403003077092,-1.8784549996119533,-1.4331356797550734,-2.972393243316968,-5.44679086889078,-1.1522688389226208,-9.150385676046133,-7.5040534839796855,-10.258038397980581,-12.03038413871413,-5.039054938645485,-18.070330289889426,-57.583917443088495,-59.094971579191814,-34.35346607870012,-13.91549904463074,-19.23112310579484,-15.693905108763081,-80.99368005135474,-169.49785145932054,-465.40265414505814,-85.98789759192547,-1213.4824000345063,-122.4092961745238
-0.4193056167292609,-0.006487279248755305,-0.18583922306527068,-1.1316163396572079,-2.165153941087821,-0.09628522516394078,-3.338042713667848,-0.3315359247908958,-5.24101018188339,-1.6463080727378374,-17.750681654236203,-0.48917287497935846,-28.243795566154414,-8.447249654847447,-26.373279484465,-28.81059493695861,-4.462958014767706,-34.111448235332,-129.74147891610752,-109.04349314342352,-70.4254565591917,-44.39599617148949,-39.08951766736305,-37.95243281236638,-222.1928269964215,-357.68013437496836,-954.2707489933127,-205.61067589870356,-2582.110627677638,-303.83990983842295
0.31033909339771426,3.7119859828213806,0.5641016762321838,0.42949849784079797,1.3420119162982955,1.1065446803802743,2.5116080885216423,3.7649154586675277,2.3063584476847354,1.5526156075969455,11.787604189945501,1.6725546164458533,19.068554166031603,8.59606707257244,23.60262291686822,25.695814475351803,6.893983781812929,44.08180979735995,143.69578998714042,130.99559411361335,61.17242484727693,32.40474418846886,31.665472595517045,32.169210475808114,178.14794880714177,380.54588773327725,1009.7790451018669,177.68331587248264,2623.542589860764,264.69575020224147
-0.7333626141663333,-1.29872495444175,-2.595629693418821,-0.49884866724903354,-2.4862742007775305,-1.372877689448104,-5.337391639625585,-5.011644673880325,-6.076177148914631,-4.112855202464207,-23.65086009997626,-0.6392670011538262,-40.72017422723354,-24.79572684183578,-44.46870421713254,-46.746445934440935,-13.824801000679908,-66.34329030269491,-231.37821036426064,-211.22733143753243,-127.11495880846257,-64.99786941372695,-60.87374623130862,-60.49189271625443,-340.01263761287606,-652.3072492660674,-1757.657649957177,-345.0085465171081,-4664.3731269297705,-481.664251826588
-1.8856746914039761,0.49477038186051836,-1.2285754733636103,-4.574570364837721,-3.828204429381585,-8.202732146936372,-7.704058311293154,-16.884195204941243,-16.672076298316124,-14.149413750408653,-62.386016602011736,-5.815171277888172,-102.01835420084193,-63.315302344240564,-108.78123906193267,-115.8952853953653,-33.22547669869363,-162.7500918071292,-574.7741272397301,-534.6570682453172,-323.3026074425436,-153.4993813656315,-168.4969741601518,-163.24013338519438,-854.0571897475785,-1641.149939867248,-4449.67421938853,-860.9720642590356,-11741.163183756182,-1227.2702167791938
-1.3557285172944007,-0.2124045016204175,-1.9360197713843919,-3.2323466595016446,-4.521431242840703,-7.8568029202237595,-7.553692040203806,-16.691418474429554,-11.067631823864932,-11.025363821704369,-51.272453384158275,-0.09071903982376384,-83.25849464345853,-55.521384537237935,-94.0239171922647,-91.8405875258309,-30.00984327221345,-131.9636515591926,-478.72711740871716,-435.0350883162903,-271.6788583243877,-128.60498913220138,-122.83731726577668,-134.04544569371853,-699.6525876343784,-1363.1793985422164,-3685.4102380999066,-711.8085170656678,-9729.567212130318,-993.8299571794429
-1.3622197817535142,-0.15501862155329402,-0.6574101992407392,0.022914702488171734,-2.705885593131859,2.944255470560027,-4.56975658018049,2.0197558424834883,-6.652732326095127,0.8674919855431507,-18.194677676433024,-3.9955882278458272,-30.244253962449754,0.4016605193585188,-25.837566328181833,-26.403363791623033,-1.546608497865362,-34.29503845637092,-129.30839508035405,-89.69231946354705,-58.00473246899334,-50.006464253341484,-40.25318248957627,-41.45485950934694,-245.12104897548332,-333.8546350470342,-876.105105083846,-207.55338529025366,-2419.403538360892,-319.60045129431876
-1.191367956836174,0.5712756808591076,-0.027532093583603423,-3.0664117749330275,-2.4452498311834576,-5.861599624390778,-5.360007529911142,-11.65552261329432,-11.392280141954284,-10.79997302999419,-40.441708871019706,-6.5208977742904395,-65.0675349667733,-45.61771035037841,-70.76070525537638,-79.20117647719874,-21.616006182432848,-114.6781590474494,-387.0776924328192,-377.13177290628715,-216.23466185799813,-99.13086109928054,-116.2537535220014,-110.94604639003127,-564.8647989450392,-1117.2596220663024,-3041.134168883684,-580.1194655366301,-7989.716001804938,-826.7608690976176
-1.2813783011421056,0.4859253947598694,-0.20742336177264153,-2.0264130326845096,-2.410097175879987,-3.7018856037250547,-6.132195043384643,-9.311515281471165,-8.008292799584757,-7.042082679013788,-34.8501728536677,2.395821900849887,-54.74260753713055,-34.72931257104873,-60.20708086213949,-61.028733612195474,-15.061357203903544,-83.30587831962129,-306.77378763287936,-271.6657410791776,-169.74600343602916,-83.6601916768439,-80.834389208384,-85.69403419439695,-452.77570984380606,-858.2103872784895,-2307.868539982141,-456.38358862651876,-6131.900942949988,-638.8179413212781
0.33093687051586107,4.046239627304424,0.40631424773054936,0.733667803373289,1.1828772690917737,0.9821941613370208,1.613744286706927,2.974988702610927,3.545943722657173,3.8271880509287857,10.707778266464093,0.4462034138612636,17.991624839446946,11.777725850211155,23.915382804989278,30.488130497375703,10.179310325213576,43.74203103603452,140.32268193782684,138.54828325162907,70.5573277116101,28.698055638893727,35.1766334093813,29.260044604176404,164.78739364435825,385.7011924816207,1040.4446164311928,177.4812953372392,2688.109497126841,260.3496552975082
-1.0112605054279658,-1.3595021828117033,-0.8614331862395134,-1.7350783064314736,-1.614102626574227,-2.676737380664775,-1.2949378023366167,-3.5656822021325736,-3.534301921706769,-3.348902379723965,-12.93382122759088,-1.7130771415395454,-22.845265507213693,-16.90877422053846,-26.374929969334854,-24.969441333205495,-8.94127924463008,-38.94492606599939,-131.61668768104434,-129.01977650156357,-81.9205913867533,-36.76145938651545,-35.16320813120609,-36.265119272651006,-200.59882948068184,-390.7976203861618,-1067.4102722492346,-205.66416901918333,-2809.6554379014424,-285.3891439450386
-0.36913139489747665,-1.569163433685257,-1.5821026213788258,-0.2839129139372248,-2.5286467688275334,-0.12006432324987781,-4.736299405920221,-4.0084250905659005,-4.97667839261981,-1.107567105081697,-21.095014039134355,-2.7854855575640824,-35.56288564642169,-12.579441715911226,-36.62894172938917,-35.62903637757146,-8.485745825778801,-54.47615715183454,-193.56949382349632,-158.24653830117734,-91.54613076024293,-56.05794880507738,-52.681661868148765,-54.40676151582947,-296.730846556275,-522.1110955954614,-1387.5197531764065,-280.1211001268459,-3704.351508331118,-412.5561353740296
1.5778269445684119,0.5954355851135967,2.2083502183795063,1.8971690948524873,3.9920715153150486,3.986643777743826,7.827926932769356,10.418806434186934,9.596629728447837,7.885957397605412,41.213600100831336,4.224074893849555,67.05476001496525,43.21286754841861,72.19589199247821,75.2532488624387,21.405330926200723,111.32848219773979,385.87206397785894,358.0330329085804,213.75713164551348,104.84217814015548,107.98957773580035,109.11205641975862,571.9972635046172,1097.3194088649252,2971.36132259609,581.5350673689686,7855.995227678079,817.8009334548724
-0.05348170771739867,0.17052006990803517,-0.6587153426269778,0.02064155972158717,-1.1884411883190888,-0.5858396531028056,-2.0955759190339713,-2.278254586947186,-1.3406286150121298,-0.4606610968724123,-7.2529780095865855,0.9864302343547742,-10.823809174343426,-4.7881498754690766,-12.22576826466062,-13.960863398696528,-5.893564223667258,-20.395738596815598,-68.95949783166361,-58.032880604961456,-31.549331365126438,-17.976750949882437,-13.742981250369915,-17.972636223186008,-92.33650581462005,-184.02575576050438,-489.2864462746898,-92.46965944650528,-1293.625138672133,-133.80046835817453
0.4081419030924353,-0.6008937895784983,0.3576594437256667,0.3965609312970579,0.007690421788992818,0.25566855323856696,-0.2969511499442593,0.6975242621041077,1.1390522493109465,-0.4114008945959965,0.25388912959606014,0.08884671083719659,2.8061809080460773,0.18819745407351418,2.65455459635902,0.4155803062299197,0.8503248779750907,0.4149258451390327,6.488650393908028,-0.9019064020139493,6.024226123420468,5.364380962005284,0.6767665965825993,1.7216896139846254,20.975552054571388,15.456353004886372,41.006575744273356,16.329975404432172,132.1737508770296,19.58891236708575
-1.0652556324515454,-1.839865817991312,-1.5154722064361386,-1.4150535864524492,-2.018362266884974,-3.9377146807963643,-2.97022879551162,-8.420842056529995,-6.166488351746717,-6.5255109926650805,-22.11648725442876,-1.978811035504458,-39.20088573703299,-31.370128366473963,-43.129909479219265,-50.463467597563714,-10.073459842198709,-72.17562890993126,-245.11503815903998,-243.6445480746986,-133.24463372473173,-59.08817438597618,-67.18934008885316,-61.48451872547571,-326.90495969002546,-699.6702070504937,-1898.1213895630676,-352.9379085479821,-4970.838872043352,-495.4542057735375
-0.9556085519370716,-1.7642425607604613,-2.1709865527984418,-2.884041659948478,-1.447564599268574,-4.831636756573582,-2.7656601654195487,-8.660370151970778,-4.779752902718368,-8.381641948289284,-26.24945184116506,-2.9455927424926927,-43.371878808486535,-37.31404056168669,-52.80774211975633,-54.59506255531244,-19.746046855120266,-78.51393270695249,-271.9745350395444,-273.33896069989635,-162.39992505052285,-65.4491435840177,-76.85571050058957,-70.63296096329115,-379.8372917180794,-798.8181632559075,-2183.9743313164286,-404.09130831679363,-5705.4976065931205,-549.6151405617034
-2.5042456583685446,1.5529713319056437,-1.935275419667316,-4.091886245535875,-5.822440915835638,-9.914517864577125,-12.77054634450534,-21.010547082877796,-19.22447189402964,-16.060711753265267,-76.81670696917172,-5.882538583183828,-124.57810483111793,-79.93833904888115,-134.1247827210485,-137.11139876625413,-39.36441311718758,-195.7636072821069,-699.9991649343616,-641.7501337418133,-392.1799683606318,-188.02131515293215,-195.5717281480252,-201.83570981612135,-1045.6137736674598,-1995.0959501739198,-5401.451342489003,-1054.1584342764647,-14278.735901595619,-1486.5070970030658
-1.0850936995156,-0.9578039823466451,-3.1880037181157643,-2.832049756348959,-3.4114916566537143,-4.892995533432193,-7.984549187108125,-12.183209181473144,-7.374245445252183,-7.949599555819554,-39.84110877349164,-3.5141182907028363,-67.47895108214902,-44.35252073458124,-77.50255538598692,-73.10497835837437,-24.727780504977932,-111.99654322479346,-395.18487264275535,-357.0876201110757,-216.65176633760547,-105.79541973721624,-102.83319164175097,-103.9392897758604,-574.5066248035357,-1106.0090838435265,-2989.967217681215,-582.2785500595346,-7905.573281820388,-808.4562442097151
-0.5848657145192401,-0.43580608923491276,0.16571586753059486,-1.5760367885116926,0.7416258397197197,-1.49918120614377,1.5179319462049092,0.26639651347350735,0.4174287879063935,-0.45812618917216485,-3.9741156854627224,-1.2512018211615543,-5.349729912932406,-2.107703036599192,-4.2446735115259155,-5.502043502749877,-0.17712897819405743,-4.795561739339095,-21.603513777997282,-21.426418032621466,-16.84812108075392,-11.342808035274036,-9.550165856390324,-4.456882228691397,-44.32126428512421,-69.13354141754444,-188.4347757713505,-41.12269672587298,-511.1867885909119,-60.134209886649884
-1.03839913440062,-0.7911728742382135,-1.3806889469362478,-2.5869718370767742,-1.533839180595968,-3.14640330592428,-0.9163527158542832,-1.066687542267986,-4.701852200839,-5.114894859330235,-21.301455344539555,-2.5855607894010744,-35.81133274656141,-19.4002149203827,-35.1659214628286,-40.06418478525288,-10.292486946363443,-47.11469035913894,-175.70912009425692,-173.0465940968653,-109.61900369172724,-54.89752941230013,-57.565609692019834,-46.4288614340031,-280.80643792625517,-519.2732571041568,-1414.8325632688595,-279.48722313560444,-3752.879420129021,-400.6166167609432
-1.729319644046147,-0.34250071510813873,-9.762884221160476,-3.9372437948499623,-10.977846402768805,-7.212157250651433,-21.81888799150408,-24.86805819100683,-23.135248677366512,-18.962272180878944,-97.50381432514736,-8.769691409115758,-170.19993062824136,-104.69859519908324,-181.40491557025973,-183.20103875724317,-53.66381074668696,-269.9551427777009,-948.3214876518707,-862.3869583415847,-526.3430830024491,-266.3006463877185,-255.32656566976644,-258.5177347810243,-1410.8064547135289,-2676.8270731212433,-7230.677254984316,-1420.923626356803,-19163.708584823384,-1999.9243635743012
-1.4218314197100965,-1.97437773449187,-1.2465580233891855,-1.3561426933493257,-0.8061192682105514,-2.5320214224705166,-0.2231481184909354,-4.78819103479688,-2.7923048383252906,-4.5320063688039225,-14.207446338034256,-0.6234185048926808,-23.724808171444753,-22.427040764226398,-32.06308088171956,-32.905765610306034,-9.01359513286182,-46.36685600896006,-156.39152996205988,-155.24142552742808,-92.37114685170377,-35.496061386059864,-40.86403406734409,-37.09472237702687,-210.52059208597794,-455.9000422759826,-1237.2554532750867,-229.9617332151693,-3241.2697063576584,-302.51488283130846
-0.08169006641992582,0.038865141465589434,-2.4405295188258154,-0.6981057689868325,-2.200873606091647,-3.130917054794129,-3.5262320459985306,-4.485394502450964,-5.191502601860817,-3.7555849021956824,-19.01743000034294,-1.437657795315499,-34.80048336168908,-25.489998431747132,-33.134852387232755,-34.83727604599196,-12.020212214387863,-48.51416528504421,-175.77485020716455,-170.45954640197303,-113.90187325422983,-54.462480777110315,-50.59244080734789,-51.90674876338908,-278.44532600903597,-530.9280705622838,-1449.2694081040936,-286.144956146104,-3842.025373117942,-398.66579532372504
-0.885113248143509,-2.0008142806857667,-1.3836084571591836,0.4255592256034908,-2.8509077596494343,1.185747176626648,-6.242695350024742,0.8179305884028631,-5.894166992016178,1.221007316643554,-20.46014269258985,-3.2896357906065012,-34.73461574595801,-6.041200333154055,-34.03443525086787,-31.827013102226893,-6.086053176875765,-47.49106066501984,-171.26812622562554,-128.86844000481048,-79.83502699165031,-56.92454302654879,-45.6572321180586,-49.22442977508406,-287.94347716934226,-451.5867893587505,-1191.1616462799109,-258.79403707114346,-3229.4745399332883,-383.5960375991808
-0.3167131289635565,0.9180748615993068,0.2516702416062811,2.274128804273154,-2.4160937335855337,5.132280118547609,-7.317363735784255,2.1778842135800818,-5.595154791302898,5.626137862482673,-13.725948306866142,-1.7296573280459748,-22.35429606706149,12.596757582406555,-12.724746461837238,-9.14971318519636,4.777662184698082,-16.37796085751814,-70.02386488677939,-6.03295659287085,-10.13101609342363,-37.90775693764621,-15.632439621742927,-30.61090746890425,-166.94219895551882,-132.33262503497204,-302.8756542651749,-108.97460691622264,-950.6432284191277,-198.48895860711477
0.006858004154385141,-0.7605181598378578,-2.0702910187795194,0.16538298849325064,-1.529865338178395,-0.41632943037446135,-4.564437933642278,-6.702023405658856,-3.6668367936100075,-0.7003064717953471,-14.816938816358705,-1.2011810297782577,-26.878517726365054,-15.726708560097782,-32.15449355075019,-26.78924078490935,-7.662014899598498,-49.14648822508197,-168.64770435506932,-137.7483668590274,-72.50093274223374,-40.49038858146678,-37.6896056281644,-43.11897588819276,-223.79753013473217,-437.6055659018074,-1161.456168522068,-226.59951609479356,-3082.6217963075023,-319.6194832385243
0.47931025345259687,0.08340751058864934,1.5631208367833027,-0.43931414704437954,0.40545584885316854,-0.9639920245777998,1.398629931590666,-1.8347587128957987,1.707134666504075,-1.1403636855965276,6.134055543631698,1.497206499121913,13.549630036331465,0.8224633311669547,7.480207968142122,7.464141434859161,0.5371862558173958,8.074313398328552,39.55785254903802,24.572953976644488,28.330401994455904,21.671301214378158,12.671606676765974,12.415735593723614,89.21515151676533,111.15591420627813,295.0057861940824,74.49032817793645,834.8438671116963,109.324133770856
-2.543074725438184,1.4277756359297968,-7.1442209498904266,-4.599455333843682,-10.091614314878424,-7.167393666272106,-20.531067338969425,-17.696673037616833,-25.64537019068128,-13.865547864924844,-98.1643258528522,-5.501371566267322,-169.38896445607887,-86.05915831354893,-166.64779272409044,-174.3423820824216,-44.47927778171314,-240.04899022427446,-868.2824798230788,-767.184494311717,-481.8855647524859,-263.26628092566784,-238.53132058286258,-242.32727400109928,-1352.5749912756887,-2434.8611802046717,-6559.427658037142,-1327.7940721326624,-17506.617420927887,-1897.8168365561098
0.9133470632661742,0.3591848598503187,0.10928261184243349,2.4531593030157275,1.1220914973086547,5.830067108375889,1.8831167180453217,9.01192312949364,4.803148367356624,7.8262668438636975,24.086020765327593,1.6167931374951552,38.59761827564573,32.896259332039484,49.88112825620638,46.93080748280923,15.580960025525574,67.64232639108374,243.5251921196016,235.29821789087728,140.91664604564568,58.277712633670646,66.99512494013865,65.5690346543913,343.6571039179547,704.8058885180221,1916.2132947452242,359.6054437468606,5023.455901190482,488.76946201798506
0.2954465098073512,0.06818845201478639,0.9211129669396143,0.19260620138523382,2.119224657956109,-0.37325328552705955,4.12213225949227,1.7368077621495945,4.399294513424825,0.2712699729817851,16.658737551336934,2.7249313730025837,28.44577560784215,8.236877336005993,27.33295896272276,26.400649805943907,5.01113572777235,36.010523313750326,135.63639955721484,108.57078276512149,72.35689009267377,45.29551810884962,35.16983666093475,36.67223192138699,227.08368231319793,364.4337488050241,973.6227136000662,211.01506808122662,2632.9853432418467,306.25284306095665
-1.8108318121925688,-0.43283501061312285,-2.0742847182582382,-4.817902021243729,-3.095980761778155,-8.587152074861573,-5.417519667056761,-15.064472336179033,-10.451963725580466,-13.845324189962561,-48.42884736467135,-3.7625434031407012,-77.76840487663782,-60.88390235633082,-91.26135692085354,-95.64670887663308,-28.869202546781587,-135.2886080385054,-469.2967126129754,-460.48935457191266,-272.29593218636387,-119.08558454801538,-134.62572644636236,-128.821453769548,-677.7323194631673,-1365.6600418153362,-3719.755286611773,-707.2196088594542,-9767.479088624983,-975.971700827938
1.374987517928145,-0.4064598635387366,-0.3634340292971663,2.4511871421486227,1.4870575613400399,3.4685572330121435,1.4049307612424433,2.929654839547331,3.2447172246771405,4.719203954279993,18.006427892498245,1.3751437838301614,26.761823258883854,19.495413930614642,29.855392470239057,32.163433416540165,9.281412600798328,40.63493388098868,146.71744863968874,145.9553637512854,93.41911797490842,41.3050239368601,46.44511285259017,38.87112622789482,227.7606910409196,432.7964115136451,1185.3779274827955,233.54943292132427,3134.053328094196,317.7340233898899
1.8435463658189826,0.41396197000979074,1.3176185226193273,4.2968147973592945,5.250551883731651,6.16266827107472,9.997131922853473,15.320633424851719,15.036398332968208,14.03900824578777,60.602556873698525,5.504442408399994,97.13962013352645,61.13690746592031,107.69240136830653,112.92943033036173,31.304008185812336,160.96673414545106,564.8403103977354,523.0594629437298,309.8549596221632,150.71199857157782,159.4520880398834,158.40285833697774,834.3185249846545,1597.398876667566,4324.111202725594,840.353993896774,11418.209746551587,1190.4741274677701
-2.102457019826977,4.446349494147359,-2.491296520783459,-2.6675837817173917,-4.015921020291092,-3.086260388999206,-7.83527985129644,-9.728519389455467,-12.953276232476682,-9.238555478380933,-46.576700502152455,-4.716067135354831,-79.12609528780436,-39.06803389698013,-76.12298404769444,-79.88347079303236,-18.17073476387731,-107.34000923017388,-390.6527131647275,-346.9301314534387,-222.3279767107138,-121.7924811648741,-114.80091479162877,-120.03568564256373,-637.7310099423643,-1110.4941935393583,-3003.250938755965,-618.798389510848,-8032.035438614867,-890.8384108767648
-0.5910323932542506,0.39108654640528556,0.6289979550699497,-2.050931679953943,0.24380563728607352,-2.6763792758670566,0.5590191761002616,-2.519739799538384,-1.7326404176113825,-4.192305659510102,-9.367256047567423,-0.288137800459537,-13.402217105294007,-12.952377218461283,-15.214631960630989,-15.428306179125158,-4.9308561543440845,-19.41061342758768,-75.1042963795619,-78.23035853255445,-50.29005960812657,-22.20282523906334,-24.265960487750025,-21.003447072674195,-119.10322824964662,-228.76006522067772,-631.6178097231574,-123.69174025119453,-1665.3722954867376,-168.10531493839443
0.9477880026666973,0.12280833040803596,0.37866229482025376,2.0304499595217984,0.6050946796048033,4.398009840583639,2.1885907209799305,7.431229258927936,3.10513195979388,6.1030169588940115,18.929742875294224,3.0464948821958253,29.66303270027824,27.235006133132785,33.28980085988926,35.903384883361284,12.609624509262009,56.363591811973585,191.9839863682351,187.4359829192686,114.17614729792761,46.37583118168831,53.60920145751478,54.34957233232703,266.73645176802194,565.529581321589,1549.3962941871232,284.75185895387136,4039.048772726546,394.3661161963666
0.6862100596543628,0.6185983436328661,1.4749126162710393,0.34445014505234184,2.6825676052790524,-1.7060166994643882,4.144602817039064,0.1590895539677793,5.47607139586555,3.0269413476803884,19.911766716557,2.107708030681012,34.51270459764025,8.928074413489933,31.54917562539454,36.77973255377656,6.529038959578706,46.110297847799956,163.5756002566543,139.9451700179055,88.15981173763835,56.071135238742265,53.16901516159907,43.22637256894563,269.4699513227665,446.44312105933244,1193.7790816246675,254.91253503378942,3224.404444722081,377.9059382731136
-0.996844715379864,-0.07212861361202362,0.6415514777286332,-2.5188353137702335,1.0415243863087678,-3.3821590695948345,2.980445281678057,-3.1132774866598787,-1.7551499406525684,-4.9019672288980365,-5.937517994475797,0.8461940113246298,-7.315425903736576,-14.090430537906972,-11.05936438811949,-17.563347316605697,-10.651798745178947,-18.3836170300166,-61.0771300921698,-81.32157239664832,-51.43618474923335,-9.27120583577423,-21.24581187995866,-15.659388115157581,-66.5721407849559,-211.85610058775418,-602.1749424134528,-90.86829284613503,-1517.4326150749034,-120.02409556141036
-0.8706038381728658,-2.1178939691630827,-0.9190492232421968,-0.09679675920261621,-1.6454296667655866,-0.3069558494860294,-2.7105397890039207,-2.803736017420451,-4.430656676597162,-0.8688099365731309,-14.08646252144599,-1.259556568717909,-24.265486167659375,-9.148713073787693,-29.004430529188472,-28.85665919406562,-6.054719692945732,-41.86527383835706,-146.0747280479298,-123.05571048667801,-68.92488575176307,-37.88417494803289,-37.13762958789187,-35.71696493667476,-207.3375862600445,-388.01313949745423,-1029.0998719554163,-202.3710076697926,-2730.7221292272834,-292.15798303623563
-0.2998299526305748,0.13306707958401576,1.4465511121494314,-1.2026906417996894,0.15479030893685114,-2.5488673242180404,0.419328681596212,-6.3563017970387135,0.858480250167102,-4.125148003349247,-2.7789169760816916,-0.33548112290220283,0.07189868144357947,-11.000294877060757,-10.424297225057783,-7.757166692280668,-4.703990784546147,-19.024775182940793,-50.85827887611218,-65.897930091712,-24.41633349201341,2.267918398628285,-13.122922008978694,-14.68080173423666,-39.41751022957721,-156.53416062994197,-438.7158158056266,-59.17505271819201,-1068.9554962582238,-69.46469370989276
-0.031443227161922487,2.468056246735391,-0.3095845426533185,-0.694810991964879,-0.2766749949157039,-1.1562080316395071,-0.02846671768691067,-1.9970784353109974,-4.244228451294594,-2.545402003026968,-9.902487116294466,0.05190736911579605,-18.564676715434217,-8.444711714984773,-12.765494307606456,-17.21754407267799,0.9259223588005672,-16.385805834666698,-68.62323814441204,-63.11775640608396,-42.848671807252956,-28.996091673928415,-25.14417474542673,-23.19262603184544,-129.08645094237582,-200.85716428539902,-542.2326261619314,-122.47608871879352,-1485.332714145873,-186.54964638331117
0.26985465349860677,-1.0480925219372925,2.874130843262827,-6.182778417431453,2.887719662208457,-12.856540480123263,5.418761932232557,-17.31783013180745,-1.4349918102144714,-16.6277160971028,-18.805436926035604,1.3668078962076025,-18.125149292059902,-51.69310379080419,-39.70636467349195,-51.02961458264092,-22.37300432304959,-69.05588942485585,-220.75420252289211,-285.7814783221823,-149.277220533041,-20.77411581706499,-66.29790867135624,-61.80438145328952,-226.83915745043342,-725.2551721627543,-2033.9556404646062,-310.7295883767399,-5104.677139472408,-392.29285947464007
-0.3040455208793979,0.4780515779083127,-1.994102345797798,0.8368694767131122,-1.9347299787122911,2.2302028358061943,-5.044638921370699,1.5745084930690725,-6.67308445332949,3.4246532897798945,-16.878836835746668,2.053737705289814,-31.272232164986562,0.48568440143385183,-23.800504175340645,-21.14553530570978,-0.7087225785967202,-21.41732499228134,-104.0910837203714,-53.91086956525818,-53.12491607145388,-48.90841233402143,-24.756801043719324,-32.107095504339526,-215.57693861504524,-260.37587670914445,-663.6546710676956,-175.7315923419849,-1905.2429814055845,-263.73148326848764
-0.07788648237720706,-0.9116331519633312,0.39894822022497217,0.7479144857121427,-1.263689967557333,1.5297606997667796,-2.0532259278467166,2.125432738944224,-1.298653481659959,1.9952209669653365,-3.216502032934172,-0.32605936619170733,-3.911903595908564,5.625789030540794,-2.3320772875225653,-2.618244992776325,0.13190576287396882,-0.4690847247076473,-4.825748178457873,4.972968629285878,-0.19358410126326753,-8.219323169186588,-1.8038400598533453,-4.752629454397102,-33.91905747072865,-9.579948613147321,-15.363651665846982,-15.160561994197526,-78.09574472019021,-35.216360329045614
0.683081759829897,0.07435224546650103,0.597241359994448,1.4517506075034259,1.0855130806407445,1.6339531082770238,2.160306015995731,3.6356836367599583,4.091246431878535,5.925716484843395,12.692311150309326,-1.002523368050546,21.508711369840853,18.932695166112953,24.73536849826795,27.898171448767567,8.239307191772244,37.03854216942116,128.77901892815711,133.38515264644673,82.02388155787531,34.228440456928254,36.170377085477156,38.51374171029852,188.82642922719972,389.8979596580904,1066.8869341119967,201.00364320286332,2796.743772397415,276.9987199910048
-2.6122891350369772,-1.6432382659885572,-2.5861292480838207,-3.733677002712288,-5.24651374040602,-7.714256836807587,-9.86986772436684,-17.165290232985384,-15.78489166273525,-14.476731132212329,-62.060163707223374,-6.4478006119284315,-102.85176179353333,-69.15382507017132,-115.32768666052404,-120.14047487928514,-33.854212776610204,-175.43676104208728,-608.297479153683,-574.2495598767302,-337.9297937495987,-158.73442638526768,-167.1826769525931,-164.32952283919388,-879.3934130736023,-1729.0425605687237,-4683.996187692595,-899.1022486296168,-12343.264240255554,-1263.3770141657992
-0.6834466062635645,-0.10453655241282665,-0.3015546083701857,-2.348865204990236,-0.05826233421508631,-5.236789316119507,-0.5047990687771056,-8.114661375853574,-4.761961205088991,-9.084492710209169,-19.934066525534714,-0.6346621820044307,-33.11737195085896,-31.23182042206593,-37.23121281727884,-47.20809125542258,-15.564733669938864,-62.87214057217828,-210.45663676772088,-224.17819276287753,-130.40227487015133,-50.0273882852384,-64.88669839736944,-54.103945037413645,-277.2524852052862,-626.9009771118435,-1721.3561251838264,-308.3202298742642,-4477.787116251639,-435.26436683199955
0.5563446943960804,0.7181094779825112,1.0203361622328742,0.8559839244873166,0.36581258839298303,-0.6269137571431587,2.3915343389103425,1.4348411541465538,2.744804624782711,3.349257300352455,10.829529057033604,-1.2768515053454075,19.07493587810351,6.251875505938584,20.121891832260474,24.09963900494059,6.836108214038233,30.180895620354544,103.11137090632268,91.76787828319371,57.12596050952266,26.222954750210455,32.359468593699766,23.694176851926233,145.3878854693952,279.7165330412998,748.6704151837117,148.01748677788717,1988.8331269091168,210.42673398780508
1.5626195737706683,-0.36363762944828476,-3.346656979470457,2.2954776698228914,2.468666598988904,4.335226651131811,4.989927500931909,9.307081389525719,8.718126646663233,8.91913174912045,32.72859606864154,0.2257581195968914,44.75854091591669,30.51693358171053,52.35517175807909,59.58306814997276,15.450823798581371,86.8463333660967,290.4984399992204,276.3153783410202,151.35426584570274,66.8469229487522,84.75946906459288,84.5377368066689,401.8777512739465,814.3826086349974,2206.8304860199546,411.38448002128973,5774.6331830203435,596.1364318420766
0.023631931648455434,0.4002140923161432,-1.0758023491029147,-1.633636880541781,-1.1665775690484512,-1.8062433733776158,-4.034484680066782,-5.635870764234463,-3.9258280867479156,-0.7751118429659716,-19.980282455705872,-0.658287813324053,-32.46780940518115,-13.806718282304779,-34.97310545030931,-29.96264898621225,-6.838801224888583,-45.236843741241586,-172.96830025628833,-134.6348522740898,-84.01422199478068,-49.30542470187829,-42.45772876021509,-52.16587422493566,-272.50475783644987,-466.4193767517492,-1238.8779083851925,-257.21327788578503,-3318.0597801836598,-361.88250718180205
0.06638232179312373,0.893795462356405,0.6145364579745527,0.08438847974736624,0.9505077696373221,-3.200232418469694,1.7415223990379423,-4.589453582609227,1.8160477095864038,-1.8413683296744585,4.444062848392025,0.1545201012695902,9.104764597851633,-9.40289667126014,6.260971114911737,7.068719235516279,-0.47883479333148715,4.061783269255535,20.39000041718366,-1.8082299757689781,4.723153714784339,15.512650140910436,8.394368015885354,-1.0125986048668019,51.29585096778516,18.772705515338867,31.591582216939518,27.47374947532178,154.25026952480948,56.96759341803993
-1.5401729721233182,1.9265875121442635,-0.9700728125657755,-0.7687571199370666,-2.5347584961682093,-3.7098956500163522,-4.207420919553581,-7.993416597471793,-6.061834793929505,-3.063640457381006,-25.140622491892902,-3.4027389105630554,-41.512641924776545,-25.450240205755055,-45.62427896531701,-37.080825325037175,-9.818535493156203,-60.143754206085106,-222.72440258604271,-192.21625619188654,-120.8518086990777,-65.63742653210453,-57.680458538677655,-69.77810249448216,-359.48119015674826,-628.9117446794064,-1696.7651194448918,-349.8933234183527,-4529.201208338765,-485.8576029453393
-0.11112740821162788,-0.7565468012409866,2.5904580448530474,-2.7126151715390954,2.6888403072276117,-4.737558743035169,6.1131655461769885,-3.9836253995987723,1.35275468151855,-4.418750794855588,5.697085414018005,0.5572688333413358,13.673519383044383,-6.855449928455908,6.046065446611918,2.5356420161567645,-2.073003207569082,4.094298959576151,25.046878015873283,-9.948315630326922,4.973603049095564,25.145275553034946,5.1913610982229,10.244980345769196,83.11263677275312,37.45431161189741,70.37786004589249,52.35173938176754,309.74911110155256,87.7214991639807
0.06745961849534451,-0.22485522587037085,0.7985143348187986,-0.42535664519905236,2.915243763266714,0.2513081860118599,5.654932209792343,3.4238345971201385,4.157342529034725,2.417972166333378,22.93440503976354,0.43602092589139674,37.686385312614554,14.88317397397764,35.918175857978085,35.10039401294539,10.162908260863738,50.71860295841554,187.2023565865586,150.45898270540354,100.29974967659449,60.39211686624266,49.49387284809697,54.274510469066506,297.3035727841925,510.7014668192337,1366.273267355692,279.79326412895836,3663.368466424405,413.0551786013974
-0.7237280299386892,-1.1879943863429971,1.6721902844766725,-2.106014497376618,-0.43363061881777204,-4.225696260754285,0.715482365663313,-7.810571341112612,-3.870492813878909,-6.564069199374258,-14.650350044367864,-0.6827822860495016,-21.767182281582745,-20.852411809751672,-30.277541664996342,-32.99651482475411,-8.23497363071775,-47.48023958413016,-161.05969430058136,-161.98957291136506,-86.02135483207095,-32.940530939095986,-45.125274617780605,-44.85054748872311,-209.41879939055787,-465.1979990868253,-1265.7772388980886,-224.60839864510064,-3278.5029417722417,-316.0521420703378
-0.61899292309399,4.197507781488118,-0.03315738847885252,-1.790928104426436,0.2228231094790465,-3.5894614134847904,-0.19180076624532172,-5.061202002878831,-3.1243714160364813,-5.153006414172338,-14.006892458842621,-0.6638286804807614,-20.965620403833242,-19.88964562522805,-19.155344926278815,-19.869411457764407,-6.486626778385157,-20.025484111892435,-91.45300684183522,-95.40856467082084,-72.25941033792466,-29.654816940008473,-32.461187056842,-35.54452103749506,-166.5736272507848,-301.8342728363233,-842.189816798692,-171.8967509056466,-2235.447908644712,-228.61646214606782
-0.28160944661163484,1.924161916598628,-0.7686923429490948,1.2202198674356257,-2.3578870974349027,2.41590692393233,-4.779562049042585,0.1967887212050986,-4.019386146603169,3.6671445171811587,-9.667368867188525,-2.461501590673303,-19.131157295300802,4.627976539285496,-14.373499618314318,-7.070009197348632,-0.6456544174143546,-13.486767422830388,-63.66026531910782,-16.697573348354567,-22.316984702091315,-31.603475200849097,-13.263210184186805,-25.56734494886165,-145.71034666730984,-141.96597968675346,-356.91370735612065,-105.99817529358229,-1050.7198211756136,-167.70873204828513
-3.2153222573884293,0.08328841823917732,-4.427041617072119,-5.516034532955879,-7.981635979468764,-10.55424713208596,-13.916861545772896,-24.97538849544784,-21.78978922002957,-20.08267119203529,-81.71223783479563,-8.622259673897625,-140.87526395204085,-95.74688667978481,-156.70168940156466,-157.83324394706668,-48.61922919094491,-232.6050843491933,-814.8380160217124,-760.8688367391842,-460.5396398159341,-218.6038068401335,-223.0392240149988,-223.67497251893104,-1197.611229660804,-2322.1401293322137,-6301.34843105599,-1220.4025198654224,-16630.26968011492,-1710.8368257387222
-0.4398107272470001,1.1522238115020262,0.4367485812981923,-0.815269054231847,0.2593640750600203,-4.404514659075797,2.076764596272893,-5.813776009357951,0.2321074818024326,-3.9718648385508466,-2.3715844319904305,-0.23925378906246045,-3.2186654848164133,-16.378858592143274,-9.042308862515194,-11.06825646877435,-5.321442974082664,-16.82990793735751,-49.58989088530659,-70.90237875235837,-36.32880826304945,-4.56049873690541,-13.294517981141919,-14.233421669227802,-46.20868755087604,-171.489715136867,-487.85066471723695,-74.38302407693521,-1226.5652516256346,-86.5753348761329
-0.8606289599605296,0.042819774738340866,-0.4280650987022732,-0.7224145370634134,-1.2852931391217401,-0.6678376533057547,-2.0336755420795565,-2.9528592664818425,-1.3336127888685616,-2.559321380073306,-8.50303560437375,-3.696975937238883,-12.763000728616218,-13.084810427526811,-19.770730167970633,-21.076610697069597,-2.605547803692957,-32.44233804585497,-101.99391397348019,-105.62237338076658,-45.80313585090163,-20.580181904383746,-33.25444093005133,-26.46955800465961,-134.67781935005627,-282.94326384881913,-770.4345726081143,-147.93883544726896,-2015.1621780770954,-198.42444073103357
-0.4231281283325009,0.2839176680617855,-2.7172059371567894,-1.8916759897451703,-3.3638326793541196,-3.1240644600592473,-5.271922395301291,-7.578296993823272,-8.47387874591039,-6.184055568428301,-30.165160344708152,-3.454437840892804,-53.60925277213486,-34.1174373675737,-56.01090257977244,-56.944183267042405,-16.000005186077274,-80.47501576755481,-288.65265984322326,-268.6096017522699,-166.3731028077538,-80.65731065157155,-79.61549646660563,-79.79715742358289,-436.7415336388784,-827.3872867285559,-2244.8270075922846,-440.8075201829237,-5942.121209003856,-617.094009151512
-1.4291005577072997,-1.724574591477831,-1.6039197804653695,-2.448156271196768,-2.145533624211482,-4.241480623185278,-5.8983823439204,-10.130700037631403,-8.321999974857293,-8.412087701029437,-36.104170644511676,-4.852636988792267,-57.94692797964393,-41.277546057208895,-67.85997035512334,-69.67522661989102,-21.06175614052856,-105.27515826059135,-358.12761827120113,-340.2996628978836,-195.8252857150313,-87.91713066335129,-100.2863160566388,-97.05807940194488,-510.6413946795815,-1024.5894862182415,-2772.6802775225456,-526.3648341755123,-7283.074523411841,-733.6172470737482
1.5189327193830795,0.7144542545957936,3.804499680488189,2.423767245277478,4.186387140426384,5.0340512101282275,9.445569180486967,12.931416845547643,13.048639778935279,7.436107611662742,51.07214114851665,5.049678770058054,87.87503513268561,49.571471250394154,94.0828656888083,92.66385115901966,26.256970154766538,135.94118572865833,486.00528672702467,429.0919864082393,261.17011173032546,134.58826995766103,128.77214826830806,134.81468823883222,729.0502215397066,1355.3473101109835,3651.5852654533423,725.7405322648984,9696.74313258924,1024.0763526488809
0.20725163331961452,-1.3648187525847366,0.18578682569315194,0.5667460473456652,-1.7566851622941033,1.454172243711822,-3.858481829805833,0.15797869795880837,-2.4147627933254014,2.2378186382125023,-7.118975769874082,0.09334907235665202,-14.558834534312956,0.4502965008037201,-14.22164541484312,-7.039284427907594,-1.1310683645237907,-14.511499797813816,-61.263370185102424,-28.29044896634924,-25.729555217117923,-24.40512446740726,-9.43608409631562,-16.74532968838666,-112.78783640100235,-141.66014295870636,-358.2638898580345,-87.5819938643576,-1008.0404461045398,-134.1300134375346
0.4434857773330863,1.0559415543753943,0.25134089346622257,7.7821005332493955,1.4819218144706872,13.155297213792378,1.84916169672114,20.398602610643263,9.910750150075627,20.27730221231896,49.30155942741944,2.0246627208380055,76.7501998696068,73.5772792312431,97.8107051000599,104.49754806240597,35.04618852002597,142.6326726111794,501.4510367085631,514.6047450409948,301.65083567553177,111.80641119188424,144.68501095998238,135.73074314800812,681.6274135991729,1487.9760538681562,4075.437439353451,735.2515754865115,10595.829239657565,1007.9356904034122
0.8635618518178461,0.83024188645872,0.6823844798006331,2.237891962822867,1.8648782059250055,3.6886077964283435,2.887805698018878,6.131007291093802,5.347180090486482,6.199003653441057,20.311212801047237,2.6228101700305158,32.030283514666436,27.370306446591957,40.50911900856694,41.81805630526552,15.803863575237102,61.80884124038182,209.82384323656498,208.78426217002027,122.2560005229875,49.89377442599671,59.15158028293037,54.31097342160947,290.6419774798205,608.1910568661807,1663.8922728959578,306.3464314303335,4341.622089727042,422.88381480414785
-0.0031204657348797254,0.540407888533664,-0.8756203314066848,-0.23378283805415453,0.552912300088742,-1.799307609171813,0.8953869648663626,-0.8397428579017088,-1.9291116331915052,-2.009744359604865,-4.087577470953089,0.686253214842186,-7.978235863004199,-8.345098731793211,-6.082689192373212,-8.911392234837326,-1.868664894275829,-8.337535955609596,-33.04675094747008,-43.40958429121932,-25.842444108949685,-10.912396529480489,-11.21087510596556,-7.809765882191376,-50.210045752961776,-110.1864913640521,-306.66562201540205,-60.366502868301225,-813.8991777872769,-78.52549015969804
-1.749616628642036,-2.626644039591802,-1.86624058275379,-1.9011203860361496,-4.499272006887887,-4.778697459860089,-9.432757521364602,-12.780917719975612,-12.388875008599955,-14.040351292858789,-50.17856213287333,-4.573452956631731,-83.57416807495267,-55.62122626588386,-92.83419395793892,-104.13442886872579,-30.24562218392846,-149.6348591608632,-503.65599682096354,-484.3277451470364,-280.06416079729667,-130.61893582075126,-143.00475238313766,-131.09677828322165,-710.6799353216094,-1430.0704924233864,-3878.0317461189347,-735.1346013616806,-10198.024294369185,-1044.8095856021941
0.07711118273487741,-0.500451765631882,-0.23278369017343625,-0.9439463170392025,-1.1326362002650232,-1.268858163532024,-2.645801448812724,-3.6282377563389767,-2.487278621223701,-3.7873891316616812,-12.800669200452548,-0.13160503750049923,-20.382110437116474,-13.48282739117586,-22.785271548009526,-24.852999507350088,-8.14912598978522,-34.49152592906876,-120.62249789593878,-113.48697368357742,-67.79262559051689,-31.646365793975217,-34.97160053946629,-32.476183207773126,-171.4908363990564,-342.98838487891436,-930.428195531861,-174.97528085723113,-2443.6159769839483,-251.25446468121913
0.19077587731142814,-0.6420261353452289,-2.086281633320728,-2.474703409586309,-0.09439853468731885,-3.202523163463904,-1.4929569162093443,-8.410063917671836,-5.698231247543991,-6.961710610051179,-17.990457146301843,-2.3667137994276173,-32.519931203422615,-28.45116078887816,-38.743221217386655,-42.90626836403679,-12.770141419605276,-62.16947537146509,-210.1349111161134,-208.03457466251157,-118.6590437714641,-52.16631917785674,-57.261628529759214,-54.43313053423507,-290.29294235545973,-607.2617577775862,-1651.9134021516857,-309.62154365723825,-4329.105434839322,-427.58590880822885
0.6750694682484639,-0.32812522909705777,1.3685478003131344,0.24996505267288271,2.2104202560093995,3.0475442857538426,3.7723157896853463,6.800832164559248,3.6315390926194686,2.240180675899648,15.149401257740227,2.2621214405358296,28.67461965991374,21.97755740221792,36.85665816364084,24.544907438812206,8.407932445152872,46.23839511655505,170.00015485367817,145.30720534435434,93.93987359951697,45.36107543225763,37.20124270927612,46.999177741050836,253.69892448371942,475.8683944044983,1283.366239972945,254.26787075567682,3401.7467561213384,341.62726867122586
-0.1469709083135309,-1.7413392427456371,-0.3138911332772528,-0.6335716906967581,-1.442300738515669,-0.8466161855680805,-2.646973464878925,-2.670501813062499,-2.704096627051873,-0.4841528253555567,-12.48361256268543,-0.10140270260239426,-20.214525461232,-7.168339380008749,-23.342565377124423,-22.02724524361808,-5.266090118348137,-33.63492659828509,-120.20540003843871,-96.84189405135614,-54.29676944158157,-33.46835314386392,-28.188930695880394,-32.52266769843989,-177.42624117230272,-318.1014225949161,-841.1051283095436,-166.8950240106147,-2240.0077504874675,-244.88194702501406
-1.3658621062332106,2.0708041203321295,-0.18527620849474347,-2.2937778203129273,-1.794561796529218,-5.138185469789445,-3.6113728165165417,-9.809767907036546,-6.058593096927265,-8.834191207926443,-28.906961695935376,-2.673286393951744,-43.87670351663961,-36.82716070250896,-52.95898507397896,-52.30394992494255,-12.231161310581957,-72.6917772311835,-262.80696877339307,-255.05719594030597,-151.93301508495554,-69.7930115146442,-77.2505277555856,-77.27943721106278,-400.95168271386234,-766.8165461591313,-2085.5797461249035,-410.18775433818985,-5509.128719698812,-559.296753007606
-0.5664232358249122,0.11384583820323632,0.7007296189432614,-0.6983996499096619,-0.39446467097970467,-2.814717462697089,-1.132739016762022,-4.434711389383565,-2.256071463530208,-4.080958761148242,-10.69055197401258,-1.2693484529354158,-16.191770804668245,-16.46931840830274,-18.145036703467458,-19.913200217192536,-7.716382777408747,-31.840563578628547,-106.57067524384749,-110.19594598381852,-63.942383696236,-23.09084218102805,-28.617585632762918,-32.879198109829325,-143.91342338983114,-320.97939959552576,-882.3680139487266,-156.20482677300697,-2283.1278018851535,-217.35770858779122
-0.31997857801061713,-0.4925787463545848,-1.1436494758316462,1.1791806093254678,-1.126693606122786,3.110504227822389,-1.5106815550816455,2.9099329405873204,-0.1334331986219195,1.9827666889241968,2.1150426326741067,-1.5688836019629786,1.6214093324197365,6.855933314578767,1.9712352552604924,4.25110752577613,2.962671636090725,1.3683277074614244,8.997793712425596,22.612538116509228,16.642867258290412,2.0182099370890256,5.382574037991586,5.238079209173086,13.949648549081388,54.21752113733755,162.32894367204293,21.00149234376322,401.2153295251122,28.129885202860983
0.3450774310619163,-0.23071837530673933,0.6859105459991555,0.6048186824071757,0.9858773070432623,1.2627768970116275,3.4626162781462235,3.198281948937095,3.322352549867348,-1.1512357393010566,14.067712902018984,1.2783281494929093,23.670246937777662,10.054582279386064,23.157859308729805,18.34698646352719,3.5618979238307036,31.926357285181737,120.90567320464596,90.37045952157618,54.35414897453771,35.174422838904555,24.759297318931978,36.77805256602675,190.14613565550408,320.0653836050405,845.8013905479824,178.40303886242137,2278.149772378546,252.00540377897525
0.15263454064147425,-0.11159649568322656,0.07920301227362697,0.261273468303614,1.379487141422425,0.7413952148078838,3.4017226702946584,4.016872016458208,2.107377056704405,3.2055295797551433,10.264260171068864,1.3758307880835612,14.994775128582729,13.651949020074236,20.36788704229861,19.731264714779098,4.686576711189689,34.0438518463942,111.82235977346333,103.74963732738998,52.6814480695057,24.33586972255814,30.16774803968643,31.334223107186027,148.947945860376,308.2303938424616,831.1260305272767,156.8468118036394,2172.5960540112123,215.51140001860796
-0.33940570251421215,0.2246304896608469,1.125483905324788,-2.873036834357496,1.342093171736442,-4.356673191264197,2.198896574944027,-3.2324600597703093,-1.4495495280190336,-3.9030545062274347,-9.496786430653867,1.5847363464404123,-12.627792684907574,-13.761727533620453,-13.379391804979544,-18.367052557582465,-3.9941328458583967,-18.753434268995083,-70.90347440224835,-83.36495858045308,-49.53816238643558,-16.319980988518548,-20.006920930375408,-22.576112020769187,-102.26204907933466,-231.98105590317687,-640.414011233359,-112.70759581471715,-1660.3675444380303,-152.3172112752233
3.6130485916098714,0.031861071485494295,2.384326352507387,3.4624068936099532,8.21147831701318,6.7696348646261315,16.63022566289096,18.430304496766105,21.92971163653756,14.208260374882226,85.60887664913449,8.428048114612656,138.61413665155004,76.14982845596046,147.17775701148295,149.36995713963418,37.46723850976065,220.7344341351259,775.6105883776004,687.9679212962983,414.7918626358173,215.68502871488377,214.30646709835545,221.4068866668535,1173.4108078280192,2166.4544330302206,5834.4796240909045,1158.9948539328773,15483.809881096096,1653.7433573505
0.2376858279072638,1.8250098659577012,0.6516251099373394,0.5108242669347761,-0.6907301418173531,2.027154064379501,-2.533296889825137,1.7000931216821322,1.1244366400117283,0.5498382058879928,-0.2020540666266567,0.7389949414588901,1.6273137796547057,4.264867021521708,3.875342106593715,5.745664228054081,2.2097903443951794,8.517451393467876,24.088636915018544,35.17785329442573,15.670999319607931,0.9215337862602863,8.2335534303183,5.419889243048756,19.85825136302119,83.31556109430817,230.74515926265997,30.03689947168151,567.6640037901456,43.61556773817101
-0.7455914876938771,-0.006091550063556803,-0.4227699216756897,-1.3957755244380605,-0.3996349033558375,-4.704085323579301,-2.12132383904028,-9.280368059020184,-5.6207995669577455,-7.148763524911833,-19.502850194491298,-1.0385585847014736,-33.10148232163655,-30.343805108603462,-39.69768835183054,-44.896597301291536,-15.714426582705368,-63.05797072837295,-212.6120666134646,-218.59076018684738,-122.53524611319168,-49.20292310306303,-59.10632112041256,-57.469384544868355,-286.27269243008413,-623.7869504621992,-1702.4324509373027,-311.7125885561464,-4444.0856365853015,-431.00258663178846
-1.5917701837817488,4.15511608480029,-1.947359354391614,-1.5637608055802237,-3.615524849085965,-2.1384879575958564,-7.396045996997069,-9.551464313063947,-9.648810778939145,-6.989027658956216,-37.05023400193109,-2.427860988539858,-62.041930582751945,-34.77075048750665,-62.215119273156944,-61.685269555149866,-12.182508151436139,-86.41885968175032,-317.37887453208793,-277.31327968285984,-173.88732254578957,-95.91940406340647,-89.92196070915398,-96.91675378356386,-508.51365665873954,-889.9588669618316,-2401.6646205804263,-499.0116554475569,-6431.310427873347,-705.120121655172
-1.1850912600224202,1.2135179327683354,-2.3553078437502832,-3.1439517447631387,-3.1642570901768496,-4.46350676368972,-5.194192311961092,-10.210715165389825,-9.80817778527195,-6.872561975489036,-40.050188979279746,-3.0670530037981756,-62.841092318425666,-37.751628437454364,-67.92635986262859,-69.78893851435306,-17.459750429392848,-96.627013444525,-350.42938574310335,-316.4529425032458,-194.31792693897506,-98.11508021565578,-99.62335837846558,-102.10856587620057,-536.4845573885993,-995.5828478687304,-2689.1170187270423,-533.1405150506497,-7128.53674080973,-750.732568988877
-0.7094484130906304,-0.8746186298824593,-0.2718532465546875,-4.19939716779606,-1.6826030978148954,-8.13584944157536,-3.9780129682680054,-16.00429260834782,-8.40821115995553,-14.313409978558294,-38.08756899048196,-1.7285317593204472,-63.37708626282539,-53.726829830129525,-77.82990850505004,-80.67737016031661,-27.57746126175626,-116.9918805438226,-405.9124885437853,-397.89108042375216,-235.8240074162933,-96.9812741230527,-110.28660174211454,-107.36996274698396,-554.8242576929736,-1173.7490325666204,-3198.0811605932286,-589.9433494769876,-8359.193584834358,-816.1995592362546
-1.1351847424182437,1.9746522800289088,-0.3646722467552985,-2.0316620927777405,-0.7073670571997732,-3.3363352271480498,-3.4422319648632094,-6.520501906869053,-8.661162378086642,-5.325018215894909,-29.744219323332885,-1.6607443457083173,-48.592271453354094,-24.64409173903545,-45.578036950211235,-52.881697335207555,-11.832830463721725,-68.32745077067358,-247.18095440086464,-222.26636501100907,-141.4934588122744,-70.77888794887022,-74.54709015130649,-74.22178247115848,-383.80115602572795,-703.8433572725803,-1901.7389991652965,-378.284630895129,-5052.36868784084,-548.5178783502555
-0.9858175456080485,-1.4578642827601846,-1.339945727657602,-2.415513288602769,-1.997088701283778,-4.82343131823316,-5.215365134092898,-10.277873101756075,-8.188984122963932,-8.516108430099157,-33.78027160210365,-1.590743724041415,-55.3910544200529,-38.87732049820084,-61.73171274002107,-66.89764366372452,-18.09204602375893,-96.31161435008127,-334.6394486528122,-314.67483971137943,-186.2146899526199,-83.38402956888643,-92.2427457651423,-87.43598152944385,-463.8405188981298,-949.0524330492865,-2564.4000569391615,-483.55619114449183,-6741.548611278867,-680.6232433258373
-0.5617850486525975,1.0075823934507806,-0.15940715261110172,-3.2625655921626437,-2.5288168394167867,-3.41096668039427,-3.6507323391630324,-8.542565381429318,-6.622943772135006,-9.063637743117642,-28.694460327619957,0.654625965064948,-43.34198250043373,-32.934321145754794,-51.045460033967146,-54.889074155482774,-14.696750256373239,-72.20587498578689,-257.7711061561809,-249.48071269013224,-149.5316294591837,-67.37493384782753,-77.62176390945291,-70.23164119209918,-372.5955659956858,-741.9274017135732,-2016.5370772321273,-386.72429821410674,-5311.219290738638,-537.8673788758498
-1.0591593219411153,-0.2727979434450464,-1.1807526595224416,-1.1989211620988884,-2.8041149812030017,-4.868769382980423,-5.138434514471958,-14.365385622421318,-6.8573329479039975,-9.082805363603077,-29.628752522318567,-4.6967906882963275,-48.43932408358483,-41.17508896270109,-62.6598361228763,-61.50594794927577,-19.139557491986967,-103.20284935870191,-341.927100514269,-322.2757150001977,-173.8572667383461,-75.32058307107405,-88.39012537494901,-89.82170284968642,-447.0061513436443,-950.4919175209551,-2571.9128262185436,-474.5862531136509,-6716.775265453536,-662.756773837052
1.57760426879597,1.4103765876832914,1.9639511304156902,1.1743243191774926,5.504756966016713,2.2928986004217564,10.018110357887782,10.095403995900753,11.836400250444399,4.785449637619873,45.62969346747777,2.569627676291993,76.08197870101037,37.55243700146735,83.73667916002245,80.83437457067893,19.250202888704344,118.30275960859323,423.23856059347025,361.9159912691985,217.94837175281862,120.25605580500846,109.28529162131848,115.7344917608778,643.1719938857406,1157.5143433410142,3098.2213832986054,625.3280695724654,8259.267241839523,884.3692564403232
-1.8296639031997042,1.3322357385956818,-2.5533041908070304,-2.857159101780838,-7.22745656278733,-6.255262305001238,-13.929414231801612,-18.472218103520373,-17.843371461996366,-12.301687536699102,-67.70620200898698,-3.9152636758262123,-112.39644870089276,-67.6452974072649,-121.21575144171025,-121.80178940019641,-32.622450963296856,-177.99841974971065,-631.2798284163775,-562.2296483840965,-339.901908406427,-176.1017444654792,-169.18620882026852,-179.52839606462857,-946.8717974777647,-1764.3667724207223,-4757.785154695257,-945.347096730985,-12631.869667599187,-1336.6870619570893
0.0502651695527574,0.9463654777975019,1.5609488203382833,-0.4908758248617277,3.785052709347453,-0.3333604099377475,7.413015641097679,3.8734214282106976,5.670400043663303,0.6822525752173234,21.245685418220138,2.020866880875561,36.084444965150865,14.162314108663791,40.7718684796015,36.457458028700174,7.973140396946739,59.08975890833372,210.78122255099422,165.17986621367092,93.73151061036782,58.99759402466428,49.2126695732956,54.91573721468452,309.84529939732374,544.8017174782002,1443.0579921007577,295.0547003060397,3859.3095078337255,420.5943476177579
-0.19748353610219294,0.8676455130043159,-0.729965348524289,-1.3931922210661405,-0.41374219435619153,-3.5587275618713385,-0.4317827004349987,-6.117750813963879,-2.422115182905528,-4.336939737640041,-11.841787148195422,-0.20270187465914602,-21.749964536908376,-20.364769105079656,-25.81193883565866,-30.723195485119234,-7.809478199367479,-39.97549475350003,-137.14867028042346,-146.64326869922934,-76.33842160413023,-32.20644249734956,-34.31416652230972,-34.491913222085046,-176.3152028365819,-398.70492443323513,-1086.1939219176234,-197.0371472012171,-2837.1614622203765,-269.9234572604268
3.3454949854559746,-0.4953488785155284,2.678943187201268,5.395596975059114,7.75015548966845,8.982824289571202,14.299717099432016,22.025075959327125,23.01271626199486,16.258177395202917,88.40775912849023,8.192346967275649,145.03579677144486,83.65707377178968,155.135066568057,159.8102937751957,39.509232367657845,229.213678294797,810.2669016094042,733.2352821392525,438.62477384748985,224.1718842519996,225.62326191888374,229.5547905869565,1217.4105329192855,2278.9698885872426,6152.751475041181,1211.1609924941868,16299.300671147657,1728.555726124933
-1.4957619466497616,-1.8211559461315932,-3.487636040325459,-1.6118036816529262,-5.61646592429585,-2.919780919587829,-9.610720570776556,-10.335038512226687,-9.433589176147821,-4.998165928660672,-39.79096619873701,-6.430214047972837,-71.00086712445226,-38.76077196176428,-80.7296656442698,-75.16388884096756,-18.066266420135435,-115.90472431265505,-407.7705975138839,-359.31049763826593,-207.1118226062397,-112.6438123563554,-105.68462292787959,-109.04615283737833,-607.7542802556873,-1121.9293526503889,-3012.1397486155697,-600.5960443728081,-8001.422593153641,-845.8262362595757
-0.22851897543955882,-0.21572072189064617,-1.7044405457654792,-0.6304522832033762,-2.3185081537557224,0.6323818743104448,-4.986111801041391,-3.565422094397186,-5.340735700280941,-3.6009516591490716,-17.144215047266375,-0.6889866375453345,-30.990891110965872,-17.109153970293367,-32.61736093001657,-33.662189054322255,-8.562501319473425,-47.72922005848732,-166.92730823078315,-152.29668240355957,-92.56821734742158,-48.58063562431325,-46.48843700864873,-44.04945064123471,-251.40729301347622,-464.8188083441786,-1256.0520971765884,-252.47051190205656,-3341.3005533693304,-354.29102074601883
2.7959124835667684,-1.0582892122645124,2.527753431478239,5.435363963564554,8.58854900178407,8.948605785047016,17.18335917613335,22.5907990758431,23.38400028194464,20.043109394085146,92.1172926403362,8.615099745034735,149.8464185817485,93.08380947042271,161.85003064959815,168.35114686439982,46.122080986303935,244.52496767594008,852.5967900233112,786.4703376064971,468.87034541503533,232.35548146569175,239.58427064896793,241.02546137283719,1274.0678074327225,2411.541785290697,6526.036732057828,1279.2955137532895,17265.192166727473,1812.5995465190508
1.313096881408209,0.4941359704175287,0.5468736794147475,0.8433166932327143,2.0368776568783646,0.2786141181987061,0.5244269935238703,-0.25526321305889843,4.866367189938937,1.8899983437652559,11.125045121611272,2.2540803532227374,20.439136368420414,5.8237180517974405,19.923310236976313,23.851817840985582,2.3405379297819295,27.497213738105227,100.26556492845363,91.55654763301033,54.99281799095136,33.16374730536181,30.313266970665044,25.51815051555255,166.40866443244775,277.7337946499904,748.4368445123393,157.46339529531159,2008.633989769047,233.01025501995207
1.0055158534762338,-0.3678811379060665,2.009059074837114,2.4930232150653175,3.918365248436249,5.228311923515417,7.321421302414498,11.994369271835675,10.082951495831036,12.123284777403402,41.76595173416964,2.777861775175195,67.97729888722193,51.36736137148732,74.33485491162551,82.2253633861113,26.346865685850382,114.95124318263217,397.0705076354442,389.30120105710955,233.48348907752228,105.28502536386243,114.69262895365607,111.390593859433,579.4743024492374,1157.690074816227,3158.2238575854103,601.29910432823,8304.255378143158,842.913151539892
-0.6620252238076914,3.02044312156714,-4.118106714844023,-1.8689767086978513,-4.336087495703026,-3.3712810298663074,-8.779018417988265,-9.724485212518946,-10.260702956945941,-7.458063330842748,-42.67129756526259,-1.9044305137758484,-72.5386105185527,-42.97660933314855,-71.5513151338168,-74.94590485463944,-21.33409629272373,-101.70595110422475,-371.4380966626418,-334.96743199542306,-214.74748302604024,-112.87464221853605,-103.62700470410722,-110.74213630216781,-583.9168605435054,-1065.726906348358,-2883.6252655674834,-577.4791385599824,-7681.776232023171,-820.5828713504745
-1.073602141774755,0.331207933976179,-1.2350765193412132,-1.3816057155014088,-3.94193015835618,-0.7582399644853861,-7.5701839076302475,-6.043307793947977,-10.067922073384185,-4.276351220410774,-35.69240016010712,-5.30142129549728,-58.03510660970523,-24.863848670941344,-58.82143497304215,-59.92397693563707,-14.032254433226596,-87.28819627966861,-309.8049219997988,-264.2830114788335,-159.58318072286613,-91.35104175237582,-89.50704412651515,-93.66023915347408,-492.31596967809594,-856.7880031875444,-2302.004923832047,-470.73534415460847,-6141.483721307268,-683.8303136483509
0.4114124181218382,1.0355279948499927,-0.02629067072712854,0.8384135002880163,-3.187334541286062,0.2860947891444541,-8.122375318902968,-7.82824036105678,-4.762084241854438,-3.3265818005041807,-21.76461206894776,0.3765216696933711,-34.77923747883507,-19.515452555636003,-39.245911197216365,-36.38093597707462,-11.034997034951864,-58.16880647738558,-204.9893434783326,-168.9539867406111,-100.03175591423097,-54.72185043018406,-49.826043928672405,-60.266233270644264,-302.35104543996414,-550.5896305551378,-1471.7107263828198,-294.0041545654764,-3915.155118060626,-417.96704494501466
1.9572379144000107,-1.3278392609582872,-1.506122985455969,5.271530083688732,2.202272661604966,9.857449269486551,5.148258876261042,18.102487110011584,11.779850645964505,15.050676302541657,52.317451519365015,2.980141612721026,78.313539872866,59.327050948770804,92.130748158017,98.04946246483671,27.162303355081068,138.7899595733269,483.5214993149016,464.6123220508306,273.75675920380525,117.7953919311761,135.79712870888054,140.3690681911984,689.5078504895961,1396.8759650401862,3796.7105879137785,713.8622450526516,9950.54320873459,1003.1396753361281
0.12050324134479709,1.2874593627765056,-1.2838037822894095,-0.05109471598596188,2.2867671754019505,-0.8562875789364621,3.613229171970277,0.9405804902624019,4.542021322559724,0.305173521787572,15.468769938390118,1.506661887673173,22.905675115085202,1.827730273511516,23.07837899872573,21.934553192544332,3.9064530592250946,31.81378125849695,118.16539898807996,84.87116234719406,48.1258472786914,38.982367242129925,33.98701289232281,36.14676416098783,197.74645303133124,296.9492137528619,781.3035278636075,174.20681499315137,2126.2424575233454,269.1566354176006
0.1545803808986412,1.867654268056187,-0.051633564484742545,-1.7604364610099719,-0.08762967723040033,-4.336552141327988,0.26676395733072267,-3.929970032012076,-0.7816947144435547,-5.361137945529375,-3.53223047731544,2.212793310544553,-7.235363259994822,-18.997018581322028,-10.830844486871861,-11.478111925136231,-8.15407601343571,-11.315631374583658,-45.80406527561592,-70.1000745621949,-48.5051366310548,-10.078143344448117,-13.018556851577381,-13.789339412761663,-61.76252532354927,-178.15626122409543,-516.400899116495,-86.62149686220269,-1321.6042629439896,-97.62069821755254
-0.5798931635395344,-0.026216840056263124,-0.5319622257438136,-4.244950697447825,-1.676282999004218,-7.202843538020107,-2.3253861695262676,-12.19833391872304,-8.236429247666651,-8.356695244139186,-34.40033004509162,-1.1523638571292547,-55.29909649420261,-40.74663230520387,-64.87272322337449,-63.65005416463403,-19.483277861068096,-88.7617659320733,-323.35558378920365,-304.44660551138935,-191.0029523251036,-80.20611601584106,-90.29648079726562,-92.1965523927434,-471.19856987393473,-939.9192724752129,-2551.310574602695,-480.7466554431024,-6696.777527799483,-670.7509795232774
0.7743265778521433,0.23889936926504518,0.4786555073156926,2.3729999301330413,1.2462076695405395,4.489496369133495,2.55412174232987,8.284831083414362,6.034430845998065,5.647365239379711,25.11882293057553,1.44273123569082,39.62212093452993,26.249952117219326,45.529348443867505,46.345602555552865,12.770231499678967,65.34164937603818,233.59043977507432,216.13560100229762,128.36960789350172,59.90939902012528,64.40236397576902,67.21264621902185,342.87072781827413,668.7637773131654,1806.2665951673819,349.04065324611184,4765.562704582638,489.6957474241813
-0.9832655594240507,0.7542135537718928,-0.813749601043207,-1.6159199523365735,-2.1655660208962617,-2.203240507851165,-3.5514637082251825,-5.2220898214672316,-5.104818067709685,-4.552481832601726,-20.50197684880388,-1.885602828655888,-32.05449294953172,-23.64120718343836,-39.22730251998752,-37.80223277335823,-9.422740064716347,-53.3487944024161,-189.97587069661503,-178.7396922036822,-105.81665290069353,-47.76121263450899,-51.3356426974236,-52.299115595461515,-279.22808597458163,-538.0145412397158,-1460.9653487912096,-288.20902787303,-3861.6762783306144,-388.35668297095503
-0.43485508411254703,-1.0507446798625415,-0.1770874053232657,0.06250398368912269,-0.9690150278940222,-0.3669840833592265,-1.49213856252307,0.5363589231308059,-2.1761439630819153,0.6495312981799466,-8.64839605453262,-1.4243392884238915,-12.766069764761967,-1.3189539639131465,-11.193414880386657,-12.420955716639128,-2.87006746797816,-15.330759839284529,-58.348777893644304,-45.28065010658977,-28.78011940765526,-21.415004098156395,-18.701867695335693,-16.41426516903181,-103.62729640527517,-157.21130166678083,-416.8221961773474,-90.98887884893037,-1133.0807585457987,-140.33288095546024
-0.16149254202208901,0.005145367656449353,-4.063811602158689,-1.0312032586489372,-1.8085177161805597,-1.9706581476291554,-3.855866032059477,-4.123635387809868,-5.659123239108347,-3.363659812491005,-20.119308818337064,-1.7045646297560122,-39.573252153121395,-23.144739993030086,-36.83518900083003,-39.00223187422817,-12.911504499069231,-51.816387770051875,-190.91973234166772,-177.4701485485374,-121.70311657765322,-62.83013111555672,-52.6842725948029,-51.17459264534078,-302.8530667111509,-559.5985493831105,-1519.6812738857313,-306.619439333289,-4055.9842877149927,-428.1964241371296
0.015337782084753209,-0.22649158028280372,-0.06082861403029242,-0.3448230906954766,-0.00819592459410847,-0.8317815596165121,0.9456654736501731,-1.189022425253868,-5.052898541508717,-0.6601993386280354,-7.772990783467026,5.031474411256928,-15.035216732670461,-4.543681729988638,-11.811752420893143,-14.602754109803332,1.5047037290620717,-8.811874892633828,-51.75879717030539,-39.87609902851458,-32.50100657988003,-21.57015334906467,-11.669090796204005,-12.981576371674947,-88.43072244838918,-143.39265860959114,-368.28060458580114,-81.95424118887628,-1025.7549175843214,-124.8519675784088
-0.7239786948058025,-1.2284431618414275,1.971081684045218,-4.037114174622,0.26870224712550483,-3.8372431265452738,-0.006420838910254467,-6.659438503171582,-4.852928499989543,-9.995651835414122,-21.39750634777398,-0.11065103815334987,-27.754327544578356,-25.04373319306364,-38.978797307374215,-48.16583312138418,-10.847097206810261,-61.19181367042065,-202.41272010835763,-214.56882321323377,-113.07198719162079,-36.192747835587305,-64.7338958363988,-52.385388523225046,-258.0630501158547,-590.2780805709295,-1608.1413134351153,-282.02097963204653,-4153.712496105772,-392.8128540157527
-1.4710958929838038,-0.3077911180562903,-1.2742312402386362,0.07021047165784555,-4.628889415750365,-0.41030906017984303,-8.842631766375241,-6.22387599220969,-9.655785648727228,-3.0387065774138815,-34.81689798259406,-3.887328810471919,-56.1120804910391,-25.721155215516905,-55.06334156955338,-58.10044327579829,-9.268008114351584,-89.67603628788218,-307.1652362223406,-265.03705572760435,-151.41470689974707,-89.94172995407617,-80.03431240439436,-89.14136246723092,-471.70404630418574,-838.5596314808853,-2244.34709530073,-458.82026633857146,-5992.314749678672,-665.4521808349816
0.25005247686941123,-1.9925696367620778,0.6618225027421059,0.8329198106523759,4.2600291195695155,0.9747301164387386,8.95430231369184,6.520754240739485,9.069232325614463,3.8888662090936172,32.51386588062238,2.1150309949496373,56.138350239016994,25.626488466391187,54.98931395452963,51.43851154105472,13.351825736566681,74.94056144594516,277.6139626764198,230.3723516301343,151.58702739779105,88.25049747044068,79.92477212800333,83.57427244434008,453.54125020473543,767.4957924436877,2061.911791086366,430.48730804065167,5536.801972226777,626.9763554518238
-0.5494605906025921,-2.963772203287415,-0.9624670932984869,1.0816333430060903,-2.297922565962401,1.6080160446023624,-4.743217023592428,0.49224745588267227,-4.534447093132402,3.7369707809095134,-12.715671094590517,-4.1837839421168255,-24.3921903039317,3.231329312193229,-25.293981525614225,-19.779772292133806,-3.3376191667279245,-35.15449177322475,-122.71845283456426,-78.1562725436336,-44.84229634199358,-39.51127541642575,-27.50607906601824,-30.26368228344512,-199.8582255605088,-292.3379336039055,-752.8078191120175,-169.56446669643435,-2058.551494649779,-262.4157963418466
0.17730588773249814,-1.308102306474694,0.952290831846454,-0.33246939175261764,-0.9323677519183122,-0.46160319251237253,-2.313705891563577,-1.999204926296706,-0.8355663068212817,-0.7163734154330144,-7.315203532099145,-3.014752339997025,-10.075768573059278,-3.4871537962306465,-14.426744654663134,-11.02698593808689,-4.531857535210719,-23.605845306569645,-76.29641464808341,-60.959022169396086,-31.370078593439445,-15.954438420886131,-20.056099703109677,-21.08150490579864,-105.01458638018826,-197.10679649322157,-527.3261177891288,-96.02348499987903,-1369.6433955875161,-146.16518099650727
-1.1753029713775403,2.6068061594171623,-0.259714441340837,-1.7399432375271664,-1.7226336117916827,-3.8235823500654997,-3.4327549690342143,-9.808283949786716,-6.646979517142096,-4.393644472900739,-26.691495781393847,-2.275527571104692,-42.146021451108936,-24.560673300509983,-45.49116662693383,-42.111977076103685,-9.727823932189672,-64.45219503491552,-235.11250587352825,-200.52338644002475,-122.50514465788349,-64.5942713028815,-63.19142369300613,-72.60342596471564,-362.8506287168153,-654.9524563027825,-1761.2433470362953,-357.9162250721674,-4688.661893792524,-501.0334383248046
-0.03844959868046046,0.10431558599817754,0.009207228534519274,0.3764375367837866,0.1552885366939036,2.4546456823725284,1.3122052224334366,5.107759908353582,0.42367750986642283,0.545339312958125,5.120727635218198,0.7701780936973625,7.442945167809916,11.177240997814422,13.071581396864163,7.27519945737436,3.627469185013431,21.599745086254337,69.35821871386821,64.06520539052525,31.802284601031037,11.607985088040191,11.38829349832178,19.683209827378597,82.67188212948997,194.3347892975151,523.8181517550113,92.24620826896829,1352.529396744014,119.14765307990533
0.0674000675691325,2.683030651324159,3.097288908911007,-0.33972915230837153,2.1882268708309254,-1.2453271773192127,6.21783024087345,2.5077538563646193,4.632460605729157,0.31889073802956713,18.595066817282323,1.2602473016299638,31.71192077079661,13.447248961790192,34.07342987958331,34.747380762633206,12.191252654716262,54.60082314601149,184.78256408586972,158.54954048662285,92.04972404746634,52.92763271970305,48.0651426063656,46.05065251477584,266.66558704096656,499.1878317805694,1333.180333006367,259.9327910483038,3538.031357361628,378.3244605927495
-2.2667636735442165,-0.14503067765736077,-3.4051215445963754,-2.6507680252366397,-6.375819560976112,-3.214796423937435,-12.296956475984596,-12.379066528607904,-15.997860083546886,-10.716637831216186,-60.57111735065917,-4.993406172414089,-104.67145244027445,-54.28682376817047,-108.82118730430032,-109.98143957222057,-27.661122862833157,-155.7607641281243,-559.6611520004167,-493.10009662088123,-310.1510264858652,-161.62826969383767,-153.4446986084611,-152.58658424689548,-853.8262381969987,-1558.854021917514,-4201.5073360828665,-841.6020493438798,-11180.017187588399,-1195.9698226193848
-0.39570010672272665,-0.4721944013626697,-3.737663542550367,1.5766468804212448,-2.53644713897523,1.2697416884421004,-4.539618813934524,-0.18661042055528465,-3.7686126961804858,-1.9216048192407889,-10.672916101738034,-4.488939995587119,-23.15152939108314,-13.695392106657856,-21.148346343688534,-23.018231451354826,-7.920616601374096,-37.24143367022405,-120.58774934837626,-114.87139349225929,-70.85054223979847,-38.748771731349755,-34.93456884517803,-30.772408436417876,-187.07830904848203,-345.18279907209194,-941.0588272611882,-190.8822223719082,-2507.398988374534,-270.08682801653083
-1.3136784728804145,0.012359794217354392,-0.39531801747183437,-0.7582971214146554,-3.3816285640208847,-0.9927242964965032,-4.92949712331292,-4.446221510218852,-7.595245141770401,-3.992859931269792,-25.671571217688285,-3.710176480867522,-40.925867614588235,-20.100223969507567,-43.55394761680465,-45.182388024758176,-11.0353100791187,-66.25116805061054,-229.73322485361243,-203.65996780654123,-119.21587625425084,-65.90431079906352,-69.67594687597652,-64.715264892556,-352.34658953794786,-634.4853762065032,-1708.6975347058508,-344.5064839295896,-4546.070153034834,-498.52758204875124
-2.065539102423888,-0.12894378635388484,-0.8908904083305825,-2.8507900814959317,-3.0160302994849726,-3.462325182832308,-7.485752273775584,-8.015522229433994,-12.213493658656018,-7.311787209753578,-45.938215190470416,-4.941242327980082,-75.10758873833812,-36.907329266282495,-75.62865990882254,-80.72892943185387,-16.91389401530187,-113.61512228792354,-401.104803791336,-355.4623461477518,-215.83607778767146,-114.48583741007376,-115.6618951740354,-115.09693298613875,-617.0249936975963,-1123.543673584818,-3021.9820359141654,-604.3633927249073,-8036.945705216759,-873.3505863637008
3.9080541308353793,-1.5543373743188775,2.062776097303007,6.035323649690897,8.27083343502663,9.804394692699564,15.306891303532518,24.839231208679816,24.57851919144704,19.745611469456147,94.86606260875925,9.108734136282932,155.7834914334744,93.01622815112883,169.21070662577333,172.13448056612688,45.26888889431788,247.37282355279453,875.5556789777976,797.0815526886984,481.9018130564523,240.38340530352966,249.3895409090347,250.24376758548726,1321.596173469204,2472.8119668805325,6684.427245224171,1319.8741289875234,17706.10730532711,1870.9932844919967
-0.43895825878657446,0.3308020238375474,-1.0244772541180303,-1.3181074558277017,-1.6455458813674746,0.38065092753876417,-2.6571888119944655,-0.848368284510099,-3.5827162753678183,-2.077910118013456,-12.765129612926113,-3.3268870472129306,-22.15707081954163,-9.697327832625538,-23.307239370437955,-22.60501677953695,-6.019386399893019,-32.575757829635656,-113.97208830666341,-96.68352319743497,-61.83520716313209,-36.70897689766196,-35.04145493463675,-31.427865066402628,-187.02872637070266,-313.9670116754131,-848.5513588386048,-181.36437128818488,-2282.6883656796085,-257.9550536176255
0.9669234332099531,-0.8391529354823813,-2.486383738893925,4.252432888677637,-0.3188617941124506,7.574433337704007,0.4229630790663331,12.386213046895117,5.3328986378733,13.285196512711266,25.56442958379113,3.4866075537329957,35.822687121855594,40.462905124214565,46.55616223781921,52.86721398040029,19.651350921164777,78.77582554776356,259.012212290746,277.8598894509201,157.32101500207716,51.91116920283026,79.45025034861303,74.61879715935653,342.78434510112737,779.6248746568443,2153.2462719059513,379.2986858177539,5554.9509343785485,525.0609298083797
-0.674754744120511,0.2733531039458184,-1.135640864156234,-5.027694786695305,-2.6036493170596544,-6.851985022855231,-3.808244413654666,-11.229410682891716,-9.18210047529672,-11.670455059278686,-41.25845629948491,-2.986462532084443,-66.37611804396666,-46.44723421307352,-73.2117837065319,-80.84588362095303,-23.102381584084497,-103.05084873496979,-372.53342374747865,-363.8744865974135,-222.6180366460748,-101.1121414428217,-116.05668390263773,-105.51786096462843,-559.4169583816051,-1092.822508326277,-2980.621289486506,-573.7235054413802,-7852.164636186208,-805.2629974624949
0.45099417046040613,0.3572496587646744,1.1928219634102422,1.3302549218659068,2.313153546082752,2.836809911094152,4.309558954278486,6.772321607998477,6.395575123521554,4.961749643556318,25.114316228905153,3.6057079048983853,40.44272492793704,24.59477639959346,45.56206091701035,44.172132448492434,11.182856569959002,66.4016717000429,235.5454347502035,212.3991696882339,124.91001861317842,64.20375594601632,65.21106793783233,68.16052846487146,355.09915856475516,665.3278652572434,1794.6087346286133,350.41857124626205,4741.396007515513,500.144133414859
0.7349190422682632,-1.190564083516481,0.6925403518172858,1.7775699846668607,1.7376744577433354,2.702029759541018,1.6550227460058542,4.620332867071063,3.3101405025849573,4.343811005682514,14.906906107642392,1.6646843081080052,24.293899639420086,19.433215202784048,27.515802661936398,27.178259070929446,8.447961861505222,37.85632432878719,137.0565696566421,132.93856364901703,84.4665674228592,40.286613725263976,42.155608171661974,40.244206327294805,213.653417930072,406.4093512017562,1112.1573122926834,217.68341360295528,2937.814100132115,302.3366621066307
0.21229941360919444,-2.0980190053494616,-0.17264131175902675,0.6413919480466034,-0.2215728075903052,0.18081717837678613,-0.5635165444835474,0.6711014907448454,3.1000587060029456,1.0618569340082702,4.976834724568042,3.7073183409547488,9.05905913220626,3.6771564394698526,4.854578623285884,8.523654561889638,-0.7235494311637881,10.010649719205192,33.71017572503012,34.54186419621623,19.3262953116251,9.657042897841091,22.130284564737313,15.208000521608598,67.71160419541185,104.03091905810803,288.9855229943309,68.18827901328588,779.1145510643482,100.40240585004919
-0.058527421809423615,0.8244483126639849,-0.34865445930016625,3.823762011681598,-0.13749588464314808,6.401428812710334,-1.0405642347340425,8.456950535364424,4.30166206637045,8.166968112001884,18.813299501770434,-0.03048264745099044,28.814437780505234,29.589215309650285,36.055949623953936,41.60371310933476,11.872713712280008,56.577050302877204,193.41053124785148,207.00183237676458,116.76981817860504,45.15395675650301,57.97676169258663,52.613106995366685,262.27216692771725,580.2840167159015,1593.6093744567693,285.0058345665719,4133.329249076188,394.5259263584418
-0.19397095435083728,-0.08381556445517038,-6.084951819924146,-0.8007764626934248,-0.0013079063098242472,-3.126802155341367,-0.5431518811303485,-5.372267680499014,-2.230662745286329,-3.492442174929158,-9.862239076439835,1.7252012672827632,-28.066812557513376,-26.312032143963528,-27.914410015876854,-27.01328845068147,-12.168064787369477,-33.27622021473906,-132.80307581243295,-137.42602235037617,-100.62514011825107,-40.01638753841732,-29.023411287105823,-27.364033654420634,-188.49371348815157,-412.0563615971678,-1128.921105517018,-213.5501849491474,-2987.1214237000713,-267.34982137970894
-0.3599137072378231,-2.15134500760349,-0.8327348009081175,-0.9958069241302634,-1.3376087786132247,-3.042620348470649,-1.8132154863739252,-4.386321271939073,-4.254651775443708,-3.8523846062925817,-15.339315171465628,-5.674995713689234,-22.03774731700343,-18.710331435064376,-31.47929893258121,-32.16816463631363,-6.556842218238944,-54.09996982948477,-170.63154879775905,-170.7176749503722,-79.36142970878592,-34.311532283420725,-49.31104522107534,-45.06368924424416,-230.2981156954175,-479.6826805205317,-1299.9255425949925,-237.4055687226347,-3375.9063146135254,-335.9453767115503
1.959408867660835,4.578784796176721,2.095494995975054,1.475313733767244,6.58665728863944,1.0982791621512404,10.911098363790536,8.392867828133735,12.424314443668955,7.444799008399846,47.59955469649746,6.5297182375598135,78.70658440684394,38.233936897804895,90.13732482463278,93.05911441733204,24.901136994274523,137.80744482215601,469.94113300168226,419.5127379551119,238.02507419828297,125.83199498796581,128.53223098076154,119.72981668879153,682.6207562802746,1280.2391780537914,3442.2358555430246,674.2119368953165,9111.291085305682,967.8721191646621
1.0824598905818525,-2.1579556942521667,3.930177077688289,1.7132993263954401,4.276850004785261,2.924235597365418,9.376770089807152,9.537365228886522,9.622089250767242,7.839686588677272,41.47498827245788,5.187947422906779,71.09246951232629,42.46512388262008,71.9090965377211,73.24110724718066,21.659964500211316,106.95197787518175,379.11141277751216,343.1699999155876,215.103740620327,110.78745274426231,107.09490658981217,110.82497580154,587.2709588015812,1081.7296273887034,2930.2644055633928,586.246645284882,7785.748341939697,826.3718106404975
2.6600292088557462,0.4944118329402062,3.55879956678423,3.858906500339633,4.751891539187882,7.857721937164572,9.079076513521091,16.338162915782814,15.438588169873924,13.606123621931054,62.01481322666161,4.561620162332423,104.40091241099516,69.21200841726488,113.7503686948881,116.82569245104193,32.09043376179218,165.70349562386326,588.071100758297,550.4341527164543,333.7845549061821,159.34138990475424,163.0658436985566,159.69581418337125,864.4355015736879,1679.878164732871,4547.650004191956,883.9956505401265,12020.810732418102,1236.1549757461123
-1.3919324373589899,3.422150897097011,-4.295955935662544,-2.7351071118770345,-6.318105996133167,-6.198562771134618,-12.065932296703668,-16.638889194205497,-15.163430989716137,-12.419799399026356,-61.466527106317024,-6.620260651168401,-104.63401046755644,-66.39527756816709,-107.7558776193914,-109.91086034956491,-32.39018410808059,-159.85731767633715,-568.3166470995361,-518.7379307224704,-320.5200275062993,-162.7639842544916,-159.03765149738692,-164.21859662703358,-865.9509606548177,-1618.4888491250392,-4387.497835268234,-870.6928338169635,-11642.141021907937,-1229.010345867646
0.6194041829005624,-0.7373912561598859,2.1480010529049025,2.155974551932963,2.408373618400613,2.5457893500728526,2.962021183245855,5.0133711548506925,6.8957120085267265,4.450087533783593,23.807932911838822,1.8469632509275935,42.20334308007593,21.587555624539633,43.8402836168043,40.682949073288576,10.20163100379475,54.345739608115565,208.66172307959485,181.9437564611547,122.43076014426279,63.818607290614835,59.236711225762,60.60823174013419,339.6166290619676,596.1278454276196,1607.750464295303,327.36154461327516,4290.785243706784,463.8713801506212
2.092980084701295,-1.2570264634769446,2.7037327286694355,5.595350292702003,4.586373905499111,10.43474165237781,8.520189964486214,19.796263417062093,16.300861788729502,18.140983616852665,66.85197005185351,7.036513300753871,110.89772581373795,79.86135201096324,120.52386085196288,126.6431887284929,36.63198826596358,180.07282802792707,632.4902809765139,607.5649850747719,369.1197909679789,169.12892014262476,180.86151665926513,177.62668465187042,935.6635459166272,1832.9988214527905,4988.870834178404,961.5433164924816,13146.451713117278,1346.7426194585778
-1.01482423710361,-1.415641284968433,-0.0830983570272047,-2.7104470574237607,-9.422534156115937,-5.821408630808807,-20.030888986560804,-19.508302983900702,-21.039410112498267,-13.594822312004226,-84.88966811098094,-5.945698176827662,-133.9460145393054,-70.81505833477675,-147.48434219778696,-148.24249797566938,-40.4088696498026,-220.5572871904273,-772.3948966610685,-677.5369403142926,-397.8100771772488,-211.81845885377282,-209.35757967534005,-219.38987774076793,-1150.5025637610556,-2130.404670385863,-5728.34870708276,-1125.9526332539601,-15174.85681774888,-1626.892586973699
-2.0174622821586157,-0.4999676271851752,-1.8884513341932991,-3.7139902292411273,-2.9173246017932284,-8.335428523817527,-3.1047548746666993,-15.260986283660044,-8.932784090436595,-13.412784119629334,-35.59643214465447,-4.026608777619253,-59.425605742841434,-57.15668514423584,-72.03983121915509,-77.70223345422312,-27.10104301701731,-113.67691576622744,-385.2474334534817,-396.9971933579434,-232.34467590879615,-94.68693709847115,-107.37586804398384,-103.93936668296072,-534.8650334373463,-1147.013419545868,-3142.1257152464887,-578.9270623540539,-8201.941788169584,-795.0388622749531
0.6582459726286768,-1.599034110051851,0.3593802604686068,3.06247982961258,2.506314689034266,4.428645428001491,5.824314883735355,9.984237684125766,5.461875383600148,8.10511036846999,32.37370972320239,0.8450473149945414,50.066968579609885,33.16243129675993,57.83079165703059,53.139517835447386,17.07363581565147,75.41780148361185,281.15754466342634,250.8864906756828,160.01130568920448,77.15933192340034,79.85916385639248,85.00903610598306,433.3232170901712,802.0279465590679,2172.960059480235,428.8063360071006,5751.146218225623,597.7342500798586
0.1612799636387244,0.485032289368238,-0.35720164770400975,-1.8171947369973682,0.6662591349839471,-1.3987348897131033,1.2106990622084708,-1.7360899618913153,-1.1139148657479265,-4.291187795453598,-5.244269434341755,-5.907861626730142,-11.755581475421844,-11.043472793593407,-9.555017547775236,-15.82372515475004,-4.848907225463641,-21.031708922897153,-64.1972121088976,-83.80552491350396,-45.56127438619862,-15.568390956342027,-28.874909798780852,-18.430145137735835,-95.37058341464217,-210.81924649479367,-599.9603635708625,-106.48659570795313,-1540.7048731350103,-155.48599652616892
1.1509299607615322,-2.0827783324984104,-1.0023150774567893,0.2619433182083042,0.06351280717957386,1.5025285065785066,-0.681300369590467,5.261603047611986,1.313657278359531,3.8787735396205205,0.11192850064339854,2.4966916371361667,-0.3925650750067188,10.287768123139308,2.093705439321675,3.0491599396873332,3.281336714953323,12.931600757968349,28.666414395859622,43.56166147645674,20.893539935613703,-0.6070876634178669,7.0061181339079095,14.014014917542056,25.907228899062627,105.46295958735091,308.7691255014203,46.716608800149444,757.3678280042819,56.760749221775946
-1.2745928802329975,0.01902407187469157,-1.9218794478198369,-3.28260409036944,-4.919336457707469,-6.268504286397491,-7.544033995544575,-14.12221191786388,-16.05563010940198,-12.259359977468959,-56.989341381842024,-5.860957586524337,-93.5765004621141,-56.67079887704923,-98.66106811056686,-107.18452585833619,-27.985181694135033,-148.68008818934499,-520.9781353642327,-488.96551178190543,-289.95649967822834,-146.37899935719776,-149.429527745192,-146.7458845885658,-784.4670253931436,-1485.9079418644499,-4026.6807725684175,-790.1240234628438,-10657.982736123013,-1129.7033530011297
0.892902930471923,5.0197327062399895,0.09014235571008233,1.7247368823533513,-0.4704729835942518,3.4856893218846867,-1.286601230780369,2.8161446104011194,-1.1153138415167805,3.68652874100243,3.506094817781979,1.2372278879377894,0.612901139861525,14.750058758123371,14.617683084299596,18.18459865192444,9.696461702882186,31.58657787827478,83.36845753667514,111.33700152087371,43.66376282257418,1.548935122313214,22.190560762301036,11.651198194699488,57.16499690317595,253.24091623392303,701.940461444658,95.11310896623806,1728.7660486322688,111.31589482175212
-0.9081870552966128,0.9887015961167699,-0.8429740684917192,-2.740226402851473,-1.511420484939679,-4.867192113604646,-4.070756858448259,-11.491361293522786,-5.806903863976176,-9.528777238344231,-30.259168950271516,-0.16974631200552892,-47.99017579181972,-38.1461560647684,-57.88867024274905,-57.26358352591342,-21.56650950465528,-81.18864485887846,-291.0553336112188,-275.2201156400932,-169.78310340563445,-71.930078248906,-79.73104192832882,-80.98335939940776,-415.37757948750425,-837.6846323489887,-2280.877825488486,-434.57335537188425,-5998.183973187361,-591.321998995244
-1.1168417836479259,0.2619348960599282,-0.31386995369880655,0.8581904684119701,-0.11205484197425974,1.9859234056371655,-0.08272823037244956,3.2128468322015147,0.20378631164938665,2.924574025886795,2.3506512118019645,-2.3822733714922295,4.715794584593424,8.068967359952167,7.754662895698392,7.577364761078924,4.642549426729764,11.238097666736348,39.87383011069962,42.466364503174766,30.318915294799474,5.141190509820266,7.435799651438508,7.82469375451607,33.04230297075196,123.04344886408484,337.3796119448711,45.59473217736154,843.7512016564199,63.742659899302076
-1.1131222634544182,-0.49019451365645467,-1.0473288294289511,-1.999455181174523,-2.7408069094465617,-3.1532964544330855,-3.1415466950437256,-6.393262964353318,-7.301420731945494,-4.436914681487046,-25.077924882040232,-2.4175300505809494,-42.74356197319749,-22.810635228478677,-47.74000372951835,-47.22715224889595,-13.805006749950945,-67.00171006159073,-239.29105822172266,-216.45753439548128,-130.7004785802937,-66.88241821189654,-65.58311442477954,-65.69659409702288,-362.4399336387771,-670.3576411877859,-1812.0784197267121,-355.60644338729094,-4797.548104842463,-509.82244248908125
0.9919561020040629,0.28474196225907833,-1.2714717208437714,1.6844280494037316,-0.7365106510399313,3.337196860235721,-6.303081118831754,1.4358591571163104,-0.9433557621523521,4.191792601038181,-4.637581617577105,-0.9276326923224403,-9.548238200018625,5.12937266808199,-7.986138908082939,-1.3088005833298955,3.617903623612264,-7.774197296808804,-33.402393961831386,7.137905275788512,2.226241099256961,-15.18380177454128,-2.509741902795138,-10.999901843141625,-70.17187898601506,-42.234634655889565,-77.7258108817243,-45.38500184675574,-294.9990274244671,-66.59776612589171
0.40106645845602334,0.05560037531958893,2.8299215106654794,-0.026786331089446058,2.7511915159258717,-0.6790660296366505,4.605147195962889,1.3844016611233358,5.609627731964968,0.5848547283316253,16.571173612170444,2.130685497455394,35.911565724968945,10.935917419201893,31.373189949308877,28.774685281478526,7.537673381081242,40.59111093047581,156.57204508351688,121.58997557207496,89.19151733054132,54.93762674020705,41.36476053779071,42.36798004139829,263.3539206314078,427.8380518129383,1140.9649014061006,242.01099845835859,3089.952280558714,353.6176273881751
0.047228775786099,-0.15997303447491767,2.208886428273813,0.020219420812449526,1.331812990622138,-2.514396401088164,4.683107895180077,-3.4791977037242448,3.119019761237921,-5.2701406398780195,11.01040179954312,-0.38735706591316144,20.823719500167304,-7.312373126550888,12.879564936523446,10.309575266765735,-1.643299891193617,10.339062664549036,57.60945848738903,7.621131035409146,20.593506313197004,32.82838578347808,10.832762266223867,17.600294104398674,135.53218624782338,119.14216371473539,282.402642576167,96.24979107623204,879.98472309351,151.6273444425163
-0.3317580105213019,-1.3416240873689242,0.5487386144398096,-0.17103044745047202,-0.43126673382820613,-0.40168586577985105,-1.9106118913340127,-1.6541646022715657,-4.493272722692102,-1.235756340340933,-11.918493146253534,-0.008701610594435194,-21.15518444538266,-5.18524728157137,-21.71607466223893,-19.53257559624679,-5.869866241555572,-25.757680392104092,-101.81998455215636,-77.44453903611964,-53.173510163494164,-30.420349439430435,-28.120343410427036,-28.668050429056887,-165.42282295155704,-272.76695687938775,-721.6926699378873,-149.6154532084394,-1940.2701904976404,-222.04448000107706
1.404055486734387,1.4837238792521021,5.307698997905657,3.0777719222334023,6.460065616927299,7.076781689154349,11.070115146060315,17.104110614259223,16.991515837568965,13.014065687916126,64.45064600480968,4.551376248288777,113.48235974374343,69.14925563882208,121.6601068503777,124.91956350243552,35.90522762647726,172.4020217300352,618.8612669050135,573.4967657956569,351.98530198357366,176.78732016696756,164.72934935699132,168.43596664531745,932.7660835939843,1764.2652576929909,4777.401515434539,938.3157035159891,12659.243063426176,1321.5823990782108
-0.24221142468046128,-0.10583918837817442,-0.1230142760108583,0.29818674038788134,0.08806060519922942,0.6877247838254689,0.3224047803450295,0.03270339098218389,-0.0409745719915961,0.5139774470430987,2.6476256295463783,-0.3469299337343539,4.6792957446141,2.283417825109316,2.7271666435326676,5.328924244192786,1.99812149564506,4.137762028229202,17.821974855050982,19.36445105302238,13.987542140308646,6.025436170648925,5.875862291171498,4.5045879697992115,28.52146935319406,55.18599333671839,154.98399348129155,28.770346510053322,403.3664564150923,38.52577533046327
1.002935482288124,-0.9435462528288006,3.492627514569838,1.8693425940053277,2.688987143644205,4.4661555548634055,6.512288906348949,8.951359974658512,6.7994097238750895,7.3709053746628586,34.79931899448473,2.871335329235468,59.61969147701736,41.899836723756565,61.1992658772799,63.03734388360197,18.84205338533567,90.08758020541745,322.1523041441677,304.0919145318445,191.23977109880425,92.4842080347286,88.39111097041526,88.11375482057966,483.0141571296825,932.5213230663766,2532.848448461688,495.74699637976386,6708.352403013268,689.6149732821762
-0.12980142374071557,-0.3071793119973192,-2.004940510029921,1.4339983218933297,-4.320753067210457,6.67689201532786,-8.444275612196451,4.161264923268948,-6.219231980796466,2.790753777199163,-16.092487865733816,-3.4020703417546905,-30.948979039273105,6.6411626517054705,-21.90511899590692,-25.933694541432715,-0.9533112260237657,-36.15595082795954,-124.35875694509426,-76.44830130764497,-44.25908392654654,-53.19972109492193,-36.58035655087516,-33.8045157020975,-229.50855938407886,-286.28297495606785,-735.8180256716113,-186.91408190330458,-2071.5238071152658,-306.29430737693997
-0.2825103238948798,-0.18842876179450838,-0.5650044163452586,0.5284918652844397,3.603153841239866,-0.1634345231105937,11.524366845820595,4.597712820598883,9.983188746038374,3.4059407478037995,38.6419664218169,2.0957680644541323,61.34905154119749,20.186742586912068,58.38588330116329,65.67558533674627,14.830659253824408,92.90286036287894,322.95199171422877,267.9099960099043,158.15991417812938,97.64217574570958,86.22971550879979,93.1757624366123,500.3009715381683,866.9676153976703,2312.2710980719444,470.65116590474696,6183.6489293159875,703.2280693110391
-0.07757289123187867,1.064430570530588,-0.8660529512547734,0.5902569128896817,-1.5249291524292703,1.5488901889159576,-2.5200086058094375,1.223301210586726,-2.677617091696906,0.3711213380737324,-7.820081470840768,-1.3659493270432863,-13.907979230246506,1.836324106484288,-8.741242735602974,-12.071425013515203,0.28685332196241425,-12.821516616654506,-45.61412630385861,-31.340611598278283,-17.46926471967102,-24.897538419895902,-18.399760664706506,-16.16198526042745,-101.46409568620263,-114.98512196964889,-298.5465484845182,-82.44892883784108,-858.431511022562,-138.61598167270822
-0.506243225129693,0.6296631422993332,-1.3891971201973534,-3.054419043734326,-4.0744230250057605,-5.083009704268015,-9.828201278970644,-14.262749904710383,-12.532092102353698,-10.570079883843503,-50.432156763343876,-2.3043055476266265,-82.71386251640688,-50.63104059070022,-89.21722814390843,-90.7577862236036,-24.53368140755263,-130.78709034817822,-465.5747772020468,-419.7845286571713,-254.64918576098333,-127.19212445087281,-127.11109569265672,-132.98300138605742,-694.9428150153186,-1314.3633096185133,-3545.100801914246,-694.2792883899057,-9387.185511792992,-984.5107986475415
0.683630132376994,0.7735111456102465,-0.6570668080647591,-3.1275174996291892,-0.327139145245086,-2.4268749912343446,3.609202546765241,-2.4058829268871578,-1.4893335011918105,-5.566555209054699,-3.6141718787324857,-0.424965145496642,-10.804075788637249,-11.603960247656973,-10.190377722648398,-15.958175326534786,-2.9457185521712588,-10.84597864500585,-48.36508085805081,-65.11267236336069,-43.376631186998374,-16.00986844645151,-23.764459655804632,-9.532534378527007,-69.80974415353305,-165.35185590511685,-469.2669827885715,-81.83417225162341,-1218.2484136868466,-119.1607175609485
0.0054556351356508555,-3.813874636310126,0.2856782654849449,-0.846666826055373,-2.334391421632861,2.0196421414260146,-4.7405064511591055,-0.599861238825687,-0.9921347362522912,-0.830642212526182,-10.218359136927686,-0.6889633801027117,-14.29125700563164,-2.1488531808928473,-26.016653380366456,-20.625409064427338,-4.371979131082199,-35.43905439434083,-117.43962300913071,-90.20047663387581,-41.494648395119626,-25.729614320002042,-25.96042222442586,-22.447913196082116,-150.989362262859,-278.763913798557,-726.7318685775097,-139.53533620804888,-1919.0892229749459,-200.09736966751456
-0.7669543573246926,-0.18355271873145662,0.14245546018403188,-0.9039245146881312,-1.3977055187285872,-1.1637301262061066,-3.2701748884742923,-1.1493090074878172,-5.358399623228332,-4.079395616274022,-18.471454786537805,-3.0577626589836076,-28.270541438839384,-13.917343488969504,-26.772348066254363,-34.37362986228858,-8.64595181884504,-44.60466130856586,-153.23742751308976,-147.08224418454796,-85.90543025276173,-42.69013089910366,-50.40237637141333,-41.16899941185676,-229.844830709131,-434.76945434974334,-1181.6854449251039,-228.64058051181533,-3118.934464745376,-338.0578167653466
1.6051926689906386,-0.03802559219344885,1.6030385440802888,2.525302550831504,4.732856296668785,3.8378242844875556,9.321364664018924,12.36243143076231,12.662885508632266,9.407405276825365,48.41699998120768,4.29374147516019,81.40966991823052,44.92881688340156,88.44595606353934,88.11863305999744,23.46069252181673,123.36512588551582,446.43692765468967,399.34145811204735,244.62673174099373,126.80625732270491,122.88140946391786,127.53043342554656,685.1226115032396,1257.32065067077,3391.7508903361804,673.5324125727403,9004.585417858916,958.3282298630529
-0.2642488636390927,-3.2601001491113366,-1.4602867962176094,-0.6650535874937556,-1.8826913373949086,-0.29097639011876997,-4.155593048751153,-3.5478922638390737,-2.625623110732727,-2.155644686579782,-16.33735297161183,-1.9900232388000716,-24.76124307230854,-14.23194041043494,-32.43007469454693,-33.23320823865226,-9.35651501503256,-53.02647157572047,-173.32379092472925,-156.6547195912907,-80.32655624887883,-42.62858661703347,-43.973570876608534,-44.60727693723449,-236.95175473699365,-472.9055731069149,-1265.1018499040026,-246.93737548903192,-3339.075453235824,-339.98374177884
0.09113520161781821,-0.6546451535033744,1.0548596664413195,1.6205663110547,0.8020572238945819,1.3827636092900186,-0.19615115415713436,1.597144737155292,0.9506863153251484,2.075584100239772,1.9380544959103396,1.2064937541254426,6.819485167167756,8.736277617794556,10.466082985188649,6.678700477720632,3.989338326776018,8.11413332275143,35.22930333991067,34.44934453342802,33.86035336158978,11.602165629865912,16.318201762196153,10.860737794186893,65.86934305453887,119.55044692218448,338.2288380411699,70.46449137805907,898.6560623432179,87.0990837628829
1.6763484281496805,0.735177501154433,1.813568889085077,4.407470251422563,4.507652652113014,8.777332068215655,2.9025618597719163,14.27558154456805,13.531039317667972,13.862839090848778,44.025431140836595,3.7891347936759034,75.17476224828627,56.86670082384647,89.53602762867962,93.57715002279033,31.657362596763804,127.89329950115052,450.7854600519021,442.4502306466176,265.30907044937516,117.06431796980212,130.12315223573515,119.21322676840404,649.5444315791755,1309.141764028863,3573.215350950359,676.4503016439224,9383.984077029674,946.5731919696855
0.28565212329738543,-1.2938267212961834,0.0017854656822025583,2.1898630882953856,0.48779159510905573,5.668532123997773,0.8417395947427805,9.185668258798268,5.611485233507716,7.837916642073569,17.054388241255623,2.0570452651293483,27.972701869969125,29.607674641843058,36.43650326731735,40.348129801226015,9.324347756199101,57.193665502508345,192.96594981943525,203.91326029707346,105.01765888249567,40.40060264514839,50.56060408600429,52.944772411424985,254.97518876738033,568.6709725710172,1553.6131959391955,282.1800342578873,4038.284507281064,384.60580131223236
-1.4533059904921193,0.07323786470491289,-0.8690501756177791,-2.928989245095801,-1.7355721503824997,-5.552294687757969,-2.253076424909923,-13.051291916305313,-5.351732941154691,-10.284098074099912,-28.009783598828125,-1.2273797275798883,-43.572449616611586,-39.55269440856459,-57.31036280260566,-56.3435433386236,-18.71189568907904,-85.00525947148473,-293.8651328702875,-287.7144276516236,-164.76913606785678,-61.45108029541184,-78.09059339961128,-81.28419752929078,-392.81609050857384,-847.6016640865561,-2307.0623295625314,-423.56821586813487,-6011.3208703613545,-579.7811406885393
2.117469503372263,-0.8430315712075399,1.2356734592853675,4.070605056961772,5.6932874680844066,7.648126717662175,11.22116612727055,18.478801720700048,15.45271795111975,14.390930121580665,64.22987185483468,4.6678701493334565,103.77064677413013,68.12708948615608,115.03502808122695,116.49785664369416,32.16880172317474,169.65206912549135,600.1044730783582,545.8538071140155,330.93349089330576,162.20833253748506,165.06963545420498,168.9473838791188,886.5229156869083,1693.2035846954393,4575.618031445471,895.2878099452462,12105.558565464169,1264.6480017879462
0.29492974837488095,-3.7196872053108225,-0.1072646490915668,-0.11024310035887674,-3.5156319434463126,-0.3494218761031146,-0.38573838993485676,-0.7066253879715435,-1.9527604251191883,-0.5422986270312007,-4.742984452392576,-1.1172087085602462,-8.268481286108418,-2.2568999150430655,-13.416916267960609,-16.056169035131138,-4.950707373739935,-24.825287320810315,-76.84728327747808,-73.19948516080115,-26.951594601264212,-19.073598822868902,-20.048512295337222,-13.405605987525435,-89.6392619918918,-188.7867502613664,-506.1965921798815,-88.15184366502137,-1312.93565680112,-148.4571455028955
-0.40075935358763065,-0.7289755904715773,1.4439370436426273,-1.6436754778498948,1.2100984269297217,-3.0988962668920363,1.7961745065689603,-2.172122070503982,0.4346807803587891,-2.977903698898339,0.6552599188175892,-1.6561184584967523,2.1698681854233524,-7.641093243521142,-3.4382682839712606,-2.8305154994345068,-4.38011934095377,-5.478335608346648,-13.384460084798613,-30.995937981926073,-17.76053740359543,5.489267497510613,-7.27350480789484,-5.511268624073928,-9.324848970213576,-68.67882714907472,-209.57301588128607,-23.052495007840566,-487.90898878002025,-19.43625688992151
-1.2781787211286828,3.0313078425829327,-1.683838326982824,-3.1627821412031656,-3.4089427448772804,-6.183999908542972,-7.203498964419612,-14.668186169726365,-7.23353455836109,-11.669232010599945,-40.33916126846335,-3.612287799829707,-62.37060601957418,-51.25454173492858,-73.56480776847657,-72.83297661035519,-22.830038327290374,-111.17722934741467,-383.0049115298103,-364.440665991822,-217.43506389042415,-96.97661310804517,-107.76552239802795,-110.34885235712716,-554.9446505111197,-1103.3730988862574,-3002.4402330103085,-578.8978606506186,-7903.852435956138,-794.2269729508879
0.8868542151203214,0.9240059774016023,0.7296689252776417,1.1237547603973033,5.79025407097545,2.770669036830146,10.112398433977967,10.863177386110923,10.45887144472803,7.576335975360463,40.905752309910014,4.60667237835446,66.00947737358428,37.08579259664616,76.50890674013992,73.70209044530216,19.53989205629334,115.75830453387975,398.1077824944052,351.50748757758777,200.2652028730495,107.04147587775942,105.73482049676171,110.81979375093938,585.6206818220629,1092.840603520307,2938.1532577649677,577.8332540531823,7778.650806768284,828.1276949939906
0.274628327002907,2.515200369631288,1.7605334783405744,0.314579629155577,1.7030313192515802,2.6261385703012343,2.1954994246012043,6.1503599012751335,3.680991282384435,3.4575492884293104,13.943327947038535,1.593206808260326,25.08329803743077,19.76393573782543,31.890790492766566,32.21439410937141,12.061766632647695,51.77428894846297,171.78997754843004,165.0985405161987,90.05391387410458,41.40995247615862,42.30509079441759,42.02392353992133,224.92173386164438,483.83702574623527,1308.7766618316227,240.01625002328126,3423.504280833648,338.43901104296924
0.069266677489083,-0.024591827620304207,0.5987250348169207,1.2018172145772292,4.192878581552964,4.301505370436557,7.5874248253670755,9.502132891961214,7.950432875367057,5.554814980227206,35.35694488367148,2.4749088748424644,56.43211455410939,33.11528707081067,61.30417645445961,61.33128530675086,17.772148767460138,91.26085446213948,321.80854038417414,287.69129760685814,169.6908781877276,89.07521269938037,87.22345454728617,94.05278286642273,485.52339587603075,903.614709913946,2437.1693597393933,476.50754765603415,6449.832735345626,686.1932748564071
1.5501561499765,-1.5165288067433917,-0.7005961447436333,1.199524604019324,2.742193414664671,1.1134388858588407,6.210589208601865,4.9634782799251465,6.963895654501858,3.242804153417878,29.077403416890682,2.817020226127794,44.773209168995145,19.359635473500642,46.900829923797886,42.209300213600294,7.850203663723531,61.682603704056106,231.48295112133266,186.56579705411568,117.57292429122073,70.78472871467451,64.44665987845127,73.11925342786535,384.26216251661555,632.9693115044907,1692.2351596172473,359.6064655276993,4551.820211874716,515.3278875777909
0.8608428331361266,0.10083629644174914,-0.45376349804375526,2.09374611359293,0.3816137904985737,5.162357186838371,2.4103984299167633,8.22226361893189,4.4618848839197875,2.4559434706076884,21.991395343008342,1.030678132017346,32.116257694083735,19.506355133653756,37.927089574796035,32.77367080018829,8.461489568508677,55.48585734803899,199.2738149910228,167.79636756507563,96.5669349944359,47.12252486999495,47.87662739988226,61.21546210709702,288.6574275381162,551.9979666141209,1473.9610199898846,283.8307070604555,3885.4766900560116,400.40528566547357
-1.1928688175214486,-0.09568011218895878,-5.219871613066762,-1.9569632360881117,-5.691636728582261,-2.88719443524843,-8.062511159324865,-9.632998723086306,-10.50465477253061,-7.98320686359279,-40.42626331264002,-5.97940312300562,-72.59608508872296,-41.15060116175165,-79.8262001096755,-78.24376855085274,-22.41426978811882,-114.21522808455263,-403.9426087338125,-365.97193214206743,-222.18226329802394,-115.80583495466786,-111.243444930892,-104.97184045065669,-605.4354869589167,-1129.7601000196898,-3051.8166871280296,-605.0496831547864,-8100.332372538043,-853.3482076997943
-0.4724961159658554,1.1670437068398642,-0.11813091037848783,-1.352728775407915,3.2909232248965217,-3.122826118782565,5.629309611339575,-2.3015226572382144,3.3824220281040738,-2.2079644120166737,9.977812808681573,1.6085842939668735,15.757236195123603,-5.493946275017671,12.913626961102308,12.578389984192011,1.9244041630157118,20.116916222505132,70.64447557557175,37.84453208599983,23.926366611879523,31.032478468491103,18.201778789355878,20.820049212610858,133.67677991599925,160.6535468464492,409.9721055299366,101.83697378946702,1153.1830685445364,177.017035132229
-0.699208956800407,-1.628798313527408,-0.7346290085368092,-1.1996395770004975,-0.42829406731976105,-4.170395580605394,0.6055955649785139,-5.965326053569167,-1.7501531945667814,-3.726450295923203,-8.844847502585399,-1.11569740488845,-15.891731266449796,-19.646427496254827,-23.51945325617568,-22.18919743897082,-7.454094410286064,-31.598323971098452,-114.9118242139775,-121.41015678788891,-70.6273261600158,-23.746461402733033,-22.25796022673444,-26.286442888138847,-146.45217032967173,-344.9338085097983,-943.457021989306,-166.23151673648957,-2443.899194547972,-211.1244720383317
0.6692208813084662,-0.023798681371323713,-0.7174004698980838,0.6233254376243413,-1.0627500841827717,0.5011435582043401,-2.486279400579357,-0.8143612256053157,3.8114856912948074,-0.5462504575608936,4.271101018167352,0.8789296275844185,7.598979300394355,-4.167528462343523,1.2517464785479726,7.497436200852554,-1.8660391323798189,4.701533209310988,19.016254735320707,10.094588478839391,7.718528179569845,8.92194954557474,10.89797217629455,8.127014977741267,44.67158114703333,48.64251901954981,121.45803684560765,30.448889390618778,344.0863027195847,69.05423629966239
-2.7020949269274683,-1.2036484256491597,0.06359329873522857,-4.366714505515605,-3.8533163707084883,-6.139984677654111,-8.977580058660344,-12.222518694071438,-14.929603054169487,-9.346698108156565,-58.25833944767224,-6.139052777710134,-91.53431899269856,-49.47491983956903,-99.75806605199179,-102.39817177846685,-21.99194497098639,-146.68858300324635,-512.3082974890261,-464.75385629353656,-270.8410687581938,-139.0730941661751,-143.64734344547153,-149.65378744668413,-786.2286007457099,-1444.4624840049928,-3892.3574354048505,-774.4494563013301,-10319.782569001396,-1102.5017967607544
0.15056637582619756,-0.43178056160587325,0.19554097648146496,0.11329008014820385,0.020491165087178798,0.5141622853098016,1.3870901256724486,0.19272278200778392,1.3365731015699507,0.24740676254706823,7.107115408876626,-0.22647372479006703,13.86654384819235,4.561103182678506,10.225085795864517,8.01177511216169,2.0229016697991713,13.394137294191614,52.43661111289519,37.8373178937477,33.35879960031931,19.427454734543566,12.944488083103009,14.98826799567489,90.62087281323339,144.72652765305455,385.058972453673,83.15251057761746,1047.7640456390784,122.25828417170473
0.7442665352998337,0.6438126974648454,-0.06180996151953133,0.14927623798910505,-3.0956322041779827,0.8529574219620908,-5.698638647188376,1.0697513469798567,-4.698643094883669,2.5402937010829083,-15.787061317472364,-0.9839644536078602,-24.71912872980305,3.1465869783177145,-18.943760868118783,-19.041825962939054,0.10638568535497916,-23.90023008022074,-94.2726274258002,-55.18406088841617,-35.140773679868815,-41.95422649037755,-27.679973762658886,-33.30382004691126,-191.41846785010102,-232.42110786707838,-602.7068971211293,-154.14399560717482,-1698.2343404351743,-249.7202217270224
1.4005201638259923,-0.049152158006886264,1.251254083995573,0.9179086300536801,2.997191238642955,0.9914033579506777,4.714767522282045,3.3914951387281564,6.628205002358544,3.4528136726065894,24.184712845305853,0.35435153910321837,43.09561100460061,18.972391974899523,42.03053202353594,43.66319000556771,10.874895718293047,56.603683965325224,211.80045624460593,181.46871895095154,121.50555757260804,69.8895418214391,57.88484336320908,58.49492357053923,342.12423693127215,591.9169488429767,1590.3504141033325,329.935843448086,4272.150449583495,472.5569555492448
-0.3795583585899613,-0.28531611315341643,0.1063232967896342,-0.5453153894711932,-1.300929109821333,-0.4063720090223921,-2.679580334751542,-1.336221818089621,-2.793496550240883,-0.792053415332654,-11.230617036704665,-1.527071838208122,-18.787498531195105,-3.9551438244662656,-18.26807478725712,-16.30238564794387,-2.336027819308618,-25.213350468024178,-90.43300789972851,-70.45503267905954,-43.16994282965673,-29.145860560226442,-25.33755008468974,-27.826336948018106,-156.24051194614557,-244.7146246947908,-647.6277424358135,-138.69537507174405,-1747.737463264173,-207.31945593177656
1.0286607829810577,-0.23704909031163018,-0.962592144754406,3.377466907910068,1.999130731497072,3.216479535003248,3.331096348980016,6.42950431877076,9.768017376096786,5.8171894446736445,34.1037845470806,3.270839863654202,51.19197941081075,24.144946301233304,52.917477545420006,58.3636610753113,7.375900302078785,76.82604430522697,275.9478520840634,247.94731448554,143.5221124441698,78.78234341227314,84.45456767272789,84.26396251771368,436.56209872740516,775.1217101684522,2083.2858204112495,419.78848467931147,5539.523937840556,616.0805456255654
-1.508401097918247,-0.08458501011416668,-1.9452508773425268,-2.9308626430880915,-4.289372860027855,-5.57549249956654,-7.694753285327264,-14.144657583456212,-11.528210325428937,-11.869765544293172,-51.192578490390375,-2.5248774229012216,-83.14052799377102,-53.04842540773374,-90.35813673885625,-96.5004236585733,-23.528801572603026,-135.52225648868153,-477.3741429639278,-439.3262370676289,-261.4659026764272,-128.7956479950368,-132.03936031154115,-135.78019398719323,-702.3865879979229,-1354.1484586525887,-3655.7043189649544,-711.4497255806967,-9665.45634534455,-1007.583020321039
1.1805967766517418,0.8440470213345186,2.005490840091854,2.6284974642445627,4.466524624912659,5.03542535244257,8.582924695895784,13.81660896345332,12.388459970379817,6.460207836271779,52.236055741418106,3.8071613714384522,84.99660585142342,44.090584802809296,92.2549700319999,86.60012778754941,21.56272627991192,129.6795501761611,467.95803799181203,400.70964700335327,246.60749803928934,131.28941602593085,123.38668121816238,135.32441226709508,715.457938978505,1298.025573884718,3482.7751170548418,696.2555395650256,9259.854239251872,994.4499345835602
-1.3665806606639976,1.5332613357638007,-1.3038636366590965,-1.9346513955887237,-9.92332563288615,-4.721369449917448,-15.443561864281161,-16.395580717303954,-20.17005399964659,-10.405601241187602,-73.05808800795906,-6.83546691425064,-118.28596342341457,-58.07195954173534,-126.19357015438788,-123.65113054077398,-28.65335698926594,-179.68348992368186,-645.0029124148501,-553.0101321007337,-331.96432300090845,-186.669370600653,-178.51687764228345,-191.95393593502467,-1005.0155923936977,-1781.5158313837908,-4781.72564899299,-969.899785746151,-12746.602922100352,-1406.3057883092724
-0.2299484256417129,2.415410882462355,-0.10745948070983768,1.5988086810596427,-0.9408033356380687,3.923488099535271,-4.040380331705813,4.16464937621328,-2.32221749343035,3.803794538089816,-4.476572160957694,-3.556045409940516,-7.884298710961549,11.267112269189901,3.0885481446012237,3.6111205800173147,4.0319960752904,1.4855794353264855,3.6542046356662086,33.96914316895357,12.49642019860873,-13.606996520669416,-2.167105241795006,-7.980745434374517,-45.3897510535568,39.11037397309183,126.09931765736076,-10.593584119983353,235.83960773694207,-42.469039142852054
0.9028581827665445,0.8528624498957521,0.6615583705478248,2.557480818747485,1.2352793421852586,3.860019584566267,2.058326848329774,7.239809916279467,5.494056110327073,7.833655025070525,24.317510666049454,3.212609024797022,41.924285899656354,27.211159565611556,45.92926452537435,49.93002585298184,14.488886266156152,71.64299701010145,245.52701770290835,237.0805439271792,141.9480539000034,61.76253407214388,72.43318882648953,65.74417318392696,348.38275124577734,708.0526310415373,1924.7894395122398,359.95698073558896,5041.997749801449,513.3392226486017
-1.2045234402395772,-0.46074456063189917,-3.507802750754913,-1.8987347026370707,-5.300523925148625,-3.0630046643083433,-10.33847693721742,-10.56105224446538,-15.630228581653956,-8.274925486765042,-53.813596630654565,-7.867331493408653,-93.92632525871954,-45.06471671235726,-95.16933816507007,-98.30988437768428,-24.91940438827935,-141.30912630083282,-499.52728520069985,-443.04843063837075,-267.9076578666928,-145.64294534048182,-140.97728079168058,-140.63113310577998,-772.2771128609813,-1393.1488174894935,-3753.6415776398335,-752.6686537971244,-9983.88936327949,-1088.4452835311267
-0.7797889012293656,0.47203675412107504,-1.8001360297058209,-0.9447928462893377,-4.587030938819785,-1.9150890025868148,-8.908640304049587,-7.943119747322396,-10.423100193977172,-4.306897255040537,-38.50302291168497,-1.1064166923815257,-64.79022122248695,-32.28904658896978,-66.78786917819771,-64.14002270418482,-16.26123926264186,-86.43201245284727,-328.5348836709624,-279.7467980497444,-179.83857458719146,-102.47786557214245,-87.93053913232824,-96.52413947508123,-529.532311898669,-916.4567430195041,-2461.711915199559,-509.01832711341154,-6599.807273767102,-723.6190106815585
0.58789591708496,-0.1332957082736512,0.4094141222723837,2.5899279387174916,0.28067631707051666,4.886760128628438,0.08642741198324821,8.199775557721408,3.52836722298781,6.181224219053287,15.480925904499681,0.883095812737398,24.890622532495293,27.10257722852544,33.25389345084788,35.039587851663555,9.634408284227426,52.47982590128189,174.50221796519662,179.49152677878794,96.65769957963944,35.352852585227645,45.041378991937286,44.929688900652536,224.0292835347066,506.85832789099146,1380.2355355305958,248.7412525508941,3589.367470839177,334.70390577241125
0.5799489914317494,-0.6746370664499531,-0.3537484289448499,0.7586790408275956,0.8104889218193259,-0.16856032871294113,2.1885671616363154,-0.7748331259760376,-0.39971529857198984,-0.5109413217701202,5.493580011225693,0.7796745685258974,5.747602895820549,2.1300499933229506,5.731469490875826,1.1841420852309539,1.5446035845738704,6.003702899184548,24.4117604292459,12.66138127696096,14.177967387698201,11.325771681540047,6.8181811721715775,9.05399936264906,54.286790962046865,62.142740963216525,168.4171944882985,43.82148332317161,472.78701060810937,59.40292007153928
0.33169702817744545,1.1448965456306335,-2.0069455973672543,0.13695785635450647,-1.4627575070908125,-3.139400408264392,-1.4586065870824483,-5.241678199290449,-1.9433926897076643,-2.9427717837714518,-9.556625572018316,1.5861616324773269,-18.17578997718934,-19.593042722284572,-20.35849263836818,-19.534729798833748,-11.863502241041477,-25.5528941316537,-100.0811982241203,-97.6331572074477,-68.61812018786992,-25.019722478524915,-26.150692690292747,-27.18577488211523,-138.16026724397585,-302.24607972684214,-831.3673621732765,-156.87383933054042,-2187.9080919871285,-198.3695490575678
0.4908545285276716,-2.5658647032422435,1.6006252600961217,-3.0020269563496593,1.7943610547101672,-3.707110766759973,5.586496607423712,-1.0155018536420828,1.6858200347269585,-4.4983306982731,4.059333399780789,-1.4842912884630513,9.801353959229093,-5.610342240025243,-1.2280605919942262,-6.175526553657132,-3.879413819281614,-4.439459307318986,-1.1851991574705085,-39.443006515256464,-5.458322662175238,17.674185965664336,-9.933418204527507,6.671269569967771,44.669612333946155,-34.35974173787994,-121.18393810196015,18.808007227783936,-185.97185959823267,33.36317810040183
0.0893219206356929,1.6272149124804274,3.3600789644219904,1.2101275472312696,2.3195066666156863,1.5660869165691804,5.450065153034799,3.304040513724169,6.116457869669932,2.8798969793403764,23.877976943456645,1.4544917336552705,43.859348558649444,22.089989002876976,43.79899896788063,47.10876697560515,12.462981377151582,64.02442243293162,227.70801321888518,206.19004757027614,129.539686621827,68.52440628565415,61.47129977424254,57.654905678326024,343.35232369477194,640.8686759066339,1725.7500883230584,341.4709070303761,4590.982250755648,487.2082710292736
-0.6859767142813885,-0.08017487638717873,0.27030539131022124,-0.24153939239978683,0.46594534677748256,0.5840067456936371,2.113416369612722,0.8138128440962931,2.5295604527423117,0.8702884827484348,11.452215567055443,-0.55586496003667,17.960832802310904,5.249163281788858,12.991305893628823,18.510501886020535,3.7861878246693164,19.941126333108095,77.57682960981091,61.148815534251305,45.35675050013896,28.09418921061871,23.70257266553863,21.509862568086696,125.624402411085,211.98816359416497,563.8670029291617,116.02270382193308,1522.593401426802,183.59513236885178
-0.3690483410789271,0.3207604507746122,0.9001321785195753,-2.1914014477926274,1.716416636486466,2.691525294864382,3.442440925531853,6.639798711164814,0.763696220644313,-0.9300712922091081,10.637244620189186,-0.44513084203264475,13.409202076802528,12.22805840612272,17.28030977877119,12.861933567161921,4.984683075785333,29.140895554634827,101.306309536194,82.74546013894775,42.47386436919014,23.108301489221226,18.429175927841538,32.03205892076603,132.31511820137146,275.42183489110806,728.2835886697547,136.5714915333044,1914.557247172989,187.4238707917869
-1.0128142050134097,0.383764055156317,-1.6297608330907183,-1.5498436406657992,-2.866556462840054,-3.6573615448011076,-4.516262169998599,-8.294486114494692,-7.163184462363804,-6.620387883138807,-29.794885384166715,-2.9047224901213298,-49.720351957239274,-32.14068887321958,-55.81640056567399,-56.91230530907937,-16.055919391252274,-80.40892982638549,-284.7657145013349,-265.40656215761106,-157.78035837351175,-79.64908343180235,-78.16121347584198,-78.64210998205847,-425.1931444471922,-808.3736169154797,-2191.8601402374784,-430.75269762309557,-5799.843481712844,-602.2239972630516
1.6977289587637057,1.5617697174990757,4.0568496306079505,2.802925107182335,5.334590308808455,4.423572784051118,9.868600459477735,12.121303424358086,15.541089470229178,10.956128906804175,56.52149461571624,5.239998889382068,97.46807650351418,54.09581976452315,101.92113025751394,108.39194939570267,29.134017323549024,149.37078967309145,531.3613975841746,484.44241083550185,297.0695436714,149.69258107264528,148.2452392721225,144.5905554799457,800.5824080743287,1505.4023963906404,4062.8083266632984,798.2439275218746,10768.884678002463,1135.8101909703012
0.1824618740766532,0.3192957114443259,-0.7689236742667958,-1.1286552655190223,-1.8063298187360872,-1.642520482472122,-3.7375686989611174,-5.916206554291641,-3.464817273929999,-6.512251913410202,-18.53270362689182,-0.060939967042078935,-35.583981970847816,-24.942385305217876,-36.24553047869562,-37.52617207133598,-11.779436825140618,-49.112252812803156,-182.81190519834396,-174.6646400483456,-115.2382515140562,-56.75908316986834,-50.47103521049711,-51.4778250887987,-282.40022643604584,-535.0174870344869,-1459.0862373446928,-286.6653919639874,-3868.8837061352892,-399.79724517584486
-0.22101727154097417,0.25859868355092674,2.134327287622508,2.8730694328650346,3.5704204638299704,7.856541636004826,6.483156705686329,15.742546092224607,7.880676486851956,13.969021016999854,35.684674397442514,-5.048379407626731,58.84684776626792,53.11988757834019,74.04838599634958,77.62402708842342,28.120271118676825,109.50582320480241,379.68637163672,374.8469084888543,223.66639109054555,87.80572910722154,96.2598626872425,96.63803013100038,499.27549777603747,1099.4942373362458,2990.303717288808,541.9318148848785,7804.455610322311,740.8750522917614
-0.07903064541906696,-2.0151224362017706,4.499127275076586,-0.9793442387555943,1.0420689331925428,0.014381865548091621,1.957818583559935,-0.2563254804702284,-0.6582453786690454,2.2359711957237978,-0.7637765682461493,2.4877946999193905,6.048107999719835,12.090104042646848,2.8348858048112264,3.1108247738598096,5.05603818547667,4.887314799220533,15.639532153640712,32.394976199297695,30.204696607648344,10.201965354559475,5.760841053328127,2.8106430847515744,33.18867819081115,80.93584523043586,246.91974900767403,52.11955169585081,661.5608453092941,47.88747104636642
2.2496765564372647,0.037510861429272825,2.5586535914239485,1.8068251236326716,5.041315357739321,3.26613755177453,9.237744879427908,10.151964390825029,12.921755469351254,5.826780725356013,50.977236394509305,4.3362624785014905,85.06272192528652,41.082517264208704,83.53663050689828,84.21616709689133,19.10461162720213,121.6833931396877,441.4532913550195,378.82661514364275,241.44598739507614,132.1281184379845,121.02659726021344,128.58823963326728,693.5437673272836,1234.4475601667766,3315.415621121322,672.3801883819243,8848.115043998341,965.5017706208018
-1.1818760581412846,-1.2028467664310245,2.222869156965415,-1.792961771464924,-0.8312709133740854,-2.34321761730149,0.951267747895602,-2.3277301187166657,-2.824980247763764,-4.003208067331904,-8.170869123806618,-2.7138484207187075,-10.834991304337622,-6.457538285452569,-14.359071873934322,-18.84837029020916,-1.6053217888337348,-27.23535351757408,-84.37391939076734,-92.55282545951518,-39.74134540165896,-17.945038554966555,-28.850678508942384,-24.046335127924998,-115.21607254999564,-242.63197091346646,-661.6920870647309,-117.07023126917105,-1704.3184294200767,-182.15835421292638
0.1892974285486086,0.6441047385827997,0.31871221572540875,0.9704403300046783,0.09839038644734044,0.44731116753694544,-0.2776790139989104,-0.12702672943008508,1.9623423570769494,0.8568883640742193,4.183369331545952,-0.3452753111666301,7.997113393369465,2.540344645591598,7.417767903718866,9.541154857690186,1.5540871989871803,10.621953103103037,38.62968236164872,38.156812589238676,25.609355304681934,9.69453325792147,11.168631788588913,8.020626176978755,55.44747514589617,113.13690227169636,305.38490724392057,56.27008151639286,795.458524335374,81.26591115820256
0.011847260233232099,0.024747551765482916,-0.6451160214853676,-2.7150282786119555,-1.5650447394799611,-1.8008501818120375,-4.670861793905745,-5.4266307893774535,-5.872779520292994,-5.430068174069329,-26.376404841273306,-3.3494492015820487,-41.70196965047618,-22.07674127001926,-40.33109524510662,-47.23812604495503,-11.970397238395893,-65.65161668540841,-226.99677522891412,-209.7094843720744,-127.15469534885403,-63.134181448791,-67.12851967352448,-66.75508516850829,-345.1232025453785,-648.4134174320053,-1757.0444700390663,-339.3630313807831,-4635.4323597942,-500.1852977199076
0.2521971374431276,0.4469991661115629,0.09041638683401654,0.8093776453104324,1.3151999308829727,4.1014510158363855,2.6112266289678905,11.915640931251762,3.7064727300385076,7.438103364432777,16.480754829049562,-0.41598472438812717,26.121033893528246,29.467031974629286,38.15293303618398,35.88227745195616,13.555442509619901,60.471958975984904,202.6350309604656,198.11020917124335,108.20953621588411,39.607875363981414,48.238086179610704,52.29714025303968,246.33598212464213,574.4072041530567,1559.4278499155207,275.80399532980937,4044.659888559415,375.2608828782247
-3.3181336763387086,-2.4847570465219047,-2.754454418707717,-5.557546234540885,-8.862147349095997,-11.144846347731868,-19.39346629331427,-27.55066545777409,-22.08426761892859,-20.990171240208394,-99.4732127911011,-5.148088710774688,-158.70169336573767,-104.02764110734331,-181.98688637808087,-182.44517583320447,-54.386475765837325,-270.0112219208868,-943.0717272267135,-864.5042586101498,-515.466001130705,-245.04884111921996,-249.34862559728478,-258.5286494955615,-1365.6752202380342,-2656.3205058689855,-7176.033375430365,-1384.0605524935231,-18932.150733350638,-1942.2576469939027
1.3635463419807512,-1.7744067104600256,-0.7059870803433821,0.7339316655488073,2.0350296461320694,0.8116106029337177,2.4458925295092557,3.7666857526884363,4.796933813578804,3.6074880931216793,16.66018759364103,2.329965324722458,25.449268792557323,11.872661225578206,26.155814781565663,27.341141263889188,2.9290993471490103,38.32978219884003,135.4674664682386,117.91183359225255,68.71754473554634,36.461559685471045,42.370968016683086,45.21994252106351,218.0642867325643,376.33013152273014,1011.3803874538519,210.12077998514764,2697.8498568677187,305.48213514990556
1.9968413561313074,0.5667731994229813,2.062920199528376,2.320617765974783,3.3874177593528474,2.5796065087736393,5.759710504720519,7.009522971437589,8.25992704409163,5.120641561634753,33.37493290987322,2.824428256416346,56.42368665563764,30.84592530774214,61.38607559087594,61.48019741301814,12.510426395168285,89.89644517659097,317.4320158988228,281.32541800368324,167.07446410389784,89.04058387587749,83.29514444738196,85.36082040506747,479.3819187867518,876.6689753200884,2354.0615165762324,475.8746402533927,6269.435503523686,664.7738884594015
0.13956828338345248,-1.9367713315668678,3.4041458885532387,0.3826943392004595,0.7583551932328911,0.0807173759829175,1.399899709854094,1.6749349833338125,2.884835457826674,2.4509208411905385,8.929275563703056,-0.9809241349466927,21.866477343014882,15.021777413367694,17.603883953260553,18.264328198838392,4.996078111489331,17.53113287148165,78.57970938723311,74.53818207621215,62.81626509631815,35.42254243124895,22.534583213584707,21.666887294439565,147.7717534907811,244.22073503210652,668.3912015766759,151.39298786237364,1837.279081016411,197.9432362145948
0.499723559966013,-1.948318858955611,-0.5209850850044435,0.3240012563602732,2.147384980214892,1.5840841086460715,4.0301669079613305,2.1819769107582783,3.794361632791361,2.0733680421745992,16.298371162971918,2.3021668121970875,24.370886488163208,11.24988299738326,23.424487085288792,24.86306650283025,5.218879547510982,32.59613109819584,118.40570631998206,105.85483550359905,67.53972426441291,39.808505331871096,37.642265357425025,41.117773409166,208.94162094647197,344.4377677042616,934.2979498028897,197.24109919349462,2504.7836743555767,285.78439861286034
1.8643221772856808,-3.7207024583726227,2.543951909404983,5.252646405589074,3.9502787591790227,9.19938732778989,8.592145988549207,17.57422571032828,15.502259789618797,15.91741063674072,65.39231654901555,5.635708607608713,107.65638778497352,72.06190370081525,115.09048751661894,118.71658467824248,30.601896016716996,163.27532896801085,588.0669297462464,551.4960707978634,338.22328001898757,163.60516396614184,171.25617782157912,170.21288687390683,896.4451090297953,1693.099433478483,4592.297352004823,906.9687934702692,12167.896903959285,1269.6103588631981
0.5352502728325726,2.441879305659844,2.169462252739816,1.92193793907267,3.4921116128046794,1.735317616289262,7.438851609375617,5.9343286078594275,11.460821239087117,7.015893775509779,38.8965648477736,1.777603464124922,66.7336622970118,28.463859738538364,68.2188940267138,76.82397026037847,20.066967884533845,104.00783989630727,362.7697745396342,322.9875687467051,193.70866339605547,104.9985088678786,101.8160948037391,94.32191726360384,541.697411684339,1005.549854316002,2698.0044158814635,528.03103708882,7161.316535974068,775.3342852054762
-1.1871875160321146,0.6443888624557158,1.1243075164076186,1.4030200857942652,-1.0320743833304484,2.1525758564819375,-2.165265739663087,1.885650272278029,-1.0284308704104064,3.2550258641232626,-2.677539059100371,-5.234551703118628,-2.6572139747272754,8.207436155824093,-0.1797522093645339,5.958096218472852,8.858575141494345,0.3728832857603417,0.2670962340471845,21.91332231145036,18.606969395888974,-6.646094081561186,-2.5803201405996044,-7.8323962638674764,-31.74305291862222,28.3779136920892,97.83092613594265,-4.749602303508046,203.5203677044556,-28.413223235825903
0.16555496929261487,-0.34742808959851423,2.6768920131864617,-0.3745739424853261,0.36821580100892315,2.6146417725712467,0.3112769146324746,5.377421033766729,0.3842600871704237,1.4244314204446855,4.471425107892138,-0.4075153587115092,12.060932750920438,14.468129057752009,13.02476604353521,9.899606955592859,5.658901617055676,19.15243424092926,70.29497689286217,65.5665599642168,46.71801824670429,22.640942997301927,10.530387065647604,18.325350457816466,98.77559612119727,212.15269107530784,576.3852885367817,112.5133493375646,1530.779993095331,143.44398681861253
0.24007367647406977,-0.522440882841506,0.25814734820700247,3.2111708368038347,3.0004010835614907,6.094726287825166,5.373917277149612,12.027157165329356,8.499999557654858,10.145593389440107,37.72725226847368,-0.36662917781924653,58.1612902709468,42.19912494167836,71.66140259685905,69.97242465457882,21.142789651560225,96.75744216340537,350.1338174739547,326.4004455432078,193.29104822112527,90.4626493224293,95.5104669294877,97.34917723833638,509.4440045394288,993.6733299579157,2690.7999859567153,519.3795880138795,7096.482678622612,725.024397916075
-0.16456650363617376,-0.3575232186338594,2.9457063684501255,-0.42690139404777677,1.1775632940121978,-0.95386871377748,3.0826539681364404,0.6257067841300072,1.602219202087529,-0.22159970579659977,5.791331068915024,-1.2008357951584359,14.282173797383237,5.679869972024438,12.242594169131802,8.194881422720751,6.4907170922790876,11.960004033640367,53.11529769563457,36.321678361206054,37.244397524180734,23.449373920314596,7.625504923825268,12.947991591761603,94.81092120716863,149.53274087062826,398.70221284382717,88.34764809791523,1097.7255714481796,120.99393455234188
0.640343123323447,0.7969690191717053,1.294367757198374,0.7216063952723597,3.2667414195779,0.20273885549242032,4.086962176767319,3.141565372892446,5.413827098848512,0.3392869870393853,18.468719542045882,2.319888319746322,31.41056177783873,10.431081224453877,35.18793432162297,30.829974069808344,7.179402650243957,44.50379699539346,165.85555432372396,129.92248738551527,81.55717394742926,51.187658624706785,43.63295732233684,48.64104466209866,272.2436361285622,445.63031289805525,1185.450528201118,250.8950729275171,3191.704410559312,362.46578995169887
2.0305297052025293,0.3897018370685582,0.6833246057790712,1.146173842319525,2.744132324015023,5.656501064131536,1.6697676290209018,9.8360384672479,6.094060612720458,8.963909145703225,26.183655560772483,3.2365364659469735,41.85639738022434,37.204556132998675,49.97511259248355,54.898386875050356,16.680689062832954,80.16741080300865,269.92801823507745,273.86145643459815,155.18596874174807,65.7247528360737,78.5555588235016,69.59562068613526,369.29427331614914,783.8424262165664,2139.291342191968,398.38284503087425,5599.446650178147,554.0121263042068
1.9047290324941721,-0.9931957080976231,1.6527810870499196,0.9798026771976951,5.562760560958904,2.794408097181411,11.705521791118391,10.517955044464696,13.750934908509057,5.352503536165033,50.63855361713485,5.292582080499599,83.12562277378979,38.99141181519414,85.85411299720877,83.96086172535624,20.375102709462993,121.54519487355559,440.76296138913006,376.0197453196614,229.34771869488688,130.91650384596184,123.61220366091118,131.66654342443178,699.7478513382949,1218.889699661619,3272.5923181654352,671.7815008044533,8743.333774264098,971.4429332375023
-0.10349698332634184,-1.0549246325566612,0.4814989835191,0.30911518781230457,-3.450067424818842,-0.016765802434662858,-6.752015274785057,-3.6366654014741195,-5.394559725191773,-1.0048563463444333,-23.47348291236215,-2.5401302568405377,-35.583503560898464,-10.547035763318519,-35.65012950201499,-37.163164191256186,-9.356047956812466,-58.15464264734057,-199.22698557539596,-160.13240755960751,-89.97360881626362,-57.61160941129683,-54.690323265045734,-56.5416326512746,-302.78137348567105,-523.8196506791887,-1392.4232038658754,-282.874231069353,-3718.927795121623,-426.75990463850775
-1.485115895120441,-1.625611505570987,-2.0293957669465055,-2.6051982173475796,-3.895289263575731,-6.666145791711607,-8.910840813031342,-15.632861274373985,-12.634027084039907,-11.403087918381004,-51.4149263137355,-1.750937117311763,-83.77186885704054,-54.97985083992929,-96.11806019166437,-98.6064244058752,-29.131034169088153,-141.5244132719055,-497.7832227004656,-454.2257242861781,-274.55360216703076,-127.82974916873582,-133.153934634106,-135.2911253097391,-713.454831404948,-1403.2214107417412,-3787.830234920231,-727.5037474588843,-9990.72388582034,-1022.9313691921343
3.4960268085607575,0.38655322947356774,3.450622905621962,5.134075009105551,9.030323299476152,7.086159903403653,16.797880076300554,18.528803000556312,23.99993414166781,13.12727352343156,93.40910981616737,10.735137892498292,155.16869438895475,76.33217645364147,161.8687289714178,160.8231638569325,38.40158437152869,231.02385973673583,835.2727891203074,724.7220973671605,444.2498215831504,239.35199659913633,232.27195151954675,241.8101307572617,1296.0218433638845,2325.0546100173206,6252.008090903679,1256.9058240492298,16636.91412551917,1804.8936094354522
1.1325709302584974,0.7523566186637707,1.4161524046123328,2.17842655713175,4.929764386427947,2.5069451672304175,11.583571085090966,14.584220972391782,14.002305141557828,12.227400933464128,53.48375698364141,4.08280484076042,87.24276944074788,49.92811036881349,95.37057519252863,102.18690134350143,26.593162896031714,152.23774454117688,518.9215248339084,468.2313397664033,266.532726377332,134.9711659397019,143.75574017854058,143.03105389610982,745.1728402394716,1433.9711426888832,3860.684156569028,747.387341844475,10196.666406843755,1075.5027939040735
-1.3889965591445401,-0.6347030865554817,-2.362462379721995,-3.036159423152946,-2.2989226062731385,-5.30248731509756,-3.198550587269795,-11.326022481557857,-7.8197215792575845,-8.495733056394647,-30.164619010198848,-3.300562752371803,-48.38566006237155,-41.31305234604393,-58.98878187011737,-63.39731816887828,-19.084692682340293,-93.57235188932903,-313.348467808133,-313.0722253111957,-175.76441877454357,-74.3711942657823,-86.82181921110164,-87.57568025200345,-439.69426558240997,-912.5539617453777,-2487.5497510933806,-467.097851703058,-6510.145386580628,-643.3933713599774
1.8431607604033307,-3.172710004568595,1.784587057905197,3.2929287598321078,5.347063130519529,7.8906077318747005,10.936041328515119,16.33995578078373,14.92121240317115,12.696815280840346,62.036252553675304,4.800761559121856,100.88339599351691,65.34927616632586,103.35946856088015,108.68215148707428,28.145426254985935,153.42170127035195,545.7650336110017,508.0408954075532,311.0001826203779,155.1541830308197,155.02747737764588,163.03301146235916,839.9122322083728,1570.5627956232986,4260.4993283170115,845.6286305083368,11294.06857670188,1193.3554630082635
1.346276750666918,-1.8057975336774825,1.9852582431114687,1.9512644284223088,5.156963725673786,3.514472509894446,9.986398733579128,12.416222385276368,13.086933703427412,8.137671771098193,47.58265877258701,4.137009061042318,79.54846599884446,44.54789816345021,82.46299185279159,82.15341036585292,21.732272132559803,121.06953988146289,429.8894354076477,379.02090132108,232.29191967070398,123.55529638302426,117.87380776323835,125.89914917020023,662.8514027736238,1204.5240050861867,3246.622337115246,650.2083566883961,8637.006631866008,930.2557476055722
0.03840420540870375,2.744507822277396,0.03206688731740379,1.1066791440586137,-0.8337716862181815,3.1549894331051926,-1.578944737314487,3.4712652445793277,0.15250483088021025,1.783937712070467,3.003196019468228,0.24001156346296104,5.391961391672545,9.319919060557478,11.292733196204281,10.961893931610252,5.259424378480754,19.718991279887984,61.86776281789517,66.46645261864248,35.69235738614017,4.948523622552744,13.133900549730612,10.958961968082606,50.19208306288776,181.57352058000419,495.7997455374618,68.02383695035023,1233.060117115743,92.7535846501325
0.20156660626912956,-0.5261261572889554,-3.5412351012839514,1.3671861570956567,-2.822478418293552,2.352509200163181,-2.4799449694899045,2.593315910711843,-1.7773280445001904,2.747867341483886,-1.2565043660794246,-1.2518810373362836,-9.124894906375156,0.4897195291979093,-5.528811594333964,-2.101427977197414,-0.5569398315309183,-3.2182328686569877,-20.40346033604177,-7.975130376094597,-10.483995608102585,-18.786909279393,-1.131649215314234,-1.879320918684486,-55.76123606733393,-46.62441669448491,-116.36625372155156,-46.91122104504097,-382.3195419663544,-62.76627022465637
-0.22563990493842162,0.7731568627440746,-4.214515108864429,-0.42882191451422447,-3.9985720037307875,-0.2339434813351391,-5.089734410357199,-3.6269142861820365,-4.542177811121753,-3.099813965034485,-19.968343123623942,-1.044261460577151,-38.1589026022119,-21.460361793315172,-38.25125819519012,-36.78350980881397,-12.195480975342386,-48.64684218336358,-184.30029940985324,-163.66521401687703,-113.7555366645664,-62.64979436724561,-48.5373149676454,-50.12569881236148,-302.26402169517627,-528.5793492611444,-1432.071927401798,-300.22402300295465,-3851.9817283154043,-410.4619127580481
-2.2116181710934515,0.28678532492809256,-2.3107887780159007,-4.103079033266376,-5.598647189680013,-6.780755228941673,-11.723729963263441,-17.2491078829885,-17.775399464924583,-14.123975161996395,-69.86083728478624,-3.48623420380106,-115.70422062630253,-67.73500779162991,-125.34566522052334,-130.37279842625605,-34.7411441303287,-183.48565782736247,-649.0780659189246,-588.807744878037,-351.64222533640816,-179.7663019235024,-179.671442394806,-178.57358720693395,-965.0495354608623,-1817.0137442011103,-4902.636072589464,-965.8869873014775,-13001.967297869642,-1367.5723974558302
-0.3998889588281312,-0.2693455136805835,1.556244696995557,-0.9992393027810866,0.24148392668721913,-2.858863276191131,1.4427402200677983,-4.241929297440659,4.278295799845947,-0.7640529044256166,0.0940598700999491,-0.796816217404126,6.624283203878818,-3.2787113916215347,-0.5304638606409235,5.097434380949188,-0.7562876507896437,-0.8155756554208546,-1.003455811543941,-3.0747348034082913,4.089972444096247,12.259332433912126,4.075436096885088,-5.430818181719886,21.038571929445233,-11.098071645332196,-34.118917203429504,13.439417284414217,-26.586380366781544,28.502813231025687
0.9306607305062333,-0.8882512278636704,0.048370634787469946,2.5227700056945643,1.6551937743786738,4.227142395504342,2.2867075097924086,7.413734715619708,4.4373549694882755,7.191458635889401,22.339152432709493,2.1677758401736846,35.63885883660031,29.816003070364975,43.66894756071163,40.152990974394115,16.231199647268582,56.84497313076589,209.3800521155479,203.06414345618353,128.4681085258454,55.35910852888056,58.16018684702355,60.2972215855534,318.4492858093997,613.7296012672771,1684.5528864929365,327.56798795054254,4437.270653130167,439.6470496985942
-4.681614391712436,-1.4156291028313615,-3.865645894417384,-8.356487273955384,-11.64437051319561,-14.758030424935036,-23.481712347706846,-36.06760513087541,-37.51147663923291,-27.767869272408824,-141.21007420903632,-13.57418240584206,-231.8705671176398,-137.6239759623091,-252.80768324853994,-256.90527375107405,-70.17472250178257,-370.96388707472175,-1310.417947924393,-1191.531345256713,-722.8689818313503,-356.2752662588767,-361.5058165656686,-369.40456164255437,-1964.7679510372366,-3701.503267533339,-10005.706415961937,-1959.8101823893596,-26468.13747607369,-2782.3800552240714
-0.4049677167543228,0.2613984479195351,-1.1730464032400947,-1.5584190300590657,-1.0395002036547583,-4.768337943905697,-1.5861242455856173,-7.650739802731071,-2.0673426991761445,-5.5832868076117625,-14.65184073290894,-1.960666466736748,-23.434312340624622,-27.385512538755957,-30.275810544321224,-29.629297829300334,-12.795979512527044,-47.45373755088636,-159.33912106093067,-167.90302285988963,-98.44086972268903,-36.874735572435696,-42.24679184297397,-45.15548064166556,-217.5679866915909,-483.30298740061824,-1330.292049337958,-240.38472633758087,-3459.0162116524584,-322.318989661672
-0.22773232969459,0.7968813777809721,-0.6443463876813909,-2.161641477191943,-1.9376840358554348,-4.224861876104787,-3.9766209733013973,-8.709248240640726,-6.708825389149856,-7.3017917290566094,-23.850405590576436,-1.455703436907863,-39.27882119186113,-32.154021565638594,-45.26445401588905,-48.03357574940441,-13.649227217633419,-67.71327492666579,-237.5778860066172,-228.46302049276355,-135.2306012783323,-60.15982343177372,-65.99492741878034,-67.57605210679685,-342.0336684274852,-686.9947603853162,-1869.2073856266272,-358.18284523176703,-4918.419164487357,-495.3917061545321
0.0777358435639363,0.33940845300376377,1.2603883111121794,0.06282778699133154,0.5716189732891224,0.18551067171676855,3.099368367511204,4.201561636995727,2.903830279472322,3.5035244207043172,8.862115900517262,-0.4986498470525387,18.048144457696377,14.283146200890133,20.06989089488753,21.843647227163697,6.094644385545077,34.084389953183084,112.20965962572309,106.60086065432714,61.739121974416776,27.213581321246004,27.433290101623538,27.202947433466196,147.55541718678177,313.2481431519837,843.9691196667972,158.62056534022884,2221.9258675835986,218.8634806509508
1.8307782955930962,0.06251844712652696,2.2460549012885718,3.0668197057464086,4.6511599897665095,10.420071470517112,7.313700045444904,17.66238234173188,13.038314490063685,12.993531691677216,56.01851674528178,6.106737250708643,91.13101572393909,68.34998877938928,100.8801690275784,102.69691965291072,32.90184831091706,150.39664029687913,529.8040298877575,506.89838248663403,307.7970161135891,143.75912928263244,146.4443527074862,151.93489990367445,787.3260553375486,1540.8140084747497,4192.478057101456,806.831440626972,11046.348746486994,1129.9059821510164
-0.36716983929846597,-2.4781005018904665,-1.9842576657403104,0.5227689220352244,-1.1537915454142413,0.8910474531681508,-2.2190809273556176,0.1368805008482952,-0.5322228413748304,2.0638853278160587,-2.703571272713575,-2.2049583969659006,-7.614663805621685,-1.3742681102773615,-10.617394704169632,-5.414087781189257,-2.6734970216682044,-13.730915729544497,-49.03850868976246,-28.946471253865717,-19.0020605228944,-12.482305285292403,-9.91228349995032,-7.041017645330325,-68.53521145522784,-113.57835076146573,-291.18537748770433,-62.683299184775755,-790.8902821576862,-82.59457586847779
-0.3654181924227843,2.7642643491936085,-0.48000313366633424,-1.434757815707768,-0.2982971295683995,-1.5890030801965558,1.234526705176723,-1.572221926990251,2.7661123533541816,-3.158974636628223,1.202002629418949,-0.717280620563798,1.755397860142612,-9.500614184124894,-0.1413992360487042,5.107970166993472,-1.8671008168633405,6.342999868385175,14.429994452455754,-3.7807653708514755,-12.098686945208946,2.141942149612115,-1.1127773545027138,-2.5814467238349756,4.19879904941107,-1.6152940308885724,-35.142839317344794,-7.582625690568545,-78.10585889908563,16.044118619950535
0.6443617711056201,0.9098822682844145,-2.2663448248667786,0.8203758123892428,-0.2554522688706495,1.3343204863651572,1.1549712769792744,4.536537238639211,1.438288373705413,2.037251366271793,11.39220525320142,0.947559654246185,13.08458358834822,5.906120819112724,18.091024668882568,18.69647276466656,2.8862579055729047,30.73399575028878,102.1313974172217,85.49732618953198,40.7507609854642,19.638893135576794,25.859695667544877,32.581000098594636,136.06821451174758,270.9154348924693,718.7564645888516,129.99650032030874,1870.0932697595383,195.38367177859877
-0.10044386468642257,-0.5350430572102275,-0.12862126761155346,0.7889736157765751,-1.4249616260336315,2.3220880403992283,-3.9307884564594175,-0.9424662410351989,-1.8845115043709026,1.7389231367420201,-7.172993805722685,-0.35953972657421573,-11.01286871823297,2.816013910016029,-11.337982381444357,-8.624659355166763,-0.9556878783783967,-16.825865824593116,-60.76394145955087,-29.50660500455158,-13.78070175704024,-19.755647617835447,-11.638768912900684,-18.59618858269066,-97.53042152367877,-131.78012518640907,-326.64243063404575,-77.68094220290351,-911.6285324600856,-124.86355780198427
-0.8002655828845449,3.217393392157273,-0.3214367824153419,-0.31448003389600165,-1.4487346836187973,-0.35572545278449574,-3.125860054829865,-2.1380441629139115,-5.2555151768931045,-1.3166242326464699,-14.883184274403781,-2.03189373931449,-27.868091587859105,-9.101164863049874,-22.082351993049173,-20.69400152189889,-2.8399710079405645,-28.411904624486517,-111.73393417937154,-85.31696257128698,-64.8770062033832,-46.47896995980412,-34.03872018628094,-37.47219959384923,-213.07120314170515,-308.2249003149444,-827.995318265173,-194.14615727699905,-2275.7173167626574,-285.4608795230677
-0.09995401022140499,0.22785862390953468,-1.5288878020147143,-0.43179972287324864,-3.0249170367096285,0.7044749087602454,-5.606820286714575,-0.8238427289204902,-5.888999762327814,0.5347617621387428,-18.734547203079718,-0.3033580990608733,-32.98325497804279,-7.663780472530693,-30.25016852988024,-31.085155310160072,-3.7308117271675965,-41.001975929926886,-151.98297144993666,-116.94360355026116,-73.18839714758644,-52.853794832758474,-38.58629674529099,-44.14101430585913,-256.83395637811066,-402.86066241648876,-1063.2620039929868,-236.21244021301516,-2900.0166841479504,-342.56980773192805
-1.2668627623898532,0.18013832148490508,-1.6793287841901674,-2.2326480962016424,-3.5866979871109463,-4.224911286837504,-8.113996377186796,-11.773774091683228,-9.270862638051463,-6.852410969741166,-40.11691926605271,-3.295065797793913,-65.92527181261269,-41.328572755055355,-74.97329916523583,-69.71364821019233,-19.192904318262084,-106.31844998109328,-382.9389309143222,-336.67624359647056,-203.26253452202255,-103.61571579741151,-99.64175389203402,-107.79316208286319,-569.0199144952833,-1065.007840423231,-2867.7200309374775,-568.4157533285273,-7605.997935587226,-790.959817528021
-1.0419277302112933,0.6854694476450692,-1.1585481447625137,-2.2660227285267265,-2.7456483475774536,-3.855017372003706,-2.586621707588376,-5.98844808547582,-6.871246910448835,-8.196663868761178,-25.629733734363544,-2.85762102841392,-44.371452487032194,-31.295835521743165,-46.42672144039317,-51.84442337893667,-14.3410268578836,-66.77409683372716,-238.83418983659078,-238.2885822314593,-147.67401164664693,-70.7319370615281,-73.18973435921855,-66.31731022301632,-364.74159939542494,-706.5376813030695,-1929.034473204059,-382.84121593753036,-5114.086110896623,-531.1574269152869
-0.0032697944772302045,0.9769423532839314,1.8238179047995404,1.9977514709503716,-1.2028800014325305,3.906047223260234,-0.5687936985314002,2.4301817688055163,1.2147795275313313,3.7751623454186607,7.432218464265929,-2.6124570277800627,14.339995093213966,20.33496450207289,15.091369791054333,20.16460091917012,9.94128338564894,19.958364514582016,77.29794480156066,98.43549932848386,69.24707515467951,19.14011194024445,21.87984568200076,14.719361675479774,100.71525843143571,263.95137875804676,738.5999239617969,128.5426919091942,1917.7097309094884,154.14250815954824
-0.17691511914069902,0.3753587101881045,4.147901797445152,-1.7383576962083809,2.139786508352555,-3.317426154367658,3.0617775823356754,-2.7711265301874146,1.1271668273586173,-3.913180462230574,0.5231968190510268,0.7673797474817446,8.344371294029042,-3.755326798729881,3.5378730981431237,1.6853847615153126,-1.1982203338792479,2.7984573872787957,14.510186738210795,-4.760832254130718,2.3690101658932927,15.454378406400682,-1.6926839535334386,-0.7045844692700628,41.07345806769159,15.524059215495368,25.733254628280225,29.285373336501284,145.5300061633357,42.416490219100375
1.7701455546928675,-1.3618300956430294,-0.8299601809218795,5.021599752145663,4.719373111558301,7.818718665344877,7.754601511168433,18.393721211561214,14.705246030528047,16.17647476248161,58.24611932570839,5.688916563581074,90.35220641067623,62.17095351895785,104.89130343867791,107.98481142421154,29.678131145169402,156.20376682976226,544.8497224647853,511.07165712276276,298.8207141753184,139.70831551536915,156.19774355298608,158.625625610058,801.419050699717,1552.9478942380179,4212.915792328095,810.0948301610563,11089.310353875075,1150.6449403718782
-0.32187635906219925,-0.3907710781074181,0.450884211269334,-0.0871441873818612,2.179585374431892,-1.833260962167704,2.4688769479807595,-1.0647515560020746,5.316107034449829,0.22053686617748414,11.24334723586635,0.9322079191938972,20.481701808736663,-0.5965618189104369,15.792692391617726,15.306890045374828,0.9307891880974961,17.755954685445985,74.5730665264485,46.39686061997139,37.36338755796202,35.48325055153195,22.821697745471415,24.43605564103968,155.24473522436244,191.51290707744923,500.8932809786403,124.63324670708208,1406.3378582220512,200.64760679039105
0.17575520322532673,1.9391043258642608,-0.13958447131181492,0.36313496938984163,-0.1637825540420702,-2.7456365864046752,1.39032339017402,-3.5810705120206534,-0.947408805841983,-1.9882115671873748,-0.12158276742422502,1.2382011412336278,-0.5951462451583179,-8.309339211295649,-1.2728125326078263,-3.6182277054330756,-0.8817056876787652,-0.9879602733941262,-7.394639983230763,-20.5893772285007,-10.763949955586613,-1.62435399267121,-2.037149125391227,-4.930562622822693,-5.208453387827077,-47.1981425457684,-137.2176342313827,-18.608544016636007,-344.3555567125687,-23.08670631335774
0.3072435919579027,-0.8002175489883254,0.032054788665110884,-2.2077010914996196,-1.9237016780178444,-2.6091036927796845,-4.687418789665468,-9.052227636034278,-5.788452276569606,-7.366963489674642,-22.90603136953257,-0.5750766605190547,-35.353890854541326,-27.76836751454612,-44.91754810980077,-48.1229894585916,-15.548362717679764,-70.72767094192419,-240.1449095139504,-227.6682251953803,-128.64840264542278,-55.528524042478054,-64.15368076778,-64.62851858497983,-325.7476593536663,-678.9685363352908,-1837.7613188884482,-338.88023096480487,-4802.190869074257,-474.9775412422099
-3.6424191189689563,-0.29526535610384097,-2.540717968022842,-6.224019829509824,-8.858022025314744,-11.979851214697797,-17.398866724337196,-26.353965833919833,-24.238042218208687,-21.00320081091123,-105.18979204722261,-10.608584467870166,-168.65566643512923,-103.8658087710358,-181.80660463360155,-191.14798150832908,-50.949453497885905,-275.27982061669974,-962.4049519464572,-888.2304710009929,-527.2526069541553,-261.86792317272364,-273.3981811289259,-273.5251940076531,-1436.4340564525137,-2729.569979476469,-7387.327612934501,-1442.0163422179787,-19525.675498535922,-2049.690245564132
0.3961210164760437,-0.14600455623459224,2.166664002703786,0.46747537115180776,1.9904493477359715,-0.016803789601961272,3.760536112423972,2.0171435753399165,4.242362222082291,0.3242111140684598,16.2770236251497,-2.0905798180451938,26.718184712362905,10.633122174647244,26.485424103234706,26.06248170578741,6.939326567058188,32.310596239243644,125.07898624868619,99.6508070694792,69.80126969411961,40.99677871919824,32.454722669453844,38.51101350784975,209.641788411745,348.5653350077004,926.7512246690975,199.15890606853876,2509.8602765057635,278.3879683122878
-1.032622507475675,-0.12918658283644827,1.399655583249411,-2.882163542339304,1.5883246524325991,-4.561997598638355,3.3075944303981712,-8.02328858650613,-2.9318143229887985,-6.808450420851246,-8.105109591077742,-1.048166191236422,-9.032698669917822,-19.42139046274839,-20.464357998733664,-24.094789204479856,-7.170018814034944,-36.548946612979606,-113.0565871738053,-131.88102492591815,-60.94247258743761,-12.160060672483057,-35.436222097226604,-29.721264023099994,-120.36102207236934,-338.3471987576244,-936.1853133406152,-151.30005169550685,-2368.721981545884,-199.96319605117534
2.55285109171248,0.2560272999922864,2.4460947693906108,4.7022968660621265,4.710582642053293,8.038938163729338,7.2134262120873816,16.89594580845196,14.563108037547583,14.943850674083093,58.996934067636346,6.180696833103735,97.90476477890306,66.77285574709232,109.55502430435011,112.79792113856135,29.635791113592628,161.25329732622964,564.8769842248224,534.1309781069452,321.1229990703245,148.5671230034389,160.95384562675386,155.62775812882316,829.503912525552,1618.5448571915472,4390.936294148206,851.5509905896009,11583.924993319162,1189.1137854364188
-1.212927930355452,2.1728882032202517,-1.419142157607204,0.7965899146533348,-2.2779475581576234,1.4495892654271818,-5.217929227498685,-0.7240304537053556,-5.144267916699363,2.915642258540485,-18.134014772807678,-1.8482668785122267,-34.43440565435574,-1.6410038561848816,-28.310821919764066,-18.422149652407082,-0.016179743266245224,-23.347885576934658,-117.58999644053317,-60.08264355252042,-58.84179971626485,-54.175836852300286,-30.293598465835867,-42.89192736685376,-254.4524630726445,-300.2678895522734,-776.1426149083459,-206.20404811493168,-2215.9720007141254,-304.8058614949918
-0.18723571456806476,-0.7310870331422501,0.6887782956818966,-0.18454831683807024,-1.329895199191387,-1.4568747416078096,-0.5970267175104915,-3.9695947395461326,-2.7171822570564066,-2.687256013980939,-9.421573948613126,-1.4339809028759511,-12.907157514634125,-9.583429756770713,-15.980807307661479,-20.105299953084447,-5.069254584319009,-29.78572316294516,-98.15176188950548,-94.80039346538574,-49.46162331551573,-21.587885484257612,-27.407071001388317,-27.365432449437876,-126.18099352031415,-273.89826599046637,-741.4497557876639,-132.8390559816708,-1924.9199120516807,-197.5909215211807
-1.767851538133137,-1.4146825081261727,-2.26706061066304,-2.435293823241915,-1.2727656404874605,-1.8750338692065398,-0.7763418671969282,-4.169826479767396,-4.25025498523649,-6.759945422867099,-20.618887888968487,-2.9443663974730865,-36.8284518481602,-26.363472637514214,-40.16148451861996,-44.85242810722935,-11.905656884596954,-62.74301507693628,-213.78111984133415,-209.37346080487174,-128.1299233162394,-55.07243345034908,-60.63287118327491,-50.574379053158665,-299.4145282514684,-613.6731070304177,-1670.228131795359,-318.5426333376961,-4396.424143161293,-436.21175545244677
5.074934434590796,-0.9290189436757581,4.666811656866443,6.613628066221583,11.4646642440623,13.148694816724431,23.10852060665116,31.13514502489609,32.252430322408955,24.537092638866824,129.62012326077377,12.163881676094004,213.17804563568728,128.54101224887197,226.95254629309028,231.741833343734,64.45865951804173,334.0034523635284,1183.8060660890053,1078.0960448726398,659.237777500453,330.8945897343934,331.4247172904403,331.6985141597345,1786.9806937252692,3348.1423856382785,9052.767722221935,1787.1035167192906,23997.06197920545,2528.5332760016295
0.004399685098280644,1.4865559005406062,-0.3285336252851939,-0.17246608066903216,0.5666584275453591,0.9891968685483652,-2.147966157887878,0.4825525490825129,0.9492030753785232,-1.727408888885778,-1.6046628371464784,0.09207844739249565,-2.0326952037256905,-3.7883466930945118,-1.896164816288888,-1.5554956151598769,-2.074528397894237,-1.3425800376639478,-5.5509667970074466,-5.510573621697817,-9.924256410993689,-1.0324758696602774,-4.418449297212575,-1.717641012936855,-13.29798050818994,-18.40549795343195,-59.42305635365554,-18.18689695124857,-167.74067879534,-8.473523792079446
0.21167214352900054,0.34477690051628246,0.5647324187675018,-1.0991433230601095,0.3818574785810472,-2.1897270960879416,0.3175154865747417,-2.915296448757272,0.4117475568172333,-0.10068696992054749,0.7276263829900698,-0.304371174042651,2.2077803399276066,-4.233612220205066,-3.4133162341741095,4.352712765245374,-1.0861951871086013,0.1144607254307029,-5.051477776943156,-4.481212513282952,-1.9715588525837988,3.969312061197761,2.019952213890665,-3.420580556037146,-1.3741842130174653,-16.81371706099394,-55.3451064889102,-1.9846944437801395,-113.14679890246911,7.416084897408668
-2.0087746764354044,-0.5589422524743044,-2.525257381314516,-3.149261474267162,-4.845634848107252,-4.9389058275818645,-9.121922340736415,-12.699996520960473,-12.997452044688268,-13.129110803638586,-52.44469628214218,-6.335870660670063,-85.79333341417617,-55.91969873789513,-92.33533648837773,-104.49775351519837,-28.790922786123335,-147.5343340521762,-502.46104552194976,-480.03220542584216,-280.1755930779832,-134.64492022589505,-145.66759880666578,-136.98367842959192,-729.9649115187303,-1433.9086844854405,-3891.1571533879787,-747.3414270190881,-10256.25098179422,-1063.1528051490366
0.6929890746560536,0.9993840072147755,-0.34070174449655277,3.2699126490256765,-0.06936141015895292,4.654818880494286,-0.7319499528334019,7.765758769221953,-0.9875526902384846,8.857282798508887,8.994666506884315,-0.06657669595358484,10.632202824441045,27.68620662933036,21.967219946389257,26.21777303397982,11.578179120284942,40.638886306486,125.07006348571963,154.53823973292432,82.2477634102789,15.778295830093704,36.01907790556963,27.371509447159717,125.52540966124477,390.85527620166766,1093.130216429037,170.7370575168107,2759.578716348889,211.33102823471458
-0.8679502254733131,1.28279955863975,1.0361124276837443,-1.0802899873975442,-1.8972627879858062,-6.009994493319324,-1.9771270096302511,-9.083119725702804,-4.4288547185871305,-6.037445006552074,-20.3598545685773,-4.279190115256043,-31.55593530084169,-29.476402325573897,-37.80143128983975,-34.54208885384456,-12.318284495632499,-57.61897894176166,-196.92145937708932,-194.24878605736708,-114.39469259033686,-49.47726056402347,-58.14362780671907,-61.819775015382234,-290.4367711247035,-583.0653176809813,-1594.0229967291812,-302.8213646633971,-4176.561590856999,-425.58544479452513
1.590167676251685,1.18100094742113,-0.17224410009585212,0.8220055797907426,4.5708830291617435,-1.736941982636914,9.195216351234343,2.7329752653437076,9.592687481596357,2.1508308771821496,35.752754652190475,3.429158306283503,58.920185881663805,14.937329067527948,60.91255897053893,57.617441671290635,12.140402766057468,84.70614685673905,304.8847502101479,234.48808366418635,155.31356160551945,91.946542743203,82.7530964119506,86.23393296506877,485.29209435127984,807.9600618736723,2146.7887137310804,446.03362563038627,5760.416232192485,655.9236566274877
-0.890917178093906,1.819252362714287,-0.7832083450647751,-1.8535553213087728,-0.2301303546227127,-3.1544967081879047,-2.3864983872032637,-9.86273413758742,-2.5762956155776884,-9.492878098546134,-14.85823034100284,-5.268943226700979,-22.06024909241532,-31.869781259993314,-31.886627791241583,-35.22576852272479,-13.678128947568172,-59.3926493324364,-186.09233863915128,-199.75451410053375,-105.95416493982005,-31.155120499187404,-56.86406966152312,-52.04450887956174,-227.3777985428909,-550.047361404879,-1524.7406854501792,-267.4027343575795,-3922.052075114318,-350.6448505250841
-0.9639709787454926,-0.6842230387384367,-1.6775122748274214,-1.5271163288107328,-1.3157758809690585,-2.849085647715336,-0.853409738974787,-4.370836400091551,-4.869924433273488,-3.913819598638143,-15.756443515627195,-1.6181228944263368,-28.289948920641567,-19.708038917507444,-31.511185839958504,-33.82676600308816,-12.872227555041606,-46.444414672033474,-165.24363976540454,-159.1756234060589,-97.91651055483077,-43.738095978663154,-47.638581152075005,-41.83958779309511,-237.68537367554035,-475.03534337553793,-1296.2870075511107,-246.5096869095347,-3410.4416262349337,-345.21538008899114
-2.61593599987112,0.7135210402631104,-4.88771985797767,-4.649225466354813,-7.574117264201417,-8.352713096244505,-12.248952476123739,-19.898625414369302,-19.70013077614962,-16.016614778336926,-76.32981088281454,-7.649059696475691,-130.03345147692676,-80.64809952594128,-139.40199295668145,-141.92864110357198,-39.883565617389856,-202.7270307528571,-719.9416409289197,-663.5237093274675,-405.63797267595805,-202.9326467455424,-199.2409488151499,-201.82073648194014,-1089.2314407281342,-2050.2262039608527,-5552.059790249381,-1094.0412921387328,-14710.2517108312,-1541.9014205890874
-0.057487290033797614,-0.08220947599417408,-2.681877337058109,1.0030358642121555,-1.0958320647375817,-2.394679138475593,-3.991350412084458,-5.781322641112634,-1.9600617086282166,-2.3308052780347284,-11.243631659451303,2.301080603438331,-23.606051117620265,-22.860644132660624,-25.51324595726664,-20.6931099507143,-10.057926902884795,-32.67615088584306,-125.25940064026734,-116.67906143482382,-83.94653597129492,-34.808057557935534,-24.587194469434152,-32.28635893696875,-177.33258897627087,-372.0899048071201,-1006.9381132529583,-193.24737333712753,-2668.474132294511,-248.0503338453278
0.13889692311623528,1.1520039065135064,-0.9245820247228093,1.2279088535410903,-2.427872577201471,2.0477532021446927,-4.651677726724223,0.9052091490661919,-3.4321337297371803,3.7297843244858893,-8.278424513031773,-1.9824114214983077,-15.070940136529712,1.971943842925705,-11.82026597545899,-8.23307128290433,2.187500267247782,-12.473715222329929,-52.63717771687733,-23.10055162321609,-13.459914655913833,-24.697917924208593,-13.371534637068608,-20.580485343023483,-117.21977467969239,-118.04496940006283,-298.2960735010016,-89.96761642187613,-876.1005016383278,-137.4308339475179
-2.029377683428313,0.6106116213748116,-0.4888045517033719,-3.186672675697892,-4.087019509199886,-5.177326906793486,-8.442825141163317,-13.054778037109571,-13.544147605291458,-11.298999818885266,-52.13842372980036,-5.052516180789889,-85.52140134854807,-50.02788220171527,-94.63488435371151,-96.67233829781073,-23.155323929112356,-137.17849539777876,-484.54391196435853,-440.43601337008266,-261.45958177989735,-131.6335696626893,-136.5787611429339,-135.54232639108824,-725.827133651885,-1357.7770767972452,-3666.920168093628,-722.8100064792454,-9709.360753601019,-1026.6479131856609
0.8008554130384267,0.8049615733056474,0.14380553345769043,1.0656649237424158,0.9525354308901759,1.8012352242459468,1.6100513147998248,5.472265417482399,3.6125147216702596,4.082944688826023,13.087828127919417,1.1834708031828747,19.229812284933836,16.13546511969958,26.473809635753298,27.515195701534342,7.596842644641651,39.9987744036054,137.93202621257538,135.0568411657826,76.20200513782672,29.23074443182919,39.33659883806923,40.576121721668926,189.5222884239477,399.9438085962904,1086.9827734331923,200.84853447849633,2828.9589481042017,275.1774277139262
-0.09807857182213546,0.37443701012426406,2.2242700665169153,-0.8382716560934179,1.7812152416548312,-0.888200463706941,2.4382136389579374,-1.320676316398036,-0.17346107477846773,-1.6485107951779756,0.6425848330408697,-3.316547752416902,4.877652852502819,3.836755581439357,5.9773967760252695,-0.19203258064280437,3.849900110021974,-4.25908112423871,4.758129036436594,-3.5829243497077745,14.890822629261185,10.56035314577088,-13.29902560024775,-3.5261668207780095,22.916941359985554,15.086409564180064,39.945641640278446,21.249012350427222,157.66218464464154,4.270767039687723
0.05001047403265172,-1.0360388688108326,0.2228607435812523,-1.4675865265099914,-0.09488899618933522,-3.4117107594835687,-0.014643779665083567,-4.843024807962802,-3.7142305679566006,-5.972464760039924,-20.31279675541412,1.1520476032001281,-31.608314916193496,-17.963455249299884,-32.4802198995045,-40.220416612189254,-9.780182326280368,-47.801313023727104,-172.56300232905892,-165.86086244191736,-102.87793436296927,-45.22531349903984,-51.93935854952444,-48.33378975699177,-246.28830472498512,-504.09557404663803,-1362.8101287508907,-249.06545919509398,-3570.175109200221,-369.80432161389
-0.12610135654544982,0.09436984363225925,-0.24811099509374618,-0.5565231516729474,-1.6021460238142473,-0.019972698701477887,-0.6373351388279516,-5.12962722122021,-2.3682626566279468,-1.374000408910243,-5.604337554683987,-3.714671115119179,-14.308477236771001,-6.267807858604683,-20.54941524970629,-12.548277686804852,-1.6752101606019805,-26.453138993284895,-94.68266700432538,-73.1750245880323,-37.31500469787851,-25.748665925523973,-20.145878044724455,-23.524085363575306,-136.65004901621566,-234.56978019183026,-622.4009409706192,-130.83867355339441,-1664.0252780110256,-184.8425071627626
-0.22123771638356723,3.4847794144569963,-0.02290268930912359,-0.5657456931623472,-0.16527167113241664,-0.8262416948193583,-0.3150425039964749,0.44356055221584434,-0.5034946961437747,-0.7676774009453455,-5.2071034970758525,1.7528872951259906,-7.735325995623521,-3.277190603477874,-1.6939933752291165,-2.835890903727362,1.1605136812666939,5.167054169419673,-0.3119593632568615,2.5480909787329833,-15.469684455659664,-11.28125871915879,-6.225739695349252,-9.771346719387699,-42.948447084943886,-25.161230619391866,-75.73948706918046,-34.49372513686298,-254.528934093674,-39.75025240820436
0.12701627657792947,2.0776522074474864,0.14733663898522983,0.6486135997892281,1.3069459636776741,0.3065333716061903,0.7432615813374288,-0.6035710757934007,2.163412650240179,-1.3235315674242338,5.836167157324087,2.352274280961861,8.799323708378797,-1.7010342461863166,12.159295644026534,9.146991575189212,-0.01958565607391738,15.227059020458514,54.497405989685504,37.77843937758159,15.418439926490178,17.525785144353225,14.032352416573662,15.858510598289648,93.5578844658065,135.667967862052,350.88304600238945,74.15327586709921,943.1956523894892,121.124565953579
-1.1696342077259327,-2.4493757557211735,-0.3150837959542935,-1.6022910329875404,-2.417625649514946,-3.6390214343515064,-4.424232226804912,-9.74266055993624,-7.010486463890789,-7.343099072506301,-28.74186915577848,-2.656905469652726,-46.92676628493607,-28.95773643264738,-57.9018684170667,-56.47036978506254,-14.684721194733706,-86.75970572172133,-299.5358173932626,-269.5397948364522,-153.80277119151685,-72.98978950719295,-80.51206269045494,-78.72420420466318,-415.8434245000211,-827.365443971107,-2224.0151303856023,-420.0407300561292,-5844.68168426457,-599.1618119019823
-1.0109963767225731,-1.109785583716841,-1.473316909090819,-3.678230393716631,-4.064824084025578,-6.3414769091949665,-8.285021241313796,-14.810018986154667,-11.999109099789276,-12.109635020099882,-49.961019582472474,-3.2572833066629086,-83.00194971116832,-54.74616738782141,-92.40541143688236,-97.12626843982514,-29.561778377104634,-143.0534483624191,-492.8457438015883,-459.8212974127739,-271.20729864475686,-125.86062118158809,-132.95121562226703,-130.3475095205901,-697.3252026899811,-1388.892527682193,-3761.957653492394,-715.8570179810887,-9899.485430876171,-1009.9575840168843
1.285802147736195,-1.333863036280041,0.7996563699334316,1.9443969970662414,1.760466273418606,4.587069242449374,4.66575409446475,9.384589589789268,6.725298279463968,7.358034466617294,29.882147898239115,2.9203664744925515,47.09250551608844,33.534304011790674,49.684477395563576,52.61060860837861,15.046851083692822,76.20462841774514,267.23378695968097,254.20772467848252,153.9131498930156,73.6577220562365,78.77648026834723,79.86868232108468,404.366082285979,776.3481766175836,2111.2651102993996,413.27202272433595,5579.9615748366405,581.5289861094095
2.22776452870474,0.6014066735004416,3.5404692699538547,2.764292935001045,5.49711228595371,4.803278193548285,10.543674451393946,12.450979547026646,16.572495391100986,10.449917717496119,60.396685324092964,5.391321929922433,103.6562226626272,55.305008067628954,108.63190301699099,110.77093776904738,29.427457072720173,154.861602549936,556.5567351851669,496.7018592196065,305.5455130064539,159.47453504379646,153.12312091602038,150.61951060064834,846.650284167992,1554.781113317345,4190.122646415356,838.0031880366661,11149.323800873637,1189.3391037426534
-0.29220075626403297,1.009422600135901,1.9733076601928472,-1.6548427032556066,0.4517448066402586,-3.646606241546085,-0.07478006390471348,-5.471960733173965,-3.9795880618669903,-7.1265798640705516,-16.10367154444673,0.1948477584647438,-20.79961033368991,-17.545852956040903,-22.15222393514912,-29.87015566782611,-8.083938396389756,-38.20553970319179,-129.95532713623672,-135.96637676789058,-77.68131359695222,-28.500323238990195,-42.61470360839306,-41.06074809365376,-180.39704399868663,-389.7402164257875,-1068.4299911846244,-194.11072846269454,-2776.4803676717765,-279.993954190126
-0.6134318871813443,-0.8509180291815084,0.9901351878563883,0.023283958126957938,0.05376223546184056,1.3663615533461129,-0.8572945392486502,1.5036127154700996,-0.5824066138248629,0.24904682595988625,-3.334929239782552,-3.18387016275981,-3.3313146891981313,5.395655085125326,-2.1765906909137227,-3.671435108873346,1.8610173072808327,-9.782402219379396,-23.716225968994962,-13.050424028857158,-0.08079471189052742,-5.452337588154993,-9.288357468531665,-7.5208478837877335,-37.6474329959382,-46.657179132137585,-113.58485030940217,-24.65324879709135,-303.12176179756597,-54.067262167361385
0.3396760845345118,0.01177443327958372,0.12751223349871088,-1.90320070127456,0.8758531328956846,-3.020976584820026,2.473396816219716,-5.952169471260605,1.8213592740797022,-4.4725688870216125,1.1893925200709896,-1.344807695531709,3.4457656807236607,-16.96449130087277,-6.411292297278138,-3.507286559016889,-4.808048404984259,-11.102942581941274,-31.15593809873707,-56.92985247755256,-23.95534903494559,7.26567619802731,-8.162730814211974,-7.99477412253118,-7.589434452512511,-117.83926299063532,-349.53134059940953,-39.12533631140953,-823.5722430984271,-23.08122351828845
-0.20154310210283807,1.1438378899178583,0.6427542969330448,-0.5179208270376298,0.6370206811949148,-1.044199003887914,0.6053908329422112,-1.7169613051002628,0.9532733929424719,-3.3785476277133397,-0.17614844618064346,-0.03275288063352112,-0.9640533358080068,-5.494624414529354,-0.5611784007514163,-4.053206673711334,-2.7206832327608015,-3.497565023520914,-9.137116188181592,-22.880853231667018,-15.065245666499834,0.7042231990239525,-6.045580384585003,-0.11648976132123279,-0.6480841070869895,-41.37538920634406,-128.34829036272387,-13.1004145202206,-308.8665624801396,-11.85566465684843
-2.9803962474564636,0.626616438087231,-2.7086632510973607,-6.14127011011866,-7.189773597051195,-11.106262709831942,-13.208804095644114,-23.527928289240904,-22.36206885646454,-18.725783190846972,-89.0844168334279,-7.368467986478484,-147.62496517282239,-90.90532714947277,-160.39777192985383,-161.47807030072596,-41.67211679186282,-228.69476027504783,-821.8718977560541,-752.6957774112694,-456.8899357862243,-227.5088526197162,-238.60396788420334,-231.0262983353502,-1239.3085561262808,-2332.610241728484,-6304.926688453804,-1242.4436083804649,-16704.62355353775,-1754.6278266256934
-1.1637743810422008,0.0882569643938496,-1.0436691858940483,-0.5510729516978632,-1.6275256272860115,-1.889628802397969,-4.050386704062462,-4.6999171448425425,-5.547048898525654,-4.834662166081471,-23.31601152771267,-0.8331614971691585,-39.13211846800773,-25.028592513929695,-41.08970751028921,-42.759320165912364,-13.939703527065657,-57.14009776060296,-206.3380306346768,-192.0341965743576,-126.20857017028416,-59.03405437256678,-56.762707621079535,-56.745701009868995,-316.94018717432584,-597.4020872307785,-1624.5438411680213,-319.8941488250972,-4306.506193659892,-442.8260720138764
0.5655360792931001,0.19929932401008688,-0.38838573255733844,1.0797259350137554,-0.2522944550013244,2.2408386229165234,-0.9313670988879243,3.5276901237166203,1.5328437988544565,4.2985637447270975,7.510139856962958,-0.9547390110764504,10.935038446359563,13.647861442673088,13.603130692931883,17.31126904612738,6.658801284746393,21.76645621895901,74.44811997086065,82.1983093447155,52.281499464395694,16.30786739518374,22.58931001524428,18.095759390311965,92.94041958347842,229.76758929889533,637.4885987149182,110.4681703349573,1646.5530965436421,147.56135695822599
0.38250260175759043,0.01686246950846064,0.5426175412784437,-0.12219360579633898,0.9600501014006196,-0.5524984571502237,1.7943401869373223,0.6576276376965445,0.08550864715952322,-0.13694413868548608,3.817163342639193,2.0142235845710816,6.917852478797645,3.9528916249819486,9.347584796302264,4.917112865967935,0.7513273831934821,12.317068267386665,41.74352680493444,34.179229274200075,19.008482909585624,11.463672578841853,10.145055390010095,12.029552803362046,66.23328227544486,109.88177239730913,296.2546348220658,63.16443198888876,793.5892516767253,87.05332697065363
-2.915222259571821,-0.5190310251211465,-3.590137540219861,-4.9364997480506485,-6.484524343737129,-4.164463991873242,-10.42772030624374,-12.724285251992589,-17.009045024828783,-12.571120989488959,-66.29021321715189,-7.902637322289481,-111.35062167329922,-58.34910247310894,-117.13450031930331,-121.32427888313919,-28.749419855322152,-169.70898175337953,-606.1950053636803,-544.9137902001795,-329.32995908803946,-174.15585908188015,-173.11271309161478,-166.38013872960502,-925.2074295442017,-1694.013540962264,-4571.914905638338,-913.4819817837317,-12148.625375762887,-1304.8015113584981
-0.8120561211111615,0.13931262690821017,-1.1355927513660513,-0.7547466843895007,-3.182686124070008,-1.402360910608272,-4.194414498741777,-6.119866583544495,-5.390080891519561,-5.321156839050935,-22.702327924456874,-2.886480807356113,-37.9085528126174,-22.839145343563573,-41.820912573780035,-41.75210139825015,-12.83907644831809,-57.61738717727702,-209.1761127790069,-193.96014958468118,-122.28937230286408,-62.43891487793816,-60.732387286113585,-60.958353325933075,-327.6919907417906,-602.2077569959142,-1636.8836265894115,-324.15690519161075,-4338.358342125255,-458.67950359557847
-0.7718666455570504,0.4744464505368672,0.5491465096092124,1.1714211518138202,-2.380076903279556,2.08516474865454,-5.508204783380516,-0.4775927321739326,-3.548184451393455,-0.8013673042276408,-9.805091046807965,-2.6515427556760667,-16.862207305357835,-2.969782182591266,-16.403759562324716,-13.817788490168176,-3.284833409817574,-27.338732589588684,-90.93187679794339,-64.8153751700107,-39.074424062384146,-28.66445230439643,-22.54219877126171,-24.96396172088719,-143.5731015225898,-223.9329747001256,-592.3413760330144,-127.45159467448096,-1600.8459693830514,-196.40184553424743
0.4212675422679067,1.3729668945475066,-0.5055172077187857,-0.10489751984654949,1.779820477400964,-0.04806278357262653,3.1256302579555664,2.7643365051836444,1.5963648879108712,0.46930692961826437,9.344540778722653,1.2155857303050397,14.005754720572698,6.448145850896712,18.069421259839363,17.006483856685662,5.64160732762914,29.70639806132067,101.80497599415293,81.8284355783223,43.29330393118528,26.70312735420783,23.44474979884442,24.993708032328335,134.62095530950228,259.4939972319915,688.7996220860168,130.2684656716418,1818.681845272387,193.94198036976937
-3.233454694303305,0.318254974314909,-4.83574888865026,-4.000771737624271,-9.214935358517076,-5.42645860806157,-19.11727708743395,-15.81287951974818,-23.462639236646016,-14.624345211135813,-91.94197520598425,-10.01603734988199,-154.70962138465165,-77.40904538812795,-155.71880229998916,-163.29263293737176,-41.867032265623116,-230.81726680805113,-818.3706692452654,-728.5515392667011,-450.2089928265236,-239.79966042613933,-231.25419685185855,-230.88479465386445,-1269.1817282805212,-2296.1206499986124,-6192.407103393752,-1245.2483083785025,-16481.351730339386,-1780.186031675218
-1.5691736863858536,0.7386531990255807,-3.3809709139486808,-0.6302122751495367,-4.586350772830787,-0.21681237709788836,-8.893432969495006,-5.322800707739933,-9.69004113715547,-4.034919283105474,-35.49933302788409,-4.328113832062228,-62.293616840926155,-28.487470202037812,-60.561602302044086,-61.357952665958344,-14.265007141465617,-85.31323877706511,-311.3021452823782,-267.9004577116302,-170.89203362077458,-98.752071751122,-87.5762005805401,-91.36259400044136,-505.6960904986361,-868.2332264342962,-2337.00959723543,-486.4096921868285,-6268.215673476288,-697.9620196514252
0.9158712467362966,-1.1389866649182907,2.9508938023535185,3.341232356637807,0.6770258161685541,5.9263162796700835,1.233688475666736,5.875981598893981,6.583053914734563,7.283902478118806,27.547475929717677,2.454231620537813,48.649448071549116,37.59926850773327,47.047516827755516,49.695626513790934,16.311005765465758,65.76759019118232,242.92093570634555,242.26648967363914,165.504644586717,71.6471834128081,71.46839089890523,68.17960060908429,379.3298966484706,739.9742589000878,2028.7066124580858,392.29689489101213,5358.113987543702,538.9685317521702
-1.0297693209118928,-0.08000151394579824,-0.9051918328293518,-1.4296351385352222,-1.8724425234377122,-2.004556417183775,-2.0220367362961804,-5.491657889274175,-7.287460406548139,-4.460306542852533,-20.86769676359988,-2.400292851015326,-35.7420705889965,-14.915237644662037,-38.32632901654193,-39.9531483456847,-8.472081182377195,-54.61545692130924,-197.00872215360343,-170.31580812354863,-101.74705119631672,-55.7408653744484,-54.489833309385126,-55.16697228980194,-301.8611833751644,-543.666610018696,-1457.5911841161383,-289.1681402258098,-3871.1624683647365,-423.68726938604306
0.36455190836063145,-3.981199483724086,0.12549797480998912,0.9185440322101956,0.23112797749622677,1.8468004323327192,2.4153885469988525,3.7563265336486253,-0.22866475863937596,3.976969716910067,8.576779527055432,0.5707346328158488,13.394524546186455,14.36341377399342,15.099257733815916,8.670227018829374,6.8873179217961376,14.222616356812143,63.02969230646451,56.468597609575454,53.17957758325521,18.66885517720231,19.76224044894658,23.926566069170892,110.90702656579799,200.10609662120015,561.7443983638163,113.33358776305866,1485.6534607067342,140.69893425860434
-0.7415697319109986,-0.7065207513513981,0.3103244745549578,-1.4721260911851082,-3.1834475362146297,-2.67179765852616,-6.452145612076409,-7.554691484761705,-8.253404926664986,-5.409477575621432,-32.26737303938197,-1.361370925501423,-48.67714427801824,-25.22397803458842,-53.2340215406636,-55.52714873202637,-14.597372133161725,-80.77451728046589,-283.5054534880861,-249.5238912336392,-148.03260524185643,-76.34509066089208,-77.23080798278978,-83.22166453210865,-423.23939209663496,-789.4578268745656,-2122.735922412381,-413.8578120161575,-5612.732129886913,-600.3148668155405
-1.6150396452906157,0.6031665050513406,-0.32783658627134704,-2.034742879583978,-2.6406728265581596,-4.627111123079579,-5.148828510780328,-11.903961888005892,-9.482238917426864,-8.511328077899767,-39.85244782997095,-2.8901521829140537,-63.0123172301694,-38.684935739699995,-68.20000897564408,-71.2639342250702,-18.696544481146685,-99.59998920038949,-353.2043281930824,-324.57078378509516,-196.00275727365818,-96.08259073019582,-97.94525281693726,-107.66153231280585,-537.3154489126593,-1012.661894939792,-2740.2940037727967,-538.312029748335,-7251.086153703438,-763.0447279506865
-0.7208383010875571,4.1116882603261935,-1.0522882652522394,-1.157204416470694,-2.682039086176697,-2.163006811180735,-3.6400705597649883,-3.190620875660663,-5.54579039316885,-3.308885135241038,-19.377465845105462,-2.2985937494691586,-33.09766343654735,-18.833822418596426,-29.311649700031083,-28.814874373358254,-8.70714358633509,-35.578549051775965,-141.43722486274996,-127.11233812127713,-92.30210192852716,-52.81045166404544,-47.57200431144676,-49.634108775594356,-265.86679203206114,-421.3493878722387,-1155.3359546489037,-252.4411828437644,-3120.287538397597,-359.0854046800448
0.5879476325370866,-1.6176908787948747,1.0145532686359853,1.434897181738192,1.4491805441072487,1.8792211279554185,3.766897761563257,4.68784751122566,6.93982835940527,4.189652975012985,23.95371860766645,0.8268122083030642,39.85923742552482,20.491629765921033,37.847787139497704,38.5953509227649,8.408541403172318,52.674480884640815,196.95270512030746,169.73060443500185,111.61410549096652,62.67603583785218,55.637975105462594,58.735777398269754,318.9481891532346,556.1989998807005,1496.2243371808518,309.6292980822364,4011.3280877523835,442.1089101831001
1.2426891568939844,-0.21941472239265566,1.8905953541605138,1.9519699731937359,1.594704001961973,5.292381598091256,-1.818834760301804,8.877841540474105,2.907436320796291,6.888290920514651,11.487025169322093,3.88287572880671,23.678264906565214,27.57666043423122,33.13036805481788,30.058050019466418,10.138357731447522,47.233748488339046,161.61299414362904,174.32075641992876,102.52062416195386,37.43861684743835,44.05006012483076,40.71348957456232,219.54897280985352,489.7092121152493,1350.688009757258,247.73051800914106,3515.6987325700293,325.6990872424987
1.080103819415619,0.9166456383418028,1.3341075643439768,2.45254385491416,1.5235977416573019,4.026288978377749,2.515022025586247,8.432229064516067,7.159856109675667,8.624750063897698,28.502662433431283,2.334126995634507,47.37359898844947,33.662616040432574,52.43978974501456,60.69093004289111,16.827173481327627,82.29130804847023,282.1302082167517,279.9765710211398,160.64732325893422,71.5517137958016,82.66970858935929,74.09939702066397,400.6308078494504,814.1122163505727,2215.5565560939217,418.91517061502935,5817.524080634481,587.0432278351748
-0.2302096333283062,-0.8963134402792464,-1.3988706847709826,0.656596360678243,-1.917554815811911,3.533733980163639,-3.8969192719991526,3.9774354823339113,-10.616597819643891,2.120098735635035,-17.473336701865193,-2.0745971906858056,-36.926667181377795,6.751489810626543,-24.12678308864112,-34.62162353683871,-1.2110463985587483,-34.431815550961765,-131.5433530737547,-88.77681855431989,-57.971441968563404,-58.318126496186046,-41.03602396758709,-33.258525926002456,-247.1691485495919,-321.89635308939705,-830.1600153719356,-203.34989938270544,-2333.9965827270726,-342.91308090730564
0.40972959784464974,0.11672473178767036,1.7590917479304853,-0.5335171515208197,0.24021317867627312,-0.8943208677838301,-0.3109070851892062,-1.311378995555842,-1.2964631844844063,-5.82332646684788,-0.1572731264635001,0.03352615145560611,1.740123723644091,-9.500628645052137,-1.0721707759959327,-10.358674209527702,-8.23227342584586,-13.140123826129523,-23.819256527589978,-56.188062499030124,-24.584101316624896,7.923483560600285,-10.636728880071418,-3.5575289953048514,4.754506603514399,-94.69309206614773,-292.7813011905045,-23.821982946623297,-670.1230513277393,-28.679112550601126
-0.8916747299460079,0.6276265020081901,-0.7144567022678496,-0.41521485979422823,-0.2607008320161197,-0.44395681317587377,-1.4251088639943248,-1.188804387473688,-5.052260297903062,-0.7800734054687668,-11.840187156138073,-0.35783735799286953,-23.181539797577376,-7.141739925984544,-18.702376424927973,-23.25912054488253,-5.252426220325989,-24.846634993228783,-97.88329906396747,-80.75935999563752,-59.203948010629894,-33.198761652566745,-29.198390425274653,-26.942190374405545,-163.0477517921962,-273.33489368918885,-732.7092780401604,-154.8627186337253,-1984.0894330550263,-231.2451147741107
-0.5339314176276033,0.26392765660482054,-1.0475921972606197,-0.8209990993818453,-6.056447696488361,-1.3916775640890744,-14.35345797369783,-9.852297789693852,-13.872763157390915,-7.068480691408194,-47.72462781567113,-6.151816913491329,-78.92476182711884,-37.1496100228424,-83.66079243244256,-84.03551665182408,-21.8381185774839,-128.642747290481,-444.5226931631569,-383.99623702386424,-221.54091092788912,-123.99917255177792,-120.37170707628736,-130.06224628805012,-676.4133190371057,-1217.375780784653,-3269.352863427701,-653.4610477708112,-8687.95246114614,-951.4150557292041
1.5734514480709596,-0.9780345771431574,1.2424153379309728,3.836064847003409,3.4560472323485714,5.570231781997775,7.054760784132655,12.824897030327556,13.431254368412157,13.012027192346876,49.52739722503282,7.922038563699391,81.48922794498098,52.01461837401766,86.12382947030434,93.86909935329096,25.587917008203167,135.5705770949461,465.5363153273149,439.4413276367465,260.54881576080675,124.0475056303987,140.2672444153939,132.5708609254919,692.5569264515625,1332.637225592689,3618.6773809452966,702.9198297167308,9545.385158887178,993.5995153168323
-3.6495107895416954,-0.3414076032117161,-5.845775185618496,-6.333801665588578,-11.65887653544086,-11.714678315478423,-23.303426979332755,-30.969850475375367,-32.46337419672759,-22.82055979182736,-124.62292123559195,-11.923599493322623,-208.93697630448003,-121.07248610566836,-223.19799358641535,-227.77809880759403,-61.5416674981089,-330.53613919489607,-1166.6938065515615,-1054.2030895351752,-634.4178553743899,-323.7766990238885,-320.53216889652145,-326.6375029837987,-1750.4144486905834,-3279.8389987543314,-8853.116219138663,-1744.792328547473,-23464.505111686132,-2482.5710229113392
-1.7659919513811286,0.8383661943340422,-2.939870164121631,-3.270360456026782,-5.530807566403826,-7.519295592460471,-13.005873758553456,-15.253791687688661,-15.822591146313524,-13.927092298171846,-65.75735844182026,-4.166954367799113,-110.58327198106345,-69.22582162535605,-114.79961613353929,-118.34302335650987,-33.6355609709813,-166.7454538831195,-597.1428579374948,-550.1497222520491,-344.43918145875,-170.12196728873346,-167.72969742981886,-168.84956179758487,-906.0030790497875,-1709.5626632607386,-4629.7440008385565,-910.4027597317221,-12270.140817667352,-1286.8357439569334
-0.8776170185574943,0.11479715463623114,-0.0259726591763364,0.2850913594176998,0.45286231493842966,0.7966811156846698,0.10786116144050828,1.9121612829945602,-0.2729361351851781,-0.19331031236762386,-0.89527494025797,-1.1508896293793482,0.6771808825690795,1.2983085695376637,1.1859376010116607,-1.6513564187238323,-1.2865691787200233,-0.13374691873953615,3.4836535521246117,1.1005912178466326,1.0538785073223198,0.8810559323377662,-3.6135506363665058,-0.7840951381138073,-2.7838323779288756,7.652000415083334,15.186803418880553,-0.047279284252172094,36.26779868766263,0.6788971534622477
-2.9362488627155976,-4.560270715444037,-13.289140562268752,-5.665487714907266,-15.65742242640095,-10.33555925174374,-29.504404857183356,-31.62198744646123,-33.45179417971509,-23.597671881924196,-137.04854430250938,-11.668158892389657,-239.16704593896864,-138.85636546801248,-257.4156750039258,-259.46207741634885,-72.68020077520401,-376.71852488250653,-1331.629829448557,-1202.3482744384705,-729.2988101102547,-374.4833325793021,-352.869468079011,-353.1498709473937,-1978.8130886378483,-3729.0365074961073,-10055.114062091328,-1984.759464968566,-26677.588313990203,-2793.922732540334
-1.0137082375368427,0.7381058862676785,-1.0873575276143674,-0.5521437835242686,0.22590661522098587,-0.18446636951670714,1.653001399474297,2.007037804662017,-1.8315693043886492,0.5995388790368282,0.7572914303257052,0.2274306530316701,-1.4171365805300238,1.310951948353877,3.340787389081529,0.00884064814513491,2.0525288561290784,6.6086080472370075,17.650825992878858,14.870024569648258,-0.16208361743346633,0.015170418238245498,5.3753162298518165,7.490846771049709,13.402460184212742,41.0901148039533,109.24786345421414,13.362540382895636,261.7544783522332,21.158169774586565
0.18162154818442133,-2.6504035165123874,0.2081731216393049,0.27537184981948754,-0.43768412040155646,-0.3219427970035777,-0.8850964900921781,-1.8321466124040802,-1.185599333106241,-1.2073972050323087,-3.6319150302995045,-0.1742076044992626,-5.9013976088251905,-4.1817726947525315,-9.555814965024437,-13.254029282912885,-5.351328525519548,-18.892850192750597,-58.47740923195267,-60.64296116982964,-26.668499053768365,-10.46481152995681,-13.95773251848547,-13.168156106930194,-64.05781442162056,-163.66049643654446,-441.6569670939497,-69.54124405637889,-1125.9741027529703,-104.53371912257738
-0.17096733915610887,0.6762262807930988,-2.366542367507182,-0.2611975398696645,-1.350046681866068,-1.5826203450927079,-2.80757826473587,-5.794807417190592,-5.731032468587411,-2.7790948027742113,-15.459080934609368,-0.8198775985841827,-29.617125588643606,-17.737660608374984,-30.703756236251092,-31.327726656001506,-7.832942118087516,-44.59244155053805,-157.57343461098458,-145.06559524483447,-87.82649935021428,-47.08584431942805,-39.491640534237234,-44.674354742683335,-243.37287802088727,-449.90871875411153,-1213.1744530342332,-243.47780552090612,-3229.2562689189153,-343.62885009949025
1.5387158402618824,-0.9039642156678273,4.295064297426279,2.1251682727497436,5.760916330693296,3.6273750436480454,14.313319077184772,13.561566224514886,15.406117760867101,9.944401405275942,57.091196877598506,2.566690819962238,98.93322781635227,57.69020878858299,105.9122854614392,103.78239613549651,30.616341936126478,149.6830679612104,535.8209345004683,476.24635154919224,298.84547408623695,154.41027549370872,141.1103390635982,150.64786917443277,819.4816367868677,1508.5509352990766,4068.725958866674,814.5236772366889,10825.261470198287,1140.8803746698661
1.0075487224595332,2.4786895389998405,0.10577751238100985,1.865740267718051,3.1950840103094778,5.285165831415645,5.296197003156698,11.132696255528543,7.372296012412744,7.711298028210379,29.36104447095013,-2.452423754916583,45.65296334968394,36.77615675570091,58.41472156489151,59.37109388657754,19.669509549987986,89.82925295484964,308.2428644366049,292.2550656717886,165.02891753032088,71.35582821682725,73.84802396502441,76.46903742032796,405.51170603621784,869.5323672912496,2344.5251174821037,428.5256782873624,6133.705554539193,596.0166012603339
-0.380331563383019,-0.30668617511196705,-0.8363951070133269,-1.0748036961070118,-1.1208407940302008,-1.39327312255567,-3.0206624076797217,-2.7622637692193965,-2.58503775193296,-5.769130432789526,-14.056337347461143,-1.7695498248936026,-24.303674026123037,-18.863570097195236,-23.199278434507523,-30.281455660892707,-9.734117158977766,-42.23588087661634,-138.30471418234202,-145.0369019389683,-90.61224744343777,-36.936700588263015,-40.938143914378706,-35.25789547693968,-195.41318221082045,-413.26225190165115,-1136.4020118416786,-212.53544685171886,-2975.845261665532,-294.6796739782392
-0.6561464935679798,-0.42485707374286585,-1.0834186662018963,-3.6563449507934056,-1.7964317910061984,-6.774700801275319,-4.02968718853779,-12.808983173467817,-7.670517920297465,-10.569295645943166,-35.79028312885575,-1.3039624408977204,-57.73844922295887,-44.94122694759568,-68.36843974236373,-70.39960593046503,-23.210885464365298,-100.3136577595739,-352.97299535397156,-341.2175577244213,-204.10456777872471,-86.30660632344765,-98.09882640001493,-93.2312084339341,-492.204995330008,-1016.5850601197075,-2764.617445471673,-512.1208319549296,-7234.535911464117,-716.3212376903258
-0.2752466256764835,-1.2114134149248352,-1.0203925763888666,-1.0753602718622643,-2.1364872517127917,-1.9053051161072843,-5.214998386576454,-5.7000056969933075,-5.480113966670479,-5.164877816121741,-22.646035637297214,-2.843558624346132,-38.74649356999087,-23.606454646723797,-46.8988936308201,-43.73262870023436,-14.39512723888773,-67.64911827359121,-235.34146932328883,-211.7386576816448,-124.84228523224603,-60.43618324151991,-62.933816935645275,-57.470546664953005,-337.24745025018575,-648.7575992177851,-1744.823771988892,-336.88250611768586,-4607.68272066282,-469.9540070531894
0.19917056958335988,-0.49231724708159136,-5.648977623290293,-4.023991432303824,-4.903106240201065,-9.042448699404822,-9.805329441573,-19.358839268784397,-12.715911999821929,-14.032151564300479,-55.79295738611697,-3.674837745789827,-91.67714020441485,-75.29556271729786,-106.01758333135491,-107.92804491729713,-38.43098287166564,-157.235988925675,-551.0893667346967,-535.2049273831507,-321.1934696143942,-140.67484833743993,-149.60460490198992,-153.2477564688637,-792.9663741209591,-1608.0146707996457,-4381.958727817399,-832.0602442409743,-11508.641629300366,-1139.0261589623194
-0.6233836803448642,1.399588431616694,0.057355971900623026,2.083174667255975,0.8090504348359449,7.237712265032681,3.296506096333956,10.420908805497163,2.327143332450765,7.870873200479499,19.06440661680415,-0.6018985677301137,25.761519624824963,35.123847226641885,38.559423739483904,39.39310644696466,18.030034883491037,62.267310320001236,207.1889536331996,219.54663359010064,121.79296377010313,38.849044131996116,53.544620346597476,55.15315646416564,253.94055127838254,620.1282800904312,1700.9074566520078,297.5112123918067,4386.282969146631,386.11119226116284
0.28541506498714225,4.915599050149111,2.968179287932855,3.1646249135389035,2.2153551045779034,6.115172369426067,4.5678269989173605,12.23691195643008,7.5017507276284,10.515328436051567,32.48955521773406,1.8301267326689523,56.05520090685978,46.70975599047663,71.47524567988513,75.68668109513231,26.216373143948676,111.51063784606572,375.9028430801997,369.5760318380317,210.7896515623268,86.49550467294715,98.19744129416975,89.04847541839177,490.1226871718662,1073.7534172025455,2913.6940515763904,527.8429824131473,7599.716811879801,729.1115312104776
-0.19988696397022634,-0.3056843982849383,-0.9800635247332399,-0.5741420732190781,-1.3396353126037932,-1.5967268843063556,-2.7973052168656003,-2.957295990005954,3.672787229668667,-0.8915287800982223,-3.084155620257728,-0.3783236670030756,-2.9106029298680784,-12.159094125233363,-10.434794286309815,-2.6581511052120415,-4.218950931306971,-12.06255001102744,-44.332573960313105,-42.877855157690476,-26.004430692042448,-5.968961111215278,-6.852444150038909,-9.695820079444056,-47.0217620639174,-127.83711677936513,-354.5424283734213,-60.84232376399534,-907.459257951951,-57.94363457068147
0.10992018595489916,-0.10845277854611947,0.49277541201064873,0.7964875414883168,1.2736751668691206,1.6255208956202805,4.506593679757566,3.8702936401191974,5.452742884866834,4.315514280172866,19.6383583585787,-0.250065148207797,31.861578014640433,19.15983894552204,33.02533525734626,35.55572847804509,8.67759806744994,48.81409854741747,174.91248289211507,158.66953036438238,97.53262423958347,49.76573068762832,49.907661651643856,49.86442406182602,264.3027544230312,494.7492333449283,1333.4479905465237,261.6139148711818,3534.198686812916,374.1337992906447
-0.13667569273552074,0.5872421906849644,0.5392557059267762,-0.6003982088145406,-0.21919500075830398,-2.602247876593159,-2.7597890845104818,-5.343364716165042,-0.9451934745308801,-3.8349262184129573,-10.114805289203124,-2.1251433890273765,-13.449515161915803,-20.216554147091927,-18.792520893585493,-16.85449091847598,-8.192691525997507,-33.39383463191205,-103.31210804162345,-111.52949161978935,-62.680346857440846,-23.057249525560653,-26.815843977781334,-32.32604670205446,-141.94672580250514,-313.3746630365577,-872.9654357915512,-159.90863872265248,-2261.9671646692154,-210.2364359809065
-0.5294453685011589,1.4801284989030692,0.7209690699799032,-0.47858805813259303,2.003210838244067,1.819855256982812,3.0270681604551926,4.704201939353699,3.049235875398671,0.978106681577374,10.68716238755938,2.4407777837099593,17.312383188196183,12.723529783726113,22.38051888030817,21.482006775432318,7.3354405936909926,39.29451488315315,126.45358081435639,114.22869548752405,58.41203824500274,28.05263405392286,29.6504815199248,34.84808477439822,165.7984336063166,344.8932473226968,928.2054561768256,170.8362723537857,2423.4268244944237,247.5258167613843
2.2721200405922595,0.20590384811867143,1.8598872068044638,4.795109997259865,5.732111585290682,7.601602324702125,11.281706412010097,16.90773415373542,15.683463979877981,15.62707878002139,65.3201615737285,5.171270856938238,106.78465202805853,69.13161353591873,117.47738549817335,122.75039483701536,36.9708034276696,176.97480943365144,617.1050141082967,573.2590824822272,347.31609171762636,163.34040372329144,172.69314809071517,170.602356396101,904.7467967383889,1755.1527137346952,4757.089402616566,916.8054806100122,12546.351482775288,1295.1350473756916
0.7491073231726907,-0.2445569448445953,0.16751877478349597,3.509481036818861,1.5678851352968761,6.683832192067397,3.309997051034858,10.748373717626272,6.491272076887325,9.861248300000481,31.559427449923593,2.9851327515886474,48.49803251870909,40.15013019415951,54.75968971390976,60.88107771974463,24.63632600531985,85.10901287789167,294.9375936046919,296.2048350637704,180.95070187713412,72.89882155880422,88.18965526770562,85.73887154861328,423.42266287450184,880.0540395204304,2415.5744474857756,444.3870718923288,6301.258558671692,624.7207217993429
-1.2721576040590235,-0.19207656450686533,-1.5653503388984709,-2.378948250659538,-1.796077644802563,-5.004248176918126,-6.027542252988961,-7.859203341728437,-13.368763468828455,-8.037615977679902,-46.02997202465266,-1.2546940620719982,-76.93233521000248,-38.96476002887046,-72.36595474057509,-86.43905623386576,-19.211671322820585,-108.460306499294,-391.2472174193234,-359.49568540191694,-223.76094720313776,-113.02563129346056,-114.91215063887853,-108.74178116110153,-597.0948886318936,-1114.6223938545854,-3003.9127878078116,-593.85299099626,-7982.592399140499,-859.386746166595
1.3353577471593787,0.4963250881958988,1.7456922973907436,3.099545769137147,1.1556498677531657,6.164198241511954,2.0304383395365244,10.3916929944167,5.896249194762003,10.959368017757177,26.377374025996147,3.1022078219834825,44.7904953968504,42.471577265729934,51.81781458040619,59.33154418097778,23.37818078986788,84.93908039243404,282.7796815245234,298.49335025386546,171.66177073499952,66.82453045498136,82.56698570335948,74.79553788813458,386.4380429530185,844.9185476724256,2324.378847258879,423.71869756053,6053.293209731423,583.5228386246533
-0.02545894974018836,-5.045766137644845,0.9811939674265823,-0.674534290753968,0.010058542798094483,-0.4105443415399269,0.3738094666366958,-1.2109775773676814,-2.0365887833375265,-2.403294152002481,-4.947683759085959,-1.1137666150311447,-5.199437513601169,-1.8101616448613964,-12.19037382761621,-19.04984112742595,-4.92883505640724,-28.622854597825768,-79.43357134653841,-81.2406845601411,-27.81252796512429,-6.292681362562479,-22.375971760269127,-13.078161604746162,-67.3325017734036,-209.76610279244247,-555.8014715507984,-77.08747779344586,-1384.1728429200293,-125.7387569328995
1.5563923097297987,0.27335673833263996,0.3764465049800767,6.583937413374713,2.755492409358755,12.306479677899114,5.859733729316843,21.16310101141321,13.421362530037419,16.326166367142427,61.76561109672229,4.434278287497939,97.53966972177905,70.96750595009749,113.47171699292709,116.00069934707442,36.56842621888918,166.16271688543435,588.4769946101097,557.7148871768845,333.85850183471956,145.69260833229504,163.9643379581246,165.04550287455686,841.9207812590515,1693.7322027175333,4600.171698630975,867.3762095196435,12068.052778669979,1212.5195226977187
0.9155672733699552,-0.34110251057792595,0.5186323194914073,-1.4135058852113855,1.0910410727744673,-2.290569858633483,2.4437964886312407,-1.7523424240323475,1.9003734211528263,-5.89184116287983,5.74572541559173,2.509731707596525,10.665560958516972,-10.204604545554478,4.7572906641698856,-2.540534928823689,-5.142933745809053,2.4313823354825286,18.13435144440283,-24.564514287492283,-7.9956673427224185,17.070435333366053,0.567078898626945,13.03637292880165,74.91819440996562,10.863473929677935,-9.142212146711445,36.67784742937637,86.36233924239428,70.93354957394885
-0.1620166921830321,0.8876903075508504,1.4844211887189862,-0.042617161192569725,1.4882028888235865,1.4599282122589714,2.4478042865449896,3.8654260657396966,3.5341367161930934,2.2414207905471852,12.54929615328411,0.7489484106295374,22.618677866871458,15.248277563083082,24.29347861832588,25.917913427450074,5.9948143923761865,35.07944770389044,126.4363735935251,118.79281952842064,69.69846514469039,37.040912206337744,33.621759271606365,33.953557061862234,189.46590706474868,359.72480065808384,970.265840491891,191.69316419077728,2576.4024036891956,271.5549701574874
-3.102457795070018,-1.6821092573972865,-1.8187939671464688,-4.874523973645612,-4.595314479548801,-10.64585096500062,-10.60745771405996,-21.99459024731554,-16.327087285405344,-17.1878299902263,-71.83989928583843,-6.727468379814563,-115.29914343407638,-81.29019606189028,-133.3744970902376,-136.4966836397027,-40.406797465336524,-201.13982818410793,-697.0081376543948,-656.8464094695978,-386.0345686162439,-175.38927201312038,-192.13851798875072,-193.08090736014867,-1002.0680463028227,-1988.2483975200798,-5388.0289774425255,-1028.8450774284247,-14173.697516238439,-1439.13912423218
-0.6210968461760891,0.19407580881789124,2.9427970728422945,-0.5810219403547716,0.9665771025882369,-1.4611865525261802,1.7209886689588791,-3.024808798136244,2.5093967232515273,-2.7800424662653507,2.973629391403045,-0.9683181500630637,12.387980535497377,-3.311019934444775,4.4409821641182905,4.946784901112255,0.2621766168627789,-2.521948405462114,10.521253589605315,-4.975755135914849,14.250317121450818,20.579512557574578,2.786688609360156,2.212486311223736,60.68857847547744,28.456619102387386,64.78391165034793,40.45566834273036,268.330428439985,62.789214966999175
0.08694057511985107,-0.03879719188793754,0.7878858093042213,-1.2765255412244674,0.33902004440568234,-3.003478654024752,-0.6978132358039686,-3.469837548489064,-3.679015412701543,-3.856255032773368,-12.545603365385974,-1.1288114021037245,-17.421539260147373,-13.660204794156583,-17.277637187872536,-24.720802805398897,-7.100393507385588,-32.246585279913155,-107.60848179428443,-112.97522840405803,-60.76099054554699,-25.2881615697876,-34.25063236763126,-32.08494477265455,-145.97999798641794,-320.545465073293,-878.0950357120806,-154.71242722002333,-2277.683126532419,-233.2541821177496
0.31055015137459097,0.33498481591469936,0.036882270099571624,2.622444693459034,3.1016010591809136,8.463000279869464,8.284136744688517,17.420444876052397,6.061487563999262,11.981662004058938,40.71596682282318,1.9754470193595175,59.188892948493,56.96951212637338,76.9282706087663,74.96296035726135,27.552306393427006,118.98892997021365,406.5931619086328,394.9118439400755,223.84944943211596,93.624385837991,106.8936362404886,118.17347477823725,558.777022359722,1176.7861549601275,3204.0567673089126,592.7340752994245,8365.362008866228,811.3287664032412
-0.662083936061506,-2.042475761547863,-0.3909408190570446,-2.137345888934251,-1.4885620032781648,-4.106813464626445,-2.94396444277981,-8.440150224808473,-5.105716675912389,-6.633515949925113,-18.84780734221421,-1.4187894329609712,-31.068124371681503,-25.896049172182487,-44.14039363579797,-42.620307119188176,-15.113798667055363,-65.60187368868544,-222.83585899720123,-213.44315665547637,-119.31558619930169,-47.52415808203969,-56.23206475709202,-56.74621560789175,-294.048539634555,-629.5637209145676,-1707.555574237216,-312.6247643164364,-4449.375009204665,-427.57686908565984
-1.2775757568340422,0.17431478652819896,-0.751661094014048,-1.8838101148814836,-2.6670306797301806,-2.773377439987894,-5.638282099089839,-7.504992220300773,-8.644337345957293,-8.426690298943697,-34.18790991070398,-3.326093574699849,-54.618975150386724,-31.63193276286621,-56.841593967866835,-63.05455362875859,-15.037634956093857,-88.45797875915575,-307.8520593556459,-283.4938585099535,-170.5474059535081,-83.19600018874806,-95.09909647101959,-86.82549913589173,-456.37957386402536,-870.3868977414895,-2353.6855250598755,-458.52101256092755,-6218.957777194078,-662.8670765673535
1.1082399066024466,0.1312131400429354,-0.8629035045040012,1.0696011861879229,0.8351559684505659,2.391231439142288,2.3837188200909343,4.7686874731617195,3.3764185980976564,5.7807750200816805,13.850403666280052,1.8084216776909543,20.058106797575913,19.2528084445574,24.718714260761796,24.778806235849416,7.177294802288156,39.900447534209086,133.4915979427036,132.8339161652818,78.03620539521697,28.830562007868497,39.2718050884935,38.26371363537587,184.12096053966243,389.92781401836993,1066.1116869610846,198.0211952527455,2779.4213802442277,271.50058648339177
3.4674769826272884,0.1293347125407385,3.1881318489715955,5.390394444434158,9.727338992673413,8.869190765137372,18.901041007870155,25.536144962628498,25.494622085716312,19.26173963340781,101.75893075270142,9.057267035486417,166.0924068842582,101.70727404346802,182.01048544066143,185.39720764759932,49.314266764289336,268.7646779434445,945.8628774562263,861.0317638850976,510.95914130377645,258.2324038749501,262.2544664639808,267.42889050818513,1414.4971557049485,2660.3858906367204,7186.857279096403,1418.6835184313252,19040.996444064687,2002.0448853712403
0.0527473664121416,0.2319009521474664,0.58946805439119,0.18692936614798378,0.6657277837347758,-0.40084497316251405,0.8159206130965229,1.794765411586746,0.5170543368073598,8.502879909058414,3.464270194868897,0.7329962099928982,6.050023565678653,11.187818602374012,8.42100133711521,20.899606073974336,10.506020211331402,26.446314828551913,68.31068523819812,95.51971003600879,50.538427092154826,11.610319533159107,28.06709653221907,9.5016097099653,58.88454400244244,214.49356445175044,611.8098423706381,87.76991533629791,1529.090321992605,128.4472866696304
-1.0689799793323351,0.4353098772638087,-2.048819352675461,-1.9930028355949994,-2.5076932896717223,-4.171564109326165,-3.8957251112645985,-9.104612298226002,-6.887302880123945,-8.315331587137525,-27.00649670386057,-1.0226717517808288,-46.26730244662849,-39.584285063212,-52.518134213384286,-54.56778679894482,-14.675888835655432,-76.8341741838456,-270.1314896226669,-267.4248308696901,-161.32633455306768,-70.15697123319421,-74.50507216015194,-72.33955364945538,-387.8437961223492,-790.124902802894,-2151.7743406590894,-415.29873655455924,-5672.945292760834,-560.264162179638
-0.6076767930472635,0.9415521295560475,0.28146902296821985,-2.168050861522505,0.1861135344925462,-4.107897805734492,1.6871165906770194,-4.081714438545044,-1.877698830843924,-4.0642865886364,-8.754565354628838,-1.8122853144394542,-5.18235968186427,-14.396142641568137,-9.81132107838684,-16.26588437399403,-3.2857051780569266,-20.67142575438817,-62.87420357130169,-85.59590490669488,-35.562159854827634,-9.508534536271792,-26.30362279876791,-24.165637471840455,-86.91135409258752,-212.8250949627271,-596.9488816451347,-106.05393876928045,-1526.7770715644797,-139.640186493615
-3.302764271604639,-0.6168503594942671,-2.764533622093542,-6.671574944310783,-7.818028534371605,-12.796585821057366,-14.769720955638881,-27.1468478461183,-23.490347720808835,-23.323926174123194,-94.28387273942143,-8.477265762059695,-153.8233249589283,-106.48162662753937,-172.6539817764965,-180.34002242979082,-51.592650901870755,-262.1566800236155,-909.2657895619667,-857.5138245864447,-509.53736556899526,-237.43760753932375,-252.22420980602632,-251.22161351896577,-1320.7916469515249,-2596.175486359058,-7040.426494841636,-1354.4738453179716,-18551.967237940466,-1901.5266403226856
1.7637413471336112,1.0501045082512859,3.9222807068947096,2.810800211935062,5.617291742818812,1.8355620784376252,8.552028554135365,9.590401038740058,13.478786364686945,6.702724681952025,47.47259961219656,3.837344729131381,82.6375258284275,37.353485195173896,85.31224895737027,88.76807241641602,20.717045066474675,123.18761099482087,443.59103888949085,384.2798160795747,233.18857814028175,129.82511806948315,120.77134045222914,122.39769497140297,680.6879933611935,1222.5931639863165,3280.7906825546024,662.8925302430922,8748.477224950411,951.3969841965519
-1.446035169048707,-0.0034947349518619562,-3.7576049917733068,-1.728349709508949,-3.9242556302206935,-1.6966917812272968,-7.484510820762421,-7.511730475296463,-10.20130118820052,-4.697505721810691,-35.85468846664908,-3.556339620790649,-65.67158297567256,-33.48611494700219,-68.11134028767947,-66.11380051046014,-17.373468852920247,-94.6149253008618,-344.4953870828261,-297.95513952898676,-189.42387533042788,-103.32086240435927,-90.09967876609366,-91.30231702621728,-532.5610060254304,-952.5369628439568,-2561.7679906608996,-524.845564670371,-6848.308657419927,-733.8726719997121
0.16609348830821055,-1.8700460909771504,-0.4854001623427157,1.8708208783069447,-0.4018232876631792,6.052685990739187,-0.03315332042454322,9.471326762489465,1.1610581235852124,8.547311125475659,14.92106367992712,0.6269312808860321,17.964702722157742,30.507242433545308,26.319503676422197,28.694492374180744,12.41587910635085,44.88593181996795,146.21282860776063,166.26539274943306,92.81841895989679,25.823498360964944,47.52484119439305,44.980608405092035,182.52940769714314,457.6008611380585,1266.3396822890197,217.2325133278324,3254.35948751574,285.931050802457
-0.6012784769848766,-2.144711137556855,-0.3096404162926568,-2.8014529686974763,-0.32612540862259953,-5.436204850497706,-1.932088460149256,-10.053821743206107,-5.924998309371991,-8.968802436162095,-23.933193444959706,1.0487758366489635,-38.16679828681826,-34.15761297370316,-52.03498492753616,-53.81318320065666,-17.176904401942164,-77.68982630928768,-262.47031274471334,-260.88333105672194,-146.98822006006455,-56.76211896734699,-68.13739871173327,-69.15070669101803,-347.7768042515118,-758.2661851768439,-2058.2841753914763,-374.15900376927243,-5363.148248595923,-511.9275647673071
0.11468833484703998,-0.40275383085618083,-0.41999278456623,-0.04613486397914146,2.0181054248704062,-0.473312869877618,3.1398772976523244,2.0726051209805405,2.779194605815503,1.5410290884946503,9.465033560349726,0.5750596758000668,14.62115398959426,6.131803538723276,16.566174973422736,16.965095692704764,5.108563549159888,22.76451616696296,84.42481157102704,69.97423072816488,41.1057921880025,24.54465530391117,23.637565897971,24.507407015358027,129.42755156911176,222.1609455625031,598.36300645738,122.21819749606865,1597.3608758936525,179.8522053382933
0.36074145342608177,0.843491008837063,0.8820833394229903,-0.9955205509320029,1.5192946326762329,-6.052058585590667,4.400887991376127,-11.401529081361943,3.4470371701235174,-7.069565153711189,4.930254793226568,3.5360982385910003,10.427891603537232,-23.66099502491415,-3.409882045935843,0.8764936256185358,-6.249221529181005,-8.57902498987911,-20.630782290733208,-54.32963278261511,-25.068131618095165,18.311888918346494,0.5696839643701632,-4.233164574893047,45.837890420892315,-104.07532935592259,-315.0242328304917,-9.645252552008918,-680.8072135390759,25.003248315108497
1.0772920118624145,0.5367622034608387,1.6913792541026338,-1.579624715901581,3.663368171766905,-2.403321751728995,3.906973823594705,-1.3766924697346155,4.615467221115425,-1.4756796806452726,10.802632607899879,1.166532673005349,22.305416592796558,1.098285644603538,19.333522042336234,18.113771174602544,0.8930910042636517,24.920472247376196,92.7096512949789,66.80141858802361,40.502114067811306,39.06235596991502,23.033663990903996,24.726894824076943,170.26293241661187,233.57031535039533,608.8120685743795,148.32111116920115,1702.1857853052652,223.53164448390714
-0.8846890092695535,0.8609268159136522,-2.374226282712609,-1.108837169373161,-2.244198773202894,-0.9485294478527675,-3.6575005522361645,-3.895610478481216,-5.101410992223238,-3.8833209025668802,-19.560126992840548,-2.0425930610235845,-34.74822915238901,-18.232855830991497,-34.277438531394694,-36.144661898178235,-9.314819429005057,-49.737612077422064,-178.4696887631365,-160.1079521583392,-103.53500104297996,-53.771468148002384,-51.06825422019702,-46.94096329957314,-274.7905012905716,-501.6919398358715,-1355.6463076769805,-273.2569063321385,-3613.4587454149996,-388.1489937329064
-3.8170921104086135,0.03514865265524274,-3.3788780431753036,-6.2407694864024466,-7.55896620807279,-12.488153259927008,-14.744783566877492,-27.923689343119225,-24.123914359295828,-22.334082344491858,-95.81702532476443,-10.914932534433968,-158.22916467154332,-104.58341575967897,-175.11337096027574,-180.9294877949042,-51.37557705736555,-263.5834105821151,-922.8015478166701,-859.6324155272813,-510.4431882917933,-240.2639007634058,-257.3462547877181,-259.8912175677441,-1356.438304381739,-2626.3169983436555,-7113.873170124914,-1377.1643957188635,-18762.4907895851,-1937.4833253625345
-1.2954623382638522,-0.1273812056716068,-1.1383348601862413,-3.316577929439343,-3.192410132395909,-7.126202168151028,-6.317031059961799,-14.168812500821273,-10.146652224304543,-11.575024973445785,-45.62549292345412,-1.7328488590936586,-73.3803491348278,-52.69729090294726,-82.22926955629401,-82.55562710111455,-29.357029749856572,-120.61304806378936,-427.3716219323875,-403.41345651923007,-249.6755632449773,-113.47977394729918,-116.64253957002406,-119.67464495985229,-625.6094636040302,-1235.139216056702,-3356.790971282058,-639.6609685098657,-8836.09460037579,-894.8548199869222
1.6096243482932362,-1.2211018272868113,1.133633086266324,1.9682616745751902,1.191058168184616,4.419575129409548,-1.9401718247044033,6.935578472221503,3.340094866518421,5.738490453452845,11.789376867651855,2.7504743698854894,24.98592144216883,27.39070425054567,30.755279111610193,26.296085411963322,6.999232794821792,36.95389768929502,138.82921667045923,146.30863357016187,96.30636218767623,38.88209165379325,42.19191535321265,37.463492414323035,211.2024196514681,429.05775496307075,1185.0357192499787,230.827388430468,3124.2234207308256,304.2697533642136
1.3774541714931776,-0.4210069992015664,3.238253117602065,-0.7139906891740657,4.40757033925465,-1.02365502149063,9.584457849536875,4.032845151573486,8.801298770183646,2.7331124861356177,32.46936047420618,4.410068489802274,57.48513322509924,24.115196209169408,54.85473004248763,55.43148492384388,11.815906449039627,81.3087455623548,286.87759130290584,242.6387239023412,151.8839163010216,90.55600484650061,78.83005664507253,79.84866097472812,457.898188106276,787.2168771903065,2109.322355466331,440.98384669522363,5667.158379851517,633.111226618552
0.216697129636547,-0.141518942796892,1.2576623700991214,1.4756491330387693,1.7015612006229486,0.2517221326721759,2.9780056786335223,3.2794648009682295,4.644354960234106,2.4573024423722796,14.70491594307598,2.221285037184291,27.090893340930187,10.33012654134533,28.655953242887993,27.720371317232193,7.651952030138201,40.05819590823178,143.93494361157684,117.69559059636228,73.57081771674122,42.14987951174992,40.04911598265904,39.013528155682074,222.04161718496204,387.21174091972944,1037.167879835189,211.7509748275015,2770.6921983046814,308.68303128072705
0.2244365379454017,-1.7304713911658367,0.7018893065886166,3.3638569649848824,0.7765236158281313,6.351156222047863,1.594226561469335,10.038138597681769,5.133796667873759,8.244831032750236,24.295891262918353,-0.5215196685119221,38.719019595831135,32.52395422637754,44.62819949549692,46.37368973240343,14.204853158185143,62.48495860573048,229.25277050445914,221.58130942004874,135.08416153549115,54.68508046795912,63.644392490561515,65.00922121653136,322.9805329714274,670.4953539141421,1823.360119472652,340.5456016022955,4780.078833667321,469.0832415544358
0.40058704884756724,-0.8182028103362091,0.9173064089609899,-0.6269312250573373,2.0164810782909193,-1.6128145520280879,4.356932391110744,-0.006381916268506704,3.6364240765368936,-0.6229858199113707,11.447605255047925,-1.0317089189320465,21.30441164812135,1.9658342353111338,18.066285080209585,15.463206167557436,1.596450933278494,18.407202391939716,80.74974934635681,48.33702000568567,41.849300352764836,33.26312939099388,19.829325734687473,24.442526677521094,151.08193580644414,204.96795123067224,531.3251096686384,129.61877883946494,1492.1141279903068,193.23559330165108
-1.0477027797631244,0.21871659989881578,-1.0147938518733348,-2.54601466011258,-2.797068945290005,-4.898775168129674,-4.916493796453854,-10.400686410529797,-7.67919423691468,-8.236456013309654,-32.92005944131216,-1.3440709476416126,-52.56906102670429,-37.45534530109531,-59.19292755945236,-59.13581263850634,-15.686321367566427,-83.72294666142119,-302.5433845279616,-282.1134015696014,-171.62989661882878,-81.65556508761514,-82.85012421024575,-86.77776159523226,-450.64829921360143,-871.1530393141892,-2356.597973844612,-458.28011866844605,-6225.49790053558,-637.5637045001604
1.7650623802113563,0.6373837263497555,3.420512370832379,4.326733187468019,5.709019364590068,8.582841547105247,13.52548494913186,17.028520997534315,16.0652476401455,13.359577190356855,70.19348576840288,4.689492552325338,116.180334062468,71.76870541504432,124.80723439993882,127.19534031688063,37.31435092012178,182.43203584202274,653.5546987239528,593.3971649841775,363.3762088372292,178.20949265175244,177.15096369682428,180.64132725052127,969.5183922435922,1847.5612010388536,4990.821023542922,974.7520948329371,13207.998921919178,1371.8116717794271
-0.17728500181645784,5.7123257000741985,0.3347334929412884,1.6163282733194244,-1.0327572257714877,3.889141443053374,-1.9424405468427866,5.0239965932574435,0.4547446481709011,4.399670661626364,5.3008275576466035,-2.1022404727409945,9.461395922347583,15.865223223125572,20.303728552826033,26.649806500287042,7.030727418858693,38.437125965468624,116.24635706958327,133.47050125523464,57.77094155877138,13.342197867904767,23.697730473657646,14.252284057900189,92.81997143605213,325.24173822416003,877.737378202629,128.10544290184725,2210.921379592669,172.90287018209358
-0.26621148207909606,2.011608423844369,0.37481006885200197,-0.6264753089948374,0.5279068952736141,-1.352711118436875,0.8021458720501137,-1.2445231850463498,-1.414075863267769,0.8014651234237848,-3.8336505702494903,-0.14717366464743473,-3.6519592681046205,-2.5317093672217315,0.39929544259598715,-4.90756619462714,1.7459616055647147,-2.8465691472037666,-10.591747665036733,-13.403991365243648,-7.894864725303043,-3.6270581895712413,-6.508397557977112,-8.593590632978,-26.27537749693244,-37.853968493843844,-108.26062765461599,-26.90891394757144,-293.6581914966548,-36.88763662178172
0.038569752062735725,0.33565512924292723,1.3195428513456482,-2.2248359227541163,1.1234928604742598,-1.7674538086274172,4.56306080200379,0.034121727416782904,-0.9741877375544503,-3.4807439031680114,2.9857135331346196,0.8312237322846444,5.812448973272674,0.43992410654272507,4.932188705466877,-1.9516192933127825,-0.9468478160118514,6.53698682946089,25.031668572396832,2.4363242899732014,3.3629605458118434,13.394015929028276,-0.797163855224224,9.220518164888478,52.802618661700265,47.37777173751922,110.59357388742697,41.59640923533604,350.71151695763854,51.469275075275924
-2.3651848701762956,-0.17138623802666153,-2.712284671694092,-6.550090185850788,-6.757919518955885,-12.026586779745477,-12.799681394703446,-25.04668487070311,-17.673121039996186,-20.86090128312968,-81.40774292714168,-9.238497160978504,-131.88170176343095,-95.52979777534418,-152.52695592769524,-152.9658843168811,-48.3929096017323,-224.9801597768944,-788.383398112942,-743.0824017320929,-449.01993662854954,-203.02402558306798,-219.87045324250428,-218.65698560005214,-1143.8237161383297,-2260.155010577772,-6140.684656466168,-1173.7488641913692,-16154.626731381444,-1637.4037692191112
-1.1009147247043707,0.3179416152199091,-0.030345468933057562,-1.7060237101580569,-2.3661024278923666,-2.2939327436104886,-5.115547023231812,-6.241811158308668,-4.802418901874891,-4.738970903847338,-25.341804388158817,-3.2136773347249648,-38.95116306252576,-21.67377244385288,-43.81695807315473,-41.601258336522186,-13.483570141925693,-62.96822296539571,-223.91543178251428,-198.3083700570121,-121.69023809622816,-61.44880397652351,-60.434587927309344,-66.49204424797765,-344.69969805921505,-630.5585333142502,-1705.4296957276854,-336.5400928568675,-4513.689913468171,-473.81502293094786
0.6463919098640182,0.8470054541831474,-0.36343282909391306,0.8545831490901975,1.4822213797688957,1.5092967144483604,1.5060592796930075,1.153807340655871,1.1845803214194373,1.564086873505676,7.736740086017865,-1.1420130338173804,11.622309605260906,10.367063575745043,19.563361300585203,15.65260543777252,5.002116086944574,20.09824637967996,76.38595415166112,74.93796999277937,43.92871019043215,19.150429970790196,16.266292259426272,18.030852935490206,111.8040537607526,217.7550962398484,593.3569248177693,115.99601815977671,1564.2750130262266,144.50774765278544
-1.7981961250211802,-1.4410784492581161,-1.9750682884397095,-5.907352091116236,-4.428371481082713,-9.07460564143881,-7.451042612815531,-19.603835935549263,-15.079346357154824,-15.54871251104899,-66.57331301191302,-4.727593122928702,-106.97990155474173,-73.63875013019633,-120.16938534633552,-130.28736789993454,-34.97521642497724,-181.6760120598998,-634.6997607112173,-603.8447662283429,-353.41056489804157,-163.3406390339768,-178.41284205696184,-172.511430574715,-909.5724231601598,-1811.917919333377,-4911.859106663375,-938.3823618180136,-12931.30297736634,-1313.430126241519
0.23105503842517017,-0.19868294198503017,-0.19242682890136478,0.5737707126834116,-0.600833225872937,2.725582340817658,-1.4901859793326753,3.5786284090270746,-1.4079314020371878,3.22601835187496,-0.571309540760798,1.561415221167694,-3.385385341634081,10.868236627078328,2.67598350740335,-4.393956557148458,3.6988485425444995,1.2341461588015736,4.820482544351059,19.535354299371864,14.072632377487777,-6.444403791571652,2.3499755896673764,5.29401576166057,-0.5180810212150173,47.4775896317788,150.1913415559921,15.271480374914285,342.7700684804246,-2.1735363823306137
-0.7119259646626984,1.1381993312780847,2.5123048523342297,-4.996311161658214,3.3947395849455124,-10.759636745780554,6.984745408653233,-13.262170214954779,0.2245239876703381,-13.268520863858654,-10.064887345548735,4.134011742820329,-11.184066346588969,-41.887656223119656,-25.495014227026196,-30.35805136464939,-12.448229996460515,-35.81398878304771,-126.60197824260956,-181.6284645075824,-103.41429693160553,-9.375006836805209,-35.2451127196311,-33.716124984466326,-120.85663754266764,-447.30809330452706,-1264.4429942733452,-188.4169742827092,-3170.223690822786,-214.0107225277565
-0.25026911013696673,-0.2644006614912519,1.0251526678644558,0.43085207005711623,0.9012886069156936,2.8409247647183467,1.6915209460860063,3.4852680519143995,2.842156729025514,2.506158431484117,10.993446068762143,0.4458735547382954,19.76687945896484,16.84666271934039,21.186571063712,18.102842321553233,7.1548759860638365,25.636672738828768,100.56267605016978,94.7617829842276,66.83935082340156,30.317449210262307,28.736054713515696,31.32169390304878,161.60333405444405,308.12786248212973,840.302682636668,167.70210501701376,2227.996872794731,228.40134537420894
-0.5492417065826761,0.15518651565009964,0.02450241759736188,-1.4205863711729974,1.5735671551842865,-1.5105288789062568,2.1365827154256625,-1.2828007863695532,2.532512894841882,-1.9645623414410551,3.0767946255722043,-1.0560946674906853,5.74151441097119,-5.102150141406317,2.308255074406907,6.238117800926367,0.5932941034909558,6.464135164281738,18.07389552756229,6.591759010835991,2.767317298785182,10.985800772805302,4.395533617360602,5.44271083077865,36.00324725689148,35.521741979618575,80.43411698717642,24.522474944683832,247.64910030468494,55.205211886912686
-0.34059712619108706,0.1930251019717935,0.3013413740822406,-3.0966189364501466,-0.4960043126998961,-4.714008367323772,-0.7366189090685792,-7.557995717573335,-3.9933831123440653,-7.620492931383799,-19.780279367262043,0.9786416757172121,-29.843578175900436,-28.763087064999603,-34.93003268165259,-40.92096192788331,-12.404425632635972,-53.76855873198322,-188.03207651990834,-194.01336239474875,-115.61435180017739,-45.26596136233425,-54.27679479085403,-49.171403678373515,-254.98854175085577,-555.7198478815899,-1521.7671701359006,-279.01042407877827,-3974.2013472833773,-381.7948493583612
0.5764168060787415,-0.9970873525281307,0.6470411336911124,1.1714792426979936,1.3672705528453688,1.2021600688469216,0.5483566390001626,1.7391642428268972,2.5939290723435,3.7926224565202737,8.449540230615149,1.4666979253063264,15.619777574607538,10.607487265002574,15.670965771933012,18.388568040763715,5.009222960509729,18.78960009555608,75.56148389573626,77.15217363453418,52.7154450559269,22.017034041280088,25.933468633130477,22.596504682041807,125.66727765481686,230.34005165739885,638.7832310523047,127.54212835981333,1688.1548063428286,172.18150575977157
-0.5204662266584602,-0.32231370670451887,1.7814817820563775,-1.111151090529054,2.0375017807212394,-1.0628237850085123,3.7695675006198295,1.0536634817083446,2.0358064189527876,-1.1823877377856562,7.177648600445977,-0.8365759117516455,14.936307213857859,3.1871896151838057,10.922186968381899,7.645466937419639,3.265872879049101,12.61906582939702,55.54114232616424,31.848277542726485,29.825261289316522,24.576459038441318,9.671171497308425,17.831762780284905,104.46780135258305,144.42852920189625,378.277594726843,87.8278311602879,1050.2052955737138,134.17783553801556
0.14249635014575693,-0.4019374713159427,0.11967570366378671,3.1903989268361075,0.37259055699821014,6.961851689119672,0.821998698971808,11.52209119699156,3.720872527994853,9.496537420438653,23.511631507522935,2.226123646223614,33.66631959816474,39.364693049007464,43.73514718326511,47.49140521562225,14.655043080642017,68.79088041060828,232.47362869214237,249.25385565296602,139.32561478620138,47.81138135777607,69.20661411815416,66.89266800975568,310.26349081581037,704.851405030135,1938.4163027975978,345.6890472847946,5017.084653815156,469.86258976948693
-0.04908436282350309,-2.9489743240942126,-0.31688604503643336,0.009351967678516024,0.22328153608543844,-0.5307859696829369,0.2970911255320553,-1.0583198075040938,1.988598338830463,-1.389161322176431,1.4204912394092948,0.7713743056755025,2.0868803107664755,-3.721691637342284,-4.276874862467947,-4.170178703966769,-5.959069248848245,-9.360038177844451,-22.226130432432015,-30.619202321328945,-15.209208967515053,4.2802143076848695,-1.2687215833961494,2.1588476108604944,6.283484764986973,-67.3581798071228,-186.56756424578114,-9.365982799775981,-423.2355868503721,-4.459323449449987
0.39651874253273317,-3.0285958582546386,-0.7667249459105324,0.07514040044385728,-0.5944675861459991,2.4844290575183154,-0.46750202943712715,4.277909628104788,1.155392236636438,-0.25916033706557684,3.1907506408846498,0.8406791671063305,3.11747228360927,6.940696778701017,3.8392922141247725,-3.9132284902303858,-1.1872318234320125,-0.714609418785271,8.810771867342279,4.279203852849712,2.4222644983319883,1.899187432170332,1.6115540064265952,17.589973840496626,40.18248420302293,40.50856848381491,115.67942186296021,34.4714966471886,320.4014175123982,35.187617743959514
2.0687744669530237,1.0888424315791938,2.696095825353674,4.049412528192644,5.251069147539897,5.001675673195675,11.272167504466054,14.364389013257888,16.10776712448193,10.113739903904337,65.59229646563055,5.85943178831827,107.55419947707952,55.1026654660568,117.08144495565641,115.66801422547138,28.669738671390693,166.45502501390322,597.0516132866717,522.2642296519822,317.3386432402955,165.86065126230517,164.01463068600154,166.24524626318825,902.8622544838638,1656.2416964816694,4451.534924227011,883.8457036473271,11818.977995181827,1257.7583105550993
0.6257580906950976,-0.6048769596798907,1.1913078202277596,0.44999837429905876,0.4982885038946754,-0.392567362039304,1.7503753555764914,0.6962272405437591,1.9475372358914482,2.2749802047973477,5.186670506896935,0.1484243692857945,11.073854363653178,5.893508000896839,11.231672396882118,12.277349138127075,5.008566912535448,15.068750041107048,54.73224846438221,50.338366283781255,36.60987138733629,16.676806835128623,16.031609003412072,11.307612425714105,82.13217376330726,153.02495584531357,418.62798864620186,86.98746318370287,1120.7376346438862,116.27486982258704
-0.8442474176319474,0.03682741315857533,-1.0165816238313077,0.22177938198989922,-3.0145669437509426,0.4783322359478666,-8.414686418040827,-3.8588141761555597,-7.839118230180779,-1.2913331428845716,-25.638487964103746,-3.4688931480629512,-43.56109613664814,-13.188285433828323,-42.0132052706151,-37.69623235069837,-7.952795662808512,-61.16698635754243,-220.4241832181461,-169.41979567174894,-105.06401400375445,-70.51797318754241,-56.962707403417,-66.12636245232324,-360.1609175772357,-585.8685605345235,-1553.3228547682102,-329.36623549639575,-4189.057657265559,-489.4173763528118
-2.774730692660283,-0.5150827605651176,-5.4646350248757605,-4.991653593331607,-14.817912690975778,-8.842926449830367,-29.744804712295632,-34.046554936092434,-37.007977573903986,-23.61869131295249,-142.93454502583805,-10.549838816506522,-237.62038343513893,-127.18473049293941,-251.63953924391288,-255.3372066346697,-65.76657798254166,-369.87756374120323,-1312.7777136306454,-1158.7085787303315,-699.11390102187,-370.1692356644458,-358.21132554272555,-369.8651526205481,-1980.8006758304878,-3649.366798637376,-9821.141291078548,-1949.7176907100381,-26082.621145526715,-2796.81147643548
-0.6452562994821793,2.1316488555985775,0.5572581242482804,-0.98865520948195,-3.195377318359965,-1.441089973510959,-6.13420477011732,-5.152907342247481,-6.18783351583618,-3.665421542126853,-24.504875099949476,-3.260132572922752,-39.71153673014662,-16.56371796258285,-39.80041851983234,-37.24382467453281,-8.600178044623895,-52.43160906111179,-199.56171799862716,-161.01630345364404,-105.70616594724079,-63.20147431393561,-59.41733706348468,-64.92810509851711,-336.3010071389123,-551.181811587988,-1483.1534475158176,-310.6097880941295,-3978.6953966754604,-458.4607037386392
0.21091347131315202,-0.6566349055092074,-3.5911658730048983,-1.933685214249655,0.8128767338109473,-6.872498040543926,3.617318422642207,-8.846242993786047,0.6614703572624988,-5.837584596177393,-3.367287660473214,0.5501328813924078,-11.661502664560551,-30.40719159269723,-18.91458240919597,-14.819562320835237,-11.993242472406578,-16.180117228867253,-75.91189005281532,-109.29983298255925,-80.42337029316555,-16.080105673833437,-19.98365534572698,-19.525902146789832,-100.13986911040845,-298.85173068280295,-852.0375820862931,-139.27633168744387,-2176.1068403060804,-148.525982127141
-2.2744678441604442,-0.1516213183033121,-1.506860765416941,-4.01515744851973,-5.5561751729960775,-4.710309031371965,-9.690065131559082,-10.512628860450262,-15.845467234033226,-10.556878177044679,-57.43401198785854,-4.907537298338426,-91.23581795179119,-53.51648416262625,-96.66975964999433,-103.63449643365279,-22.405138758304666,-140.86255237684045,-501.68201443334084,-462.76985403928427,-275.60697329274996,-140.69848116120252,-144.680689968522,-142.82963482685741,-769.9170846228826,-1421.4070759268236,-3841.6165811218325,-768.705923383866,-10201.920026279677,-1084.2572570213767
-0.0072940425662142115,1.3682992525556468,2.815507617501275,1.0804468269272707,2.4411969292157143,-0.4675024768924405,5.899885295602581,3.5918201533876304,6.009037103776094,4.57776631575515,21.792936397575044,2.051106191320659,39.977195813407214,20.960465724190982,41.540380705772264,49.66278498583861,14.372398108476304,68.50925837563102,227.7288047310476,213.28962004114362,123.15549942257391,59.94316551342429,61.67819062775007,51.977794027159014,315.4170454166262,626.0269611653458,1690.6006798206838,324.2450783545206,4463.991915750674,459.9894214659048
0.21528165942761499,1.151592690422183,0.05898876998518637,1.3098484638590893,1.5300489958734058,1.1122578613958494,2.473472645000739,3.2900882290571993,4.97905655712702,3.0280986200206765,16.908731201929484,0.9473769013478702,28.775021875571863,15.554233184888314,31.114628030543294,35.24226165912487,9.201785396623052,46.400708578443435,164.5259490647645,154.4719155545082,90.31025704344526,43.54249217155888,46.4882409073731,42.658957625119776,236.09390815959807,462.3160941890535,1247.9232244912096,236.42510062677354,3287.0984464775192,340.5435489067464
-0.40273715989375025,-0.9883163160696543,-1.114602246552906,-1.484189303922777,-1.3683637724280362,-6.252696132436453,-2.81153236324301,-11.88850480106743,-5.805591871341961,-6.1375634470600255,-26.559794080248306,-0.3303848344135474,-42.04387069659062,-32.36986575895292,-50.840451371836956,-50.798048022325325,-16.927317598766578,-76.5880256862757,-268.74104660041246,-250.8370220609339,-148.37181439718427,-62.61985795366444,-68.92238413187478,-75.46018504537493,-367.86364584998256,-772.9859225103305,-2088.021983839848,-383.40923783165124,-5460.3519388796,-536.9715916287563
0.7805027785867896,0.9295953966888486,1.223839992844993,0.5292461669152094,0.9914300721721636,1.0985547067870618,1.8664768557106277,1.838609207452357,4.238242298639865,2.1285995489321907,12.848055879042503,2.641843307495157,23.434511538887065,10.973952846941376,22.653323171342375,26.782214940273402,7.455822395417734,39.75636363695912,133.66394433391977,121.02137867876466,70.72404597394728,36.2653933725958,37.10638129218802,34.009752699888566,188.87629244641076,370.84756842603036,995.7482297277854,191.11818440950103,2632.008542412272,280.78644711438346
-1.5455409739375527,-0.08733094789156934,-0.37366335250867433,-1.6129343891539938,-2.1989178881770957,-0.9114661404169335,-5.429610814232232,-4.8266604275939295,-6.063545027400572,-5.2040427043292015,-25.494006437495564,-2.739555817382477,-40.12116608575114,-23.17356993967039,-43.05623968456619,-47.3803884500043,-12.409233622572058,-71.05688415502077,-238.80425353919858,-217.22796222980423,-126.01561716446149,-62.64660607312779,-65.40565430114081,-63.53375043194995,-344.88785514849485,-659.0484460176101,-1779.070160671902,-348.4041530577948,-4704.399100204743,-489.6958545813301
-1.8952845804607634,-0.03465589387466808,-1.594193228106832,-1.240728409062658,-4.050067842269491,-1.8355538767819513,-10.649761106765213,-8.83448960425463,-9.521783233811359,-6.023547645062663,-42.50879068610979,-5.274393013783446,-70.00967382143486,-36.23308899972187,-71.97605459944386,-71.96818863942087,-20.22356776179571,-110.50850619443179,-385.7678212968272,-333.4446973127018,-206.54090738570838,-110.84703375785166,-105.19767851095264,-110.01584822258069,-589.4895505598408,-1069.1657825399272,-2878.8570714416355,-579.7745682720727,-7660.948729931666,-824.9164766210403
0.6095002296564475,-1.3206566511921431,3.26318468218051,-0.6238228774963974,4.005454277124753,-0.08914746231568738,10.027114546570767,4.9495024688102935,7.9887301418913985,1.8648447534668602,33.33752201213775,2.1952905790880988,58.7707138508544,24.369859571221475,54.201154860535844,52.6385009546592,15.138831612367326,75.7956365688439,278.73059832416726,231.6441190180138,153.8422394159519,93.69450173271112,73.43331003011558,81.88950712148375,458.3168353584209,772.2533260270907,2071.0100628955965,435.0649547707911,5578.49294908199,627.7769021823028
-0.009058270121161251,-1.825090667980207,-2.277840533160832,-0.12058418231633539,-0.9041894215319978,-3.8458494219740578,-2.488303015275711,-7.2856842561199775,-2.974308968989513,-5.236110693001898,-14.038137351318973,-0.9267401922584414,-26.474063819256788,-26.6534633744683,-31.886103365631747,-34.35150513966809,-17.712089974395283,-54.019593284140406,-178.252918070872,-182.75206331560815,-109.52782746180291,-40.417875047637565,-44.951546533822714,-42.85332254953789,-223.47314136523045,-530.3027542100931,-1449.7460573173944,-252.5443405545818,-3757.202561231131,-346.1564694025565
0.4728954751731953,0.6085829208914938,0.43172437645395195,0.40839021239420786,4.103471627469291,0.8247020530906559,7.240944087198307,4.2156313626535535,7.333876062856438,2.9107885139687477,29.106556232402298,1.2140303415402662,47.87226868336953,17.627087835617488,49.498713183712006,48.7976076463872,14.181891351959699,68.75972114780227,248.4468176976798,206.87867040004105,128.86358657902503,75.93180821942006,69.01671056004196,70.02360783719087,390.4435971433791,677.6547490609873,1814.6956381397788,369.7509928411933,4851.255610974073,545.0725192055668
-0.139659068878202,-0.007102860988439733,0.44965817418469683,1.1156583240658455,0.2587021394211143,1.928844917433242,-1.2884215332680269,5.3605700674739225,0.05198339405835517,3.7307251390111236,1.5086760416252667,-0.6567102992679881,1.1360385601542953,14.625367850785347,9.714233330534391,9.631346443684263,3.4839835345400845,16.20749953743898,47.665172590847334,65.85614967182347,27.851552773598513,2.159166429514587,10.950039256795643,10.689011191184868,37.67678946283571,150.8168147006951,421.22409203411377,65.43462699180397,1056.5375935750053,68.34048767281644
-0.7076436150147835,-0.13501660331225426,0.6603929702001542,-2.988934695062929,-1.0589055326104435,-5.395522765532567,-0.11297133287379979,-9.90692424268092,-5.569095977420435,-11.169928550076323,-18.344408546713485,-2.319799558296489,-27.806238022144484,-34.16571436731428,-39.2617244719557,-47.65595354988729,-15.060775562715977,-67.33158219844263,-216.66670488521893,-240.08046466323827,-127.24104164277988,-40.44943023166168,-65.76493049066015,-55.56106088914435,-268.16795291525403,-644.8298866393949,-1779.6859262126438,-308.42987967840827,-4582.58754959383,-424.5053009464508
1.016676518011251,0.6143664207550924,-0.1183520177860411,0.8611359034476106,1.933394912967735,-0.38108764458152855,3.93129437995693,3.6071252477732223,5.5754731406445694,5.236371868175705,21.518618503293304,2.1958246335335554,32.30699231767378,16.80431915724944,36.016617783033645,42.64196864543762,8.67959010961238,60.80250599749147,200.20125397461427,185.91124994127904,99.07401900596325,47.868860186914496,59.18336132842941,53.21605016283418,278.45787888611295,549.0108361032147,1479.0484953491796,281.9714508564508,3890.8864567292303,407.3872462507388
0.9133743834002445,0.7572075184074398,1.7315482338161534,2.2512593572414934,0.7750159651738535,4.522584723977727,1.9128253168759985,9.79169737500691,4.757802937113448,8.260209005515813,21.27322633494088,3.273064597689207,37.700436790704444,34.70030177189328,46.04599080308448,47.59070217405517,16.01327677260328,72.63201716379243,244.3904647409927,246.52058633109763,142.84960869935034,56.69104210842957,66.84458514397562,64.63019418525724,332.69665528944256,715.6153923652923,1954.628853693163,360.25170414397945,5100.650238491731,491.8643154762752
0.493301639149176,-1.1462816248830061,0.5516949905568399,-1.4408800780888487,2.7960840023876594,-2.5935697363297123,7.166683778963883,0.0675068258268087,6.154986874984461,-0.37109268194802625,20.036800505331758,0.4748991385761836,33.13284598427695,4.127104636072354,24.176787002394025,27.016976791290567,2.8629978754500613,37.95580250991338,140.625644767213,97.40057732745147,64.94777205844056,53.27647435688762,37.889119238131244,43.187881706034574,245.41539876310281,358.43408973570854,940.6290134290383,216.34656923261159,2594.3673526731263,334.28423394532723
-0.6082725816789725,0.24903883235690158,-0.7747155555460676,-1.0460772675838579,-2.9962025648693205,-1.1319635942293131,-6.192408620686671,-4.611079205542568,-9.866923114356606,-3.28151834543708,-30.236838247472928,-1.7093646961164373,-50.77603925460614,-16.57467543587887,-48.12190100429839,-50.86328996010196,-10.556669074197401,-69.58221663866651,-254.88331102520132,-207.83490937172027,-134.85761547367895,-79.15219716573054,-70.34094009275746,-75.38345159042574,-407.8899509740682,-699.3617663040188,-1866.329355045763,-380.82408157587037,-4993.850593716674,-569.9366635043734
0.199013699163519,-1.3067139219176689,-1.156336010065029,0.21427653169488026,-0.9407512578251219,0.35679640175157024,-1.5499453941391932,-0.4545921654878964,-0.7358059645715662,-0.30493761898731037,-3.90105232470092,0.2573775791101379,-8.093627761305973,-3.4704603388700153,-8.752763470935951,-9.475919748147122,-3.796313153556803,-14.018094238266116,-49.881020741342205,-41.386863668891394,-22.228403475498535,-12.789305206057117,-9.800098773459766,-5.915458348097882,-57.44497410722863,-119.86966525305277,-318.6460421282658,-57.90899082521498,-840.6278607143219,-85.20337492239686
-0.32580245034898975,0.6986627072674039,1.0207287753226906,-0.954509043736907,1.209894310407954,-2.93049100552549,-0.20476373941359371,-4.327112455101453,0.07945792273255414,-3.4269704159135133,-5.501172380718829,-1.4710903184967916,-5.8621386229928625,-11.407521162525022,-8.282541366022425,-9.269716600870298,-4.612518086475204,-18.23946471815747,-56.181157632894994,-62.03829212539348,-32.0036470771636,-3.520609358374746,-18.044403275261928,-19.277908884689637,-61.217070652881915,-173.48995440272967,-482.82963895100556,-73.21248787467076,-1208.0729152504407,-102.42397095380666
-1.6973725519361453,0.3767469200559988,-2.6716279682999007,-3.1138896464562835,-4.520212671205818,-5.267227375031849,-9.76978200630456,-13.96374043057436,-12.597598345110555,-10.751046788840128,-54.597935090929276,-2.603622820332993,-89.814308880917,-52.06932230825234,-97.8186175000054,-98.00433721362273,-30.425837667803393,-139.85021071305357,-497.59326241268445,-447.5990011923496,-278.7393103791966,-139.04032520018242,-135.57508192333609,-139.87680010367413,-750.2636896572764,-1405.748507087741,-3799.8182139880123,-742.9432415341779,-10059.712106708566,-1060.5716940327206
1.7995526629776963,2.4444856054003807,1.1274857112816115,3.1120305272001563,3.536540847929054,4.550709964818107,7.959457108915265,10.95617653796539,13.238816610745827,12.14655380179098,50.65643807190018,4.2568403609936425,84.77250808838758,49.24459042917379,87.86327652953251,99.86914745653206,25.055514851478325,138.67592529057384,477.26664351956106,449.2849802843142,271.5257279228973,127.88373104741723,138.91609838413362,128.19758372182346,695.7826451904996,1359.3130934049755,3679.7512804935172,704.9630981326878,9698.811992350955,1012.8935505482488
-1.2959519115788036,-1.981110237613582,-1.7012831084512003,-3.3275917287117593,-3.4236485655709625,-4.638889389960569,-5.89130928800079,-10.271551535675266,-9.638333325808167,-10.206790873129814,-40.75083551205943,-3.716437821782252,-69.45468796848247,-43.266371010265004,-75.41869593232556,-80.03296939750746,-24.874128685811364,-113.31300955540696,-398.4323283512498,-372.3783742453293,-227.0286075985303,-105.03660763564243,-109.5639947399077,-106.02475788171813,-576.5669019801996,-1133.2293320029426,-3069.4956399709627,-583.6706132324273,-8080.959672014191,-829.660695576134
2.3073434725628172,-2.1705972709148686,3.417449511072721,4.066473441272259,7.517000553411991,7.594331550246717,14.254503476190115,19.669880621257427,21.30219305942269,16.739137415087754,78.17447207913719,7.481179093024073,132.99243949852698,74.49976397687229,137.78291874149136,143.7940940542938,38.503121652197954,204.14557801807575,724.4152274432033,654.0564171545162,398.3843575752088,206.68494564259328,203.35172580564753,206.1712608397111,1102.9907217930838,2042.206266184689,5519.570986255683,1093.6372881052814,14646.90949267185,1567.789712891143
-0.1142762026339799,-0.5720378619900512,0.3217418662315911,0.7501273860502177,-0.33794514176737633,0.1965212461249728,-0.9396641285513028,-0.04985999803505975,-0.4808291709921404,2.8001864590694376,-1.316585345261153,-0.9818027101008101,-1.3739592610799176,1.705488169797155,-0.6034206491865938,2.1115865401031395,2.9716230426447803,-1.5500739181072776,-6.7952914792112615,4.732721103592754,4.938478058547064,-2.7512652048909003,1.1829574469780841,-6.140748622893491,-15.949936904580394,-9.936754318157659,-12.313953582444228,-6.416241784964667,-46.45360756416593,-16.175157510738014
