X0,X1,X2,X3,X4,X5,X6,X7,X8,X9,X10,X11
-0.28890917477433936,-0.9935339971032103,-0.9631739462647506,-1.0724005980031255,-1.5533135645525957,0.1976127115252988,0.23818931959856998,-1.4616105429671946,-3.671738450741929,-1.8844273483406035,-5.7736691880065,-2.2020491191146094
2.316974250357576,0.0875226655917911,3.7420604144176286,4.158857891305475,1.4311925362456657,3.5534926542318654,6.570351426266311,4.209053830110962,13.806718534355657,4.972323651631497,11.618642983910377,4.1058131900384485
0.6235985129855038,1.369994613722113,-0.13836586131581852,3.3523191672884396,1.2452357195208792,-1.0990789464157624,-2.7487728933614215,-2.41107858145857,-1.8289664535810857,1.5169430776035329,-0.10875344043469637,0.968039086905653
0.21979537321600792,0.6244605985705287,-0.41281064536665446,2.5916392350922894,1.0580096887902306,-0.41099689473037526,-0.28580557886004154,1.2165377992373556,-2.9634824357127045,1.1269345232302022,4.090089033737602,0.08929706714825358
-1.1646326082953993,0.9496466455138117,-0.30803769069310216,-4.859192442572967,-2.3409259240605182,-1.3003802003843767,-1.5011976216316287,-3.23890004181168,-7.157663442297381,1.3476111620937985,-8.517955049381905,-2.896840171357892
-1.164787217839572,0.3820905346104576,-1.1455795725229894,-1.2119708634650133,-3.2433544325556256,-0.19115198617515172,-0.39131986272950764,0.4379428225994506,-4.933207281167446,-3.4361175370781276,-10.566476233697772,-2.324499824312274
-2.152724536860913,0.4854066555815871,-1.1152934209533127,-5.490371235867075,-1.465519503708673,-0.6317714760708578,-0.8428839337264016,-0.979797179889496,-4.255309453200593,-2.412257456995393,-7.606106542440902,-3.7742337512726483
1.3180836839199936,1.1986248074903345,-0.8581366127843792,3.3866463543549075,2.3323905280842205,-0.2269183606370367,-0.4905756230102593,2.1923420495064834,5.374387739683479,1.0320730174297021,4.435051997710306,1.1796763992697241
0.22593497306731905,-0.6944760276495379,0.17648840610084698,-0.7781128478562971,-1.287253526089271,-0.8224357343161811,0.1052747342928444,-1.213804705053117,-1.6332653469717986,-1.8871594413114159,-4.108145780749264,-1.1895127873708724
0.538102881144645,-0.021376940044431636,-2.2193890317719873,0.40488814285931873,0.7104901367641063,-2.2623227067787433,-3.983949894630246,-4.235105562956365,-8.007384257393829,-2.303911450046501,-2.4392746972096155,1.7247362025994377
-3.1900700101378696,-0.8154981451478903,-4.924317470641574,-6.4696299895500715,-3.576367975931268,-5.602140731462818,-8.70399020708862,-9.36131134218494,-31.755726758971193,-8.373247993469256,-22.643646023509383,-5.547772595073136
2.810410294598365,3.7024112368453888,4.184433606474161,8.283759735010257,6.213233227162065,2.2055589772998636,4.802899365605332,7.778260679381562,24.32664248995663,7.41116501767222,29.763287405705732,8.473497752004683
1.0932823627947297,2.1903166067604696,-0.30255196788789185,3.36788454370656,3.9517792795504323,-0.06402062756309415,-0.30983988234111715,2.2191626491417757,6.359465600974127,1.8423180671598098,13.250751739102949,6.668066273879873
-0.8564235230424074,-2.5401620219612746,-0.6973690165169292,-3.0498484488062108,-2.9845841817129,0.8174449532649882,0.6618157716875543,-3.2476264893288835,-3.1571230865539768,-1.4834571725903298,-12.972116419954126,-2.2823827958437164
-1.0115635927357869,0.5295843826357837,-1.098662010128124,-1.4627532802662089,-1.1325045799322688,-0.2883281750378773,-0.7152542312474277,5.074967210864768,1.7680445559281557,-0.8478205161351793,4.730538081822021,-1.5591235475520977
-1.0029139486435268,1.9004363769153103,-1.2594537900807277,-2.025665369458147,0.4474217888785966,-0.9345801535828868,-0.5872283495723003,0.9105108137428768,-2.4337801985153678,-2.9534679576574376,2.2604459493910287,-0.5143221598182913
-0.49678386249325435,-1.018459983218474,1.1643640845981125,-0.895708445343817,-1.8320680113541283,3.103132284672086,4.6718819599820565,3.2127995156679385,9.168180411470525,-1.3356556817239764,-0.6513577107933287,-4.44044060518736
0.05078065030090923,0.1460557370859568,-3.086300755200645,-0.3454860605354767,0.565604440782995,-1.3740380089847728,-2.3669794699868802,-1.5301595038448401,-5.881079493584828,-4.241860825723958,-0.16731136798471652,3.965581906770595
-0.1463097899395757,1.7777180835655846,0.26628114988286644,1.1643437848615166,2.2358383933062234,2.1368190679308823,4.70615294935242,5.60907883432826,11.127067386816439,3.087014545935369,13.701585279356852,1.4248609951982558
-0.5404977177448577,-2.6898377025144056,2.1319819528658224,-2.8082058152477716,-1.917197094059549,1.4045990564782285,2.1240587999824507,0.3804043689793055,0.7721667096888574,0.1999189646959405,-4.901346797298375,-3.2124948492182126
0.2532236933398535,0.50226327633294,0.3542326460962901,0.4609525295302475,1.5947611957048244,-0.434203238339407,-0.42915128973760863,-0.08829108865180423,2.442128658959184,2.0041203850221128,3.2292658443241633,1.9193373116030759
-1.2765875077920077,-0.5197015405211648,0.929230208600035,-4.797800202754388,-1.5398838973305118,-1.6601307439971773,-3.63113135857033,-3.106957942918223,-9.729967644146104,-1.3490374276246793,-8.397406015749516,-2.9157884472908187
-0.5373590471140107,1.8891014907957298,-2.738041818025872,0.4528907811395021,-0.18797923277836626,-1.1292048285037914,-3.5070976059223757,-2.288436615996271,-8.288675160926829,-3.3297964537785774,-5.447313577709671,-0.4276295726760344
-0.3109866105273914,2.849322742062308,-0.4548043226729055,4.165327083580429,2.48134310226028,-1.7038446087640131,-2.108654751950188,1.885440498794295,-0.39723709827976117,0.5914778727286629,7.792123979401017,1.9382831480753118
-0.09196182652359322,2.19402650068103,-0.7354010754670581,2.09876921380621,1.1938020352847358,-0.9665394900831801,-3.320056503793258,0.4170025956256703,-1.7602960587107193,0.6502724709978147,3.6172534739629914,0.775628422409427
0.8447888304709666,-0.0529489449419659,1.3732548554849693,1.8055760331121682,0.9984592842156215,0.935320503157953,1.0342506686854824,0.2686149344149509,4.275284925160131,1.602197381031187,2.3725104317111474,2.6546565097523187
-0.917923152756609,1.2876635261754124,2.466628862439652,-0.12099852026372865,-0.35256160279685567,1.6973286164434405,4.224420508228633,3.622439513992737,6.622464391856148,3.2626940376215487,0.01075520834241983,-1.7125324065306402
0.028881974473182512,1.168280092739134,-0.6415833856150459,0.15067784412143392,-0.9505317473526,-0.1810074650431407,-0.685226335358688,0.2596353262562902,-7.427307910795717,-2.150980400623256,-2.0685431606336833,-0.8556737117729224
0.20435754074981535,-0.44910208208282404,0.5510751445377718,-0.22521724304853408,4.034932316992387,-0.7526927434436352,1.5963813764155637,3.020046133661639,6.406270136105064,3.7201308649026377,11.645666373527098,3.5322739996358523
-2.3762227479489066,1.0724503608347076,-3.0467659669283855,-2.391689841672867,-2.12380411091806,-2.201298585208714,-0.666650868484604,-1.3029228644736564,-5.620717423945235,-3.8107512953646916,-7.710704641480742,-3.3768735455613745
0.24218584008966476,-2.6034838634019297,0.35618659794057617,-3.465167606176589,2.0578211402248345,0.4922621119472367,0.24335249518533564,-2.377792120106671,0.9719514513291013,0.336991210599505,3.5687438744048916,2.7195975376702517
-1.0757313238050863,0.21386145972786158,-1.0350222239307165,-2.223626194860807,2.459970246388165,2.1530482718716124,1.2858858356178717,-0.4968350546995146,1.53058511216726,1.4979100292303622,2.0482458293178256,0.8350040641069616
-2.0394274051350867,-0.7764903672471273,1.0622856325446908,-4.729900274641099,-1.16674724596591,1.2790295653274915,2.777803616703193,1.3614459175516624,3.168026248320497,0.8533756818004932,-3.8856161168071557,-2.360074820224737
2.2805406129469845,-1.4224034307940154,2.2802082145494693,2.4738267188068552,1.021058377875107,3.307221247791558,5.714602083242031,4.034975922192882,14.53093518675692,2.165704056819499,11.666535776866773,1.5950679472951055
2.6774831619012276,-1.8714106323854318,2.0317241184092554,6.137080323740092,0.7713179650728292,2.0276881560694635,1.9649930118822938,2.8069198442336516,10.386248220296192,2.9090703835222875,6.889455433568673,4.938888430453733
0.9591843922529317,0.49853076912829164,-0.621441577566792,0.05996028210120263,2.379419727006116,-0.19022892769543265,0.20158744820592078,0.5552670653557928,2.5094822527855576,-0.4780995330123954,7.450469660369514,2.4931854927303454
-0.49556345486799697,-0.38603030207326655,-1.6380143553929412,-1.1399190667022456,-1.1882815875704682,-1.9925463919619784,-6.280106903340208,-4.2683305350472605,-11.796447393273743,-2.3047329828768492,-7.7208389249539975,-0.777992175074613
-1.6329920048192,0.5969892566604325,-2.2546410459158155,-3.2703599704516835,-0.8281480544538277,-1.0198657160078928,-0.4454702794535468,-0.16984909599772616,-4.165992634492538,-2.655778537974064,-5.677057695093881,-5.282130807670383
0.45960358253871625,-2.0347536347659805,-0.2790648954646278,1.8334211137985013,-0.8641716672379232,0.1069449380204156,-1.0945089556923282,-5.209822144744141,-5.213946069270861,-2.436190321357937,-7.1479132712886235,-1.196576588007514
-0.12748685487279793,-0.46111417670923,1.094298834484027,-2.104429570404898,-0.6225139539046157,0.921153133622819,0.25244329896146955,-0.22386271550028533,0.3933869563053542,1.0310477925105213,-0.9063695983837126,-0.6417489308042523
-1.4102737024215324,0.08227633384010426,-1.1281355119744092,-2.5325768754997586,-1.1278261149720197,-0.7338489350431717,-2.3369102915365354,-1.5607412352026386,-7.136869109497766,-1.136258110976197,-8.86413206864944,-0.718996025216186
-0.0096930055394009,0.8709501527780424,0.03925988949258043,1.392087501711896,0.20872103036846518,0.08384135825266206,2.6798962205453547,4.831976427033428,3.6504291316498287,2.2356158658801677,5.088182130301679,0.2172522594041389
-2.6768852782403316,-0.45019314964447965,-3.860964579426666,-4.405491199546824,-2.14478674492331,-2.8430512149581073,-4.512933504113874,-3.5957876007608025,-14.869630615429356,-6.212081229297591,-15.134962855854013,-2.0851660504041254
1.7072757068330777,0.29006190584221736,2.79780747128536,2.9800001481342635,2.665540882690503,1.8081696182079072,4.103945006548605,3.0264066747254903,11.106562227803582,7.506760248559353,11.086719285397153,3.6038468697011163
-0.6586298896371894,1.478214478164325,0.0020547081007131762,-0.1885725987762355,-0.31999612422996293,-0.9272874975660942,-1.8602762519556693,-0.9240615509180149,-5.036999461510439,-0.11831045811306166,-1.9014719665405129,-0.8468857632263194
0.39310861800503494,0.2636093285121407,-1.6491169071642002,0.6680404787975889,2.509659539150822,-0.10007113846077353,-0.5726029808692688,-1.0273692179970813,-0.0910589423389257,-0.8153449329626425,4.234716300893679,0.948294656274504
-0.472531377825916,-0.763743588079729,0.11552781014864927,-2.1073758890572956,-0.42310670146189217,-0.9170244407846417,-2.3703694640232484,-0.8829215576853102,-3.4171366085593196,1.0818381027033799,-3.659453022607452,0.17869220889034643
0.040963715349283294,-3.0199929356303605,0.12766563343285095,-3.4651543380470007,-1.1161535258568338,-1.6916430864767427,-3.015262594616771,-4.753185971163578,-7.400538778136157,-0.5311605545606433,-7.811084235918379,-1.576759311944671
0.0980766174218522,1.347834505814236,-1.7237047941664505,1.3120339428201113,1.1665550288187096,-1.2261307424756356,-2.0474687239851246,0.2621487540445472,-2.3272001654526506,-1.5491140302442366,3.09719273464727,2.6377475560753583
-0.9950393098649168,-3.157338168212036,-0.9752135264383142,-5.073131957111195,-2.1939538427471166,-0.23583488549133536,-0.10894648094116527,-3.7686695326095068,-4.954102406632736,-2.602328136832179,-14.424361553696727,-0.9158458137090284
2.7996599521762815,1.383910586044225,2.4677747433662356,5.403859950992726,-0.38166407881935305,1.4270953403154973,1.845349604051148,3.4230308800576066,12.142205466964812,4.102900995815322,8.109294654609034,4.279901437526023
0.7990981965781955,0.059616539909609155,-0.39073751688107006,1.7828621329083336,1.6398695231394447,-0.8385034981860758,0.8010010245088621,-0.07284962557318639,2.325478543002725,1.5903608898234904,4.301040320198562,2.0621625211578163
2.111947238731638,2.104844662232717,4.105086260395003,8.188819984400375,0.544895914368456,2.7189278779346338,3.702667540434107,5.374669388088997,14.918985712778527,5.362094537986132,11.871413886527971,2.700107705939179
1.5590048169742516,0.9102253424631797,2.5953116685225917,3.6719117732557804,3.3116276483298606,1.275483721726449,4.921817300732462,4.611349510814515,12.908467185539191,4.928002821325013,14.15081155291149,4.848104382339395
0.2179072318233296,5.4890472302873805,0.6070521672549218,3.3050570035073754,8.263157937100836,2.391722031733993,0.6911110335399497,4.865502914748048,15.024990696618264,5.794398815642949,23.432687020739962,5.5610652070420805
1.85628819870946,-0.3546432507922352,1.578442188273111,0.9465191761028506,0.5691519693449146,2.8640984372418985,4.999790542804123,2.9786648083966516,11.212928649250868,2.5206388623650002,8.415102779986636,2.2877613275194157
-1.731690272574649,0.7643780785515127,-1.7397889013724126,0.06557649790146458,-1.5782767969090865,-1.0951424812373665,-2.33183994135141,0.25236404792604383,-7.024156676387947,-3.925305047927933,-0.02220279030512362,-5.454119320259818
-0.9365808796514944,-0.2183278812656518,-0.4764930952963898,-2.298612761309923,-0.08597191328894027,-0.7231879487456304,-1.379479024152609,-0.7799664223238949,-3.8052055841285397,0.22538423849108646,-3.112160657136771,-0.8819264953595487
-2.402907456801037,-0.04108115246563125,-2.049475243061005,-5.801047751273341,-2.4670166586554756,-0.6527239549016158,-0.9958449607621612,-1.1952167233360085,-9.790929923577508,-4.14898089197402,-10.0834433809759,-5.247259243950811
-0.429767029931076,0.2943857270681701,-2.4666706797101527,-0.24991261930108813,1.2125108840273948,-4.1709119870773455,-7.475010160160178,-6.589870820912042,-12.382158680669622,-2.8157807252606197,-6.061115483375199,-0.3909645680284177
-0.25185868859072835,1.3757668834724452,-0.19947537837497187,1.061940851097097,-0.7695972386557287,-0.17788837837512678,-0.49962427281526867,0.7437271364298335,-0.43440471374120304,-2.2672453276912936,0.43805219027959585,-1.1568295577625194
-0.6112021661008431,3.4472498562813603,0.4032989035873338,2.33517399404333,0.6699963931008792,-0.14156868753582974,0.37728889380992114,4.407677450476354,3.9542915674359143,0.18470191173451378,7.400984890704969,-0.12767569844693497
1.0714106846809888,0.7690499297792797,0.8712613253045385,1.863668378881505,4.5170644900774,2.3901154079633877,4.669301992104724,5.844673610435843,14.777766631288173,6.153851982058582,19.33098209836167,4.875660363903966
-0.337563517109174,-0.1796847590011474,-2.565494970848671,-4.2287339367143915,0.050439251810617036,-5.351359352294362,-8.315400704651791,-7.599876164886864,-18.525296857846815,-3.740777961520565,-9.726959690750503,-2.1547307387935506
-0.5764865178622683,-0.17112763767081274,0.33538496983764265,1.5326850863636272,0.6382333815437977,0.3236663713942379,-0.12394585288839988,0.5403046218191776,-2.2909774016237203,-0.2681658458145997,0.7533071850252836,0.029023923614178992
0.08925990264780084,0.6446705954137201,-0.8298252777128909,0.026255376245848838,0.09904749933112772,0.13186505793362546,0.4792185533715174,0.14288110759247652,0.5372400527727299,-1.0817075089284054,1.2084265466201618,-0.8497813853256133
-1.2663857640278615,-0.7390774259715576,-1.7895684777037628,-2.359817597809062,-1.025178186048365,-1.161790258560253,-1.8569202000886535,-2.9691776702253216,-7.330815991326539,-3.398424508211699,-5.57346153790756,-1.7641461467169484
0.9273364152147859,-1.5098268752140793,-0.2827418626916719,0.7828705728371429,-0.2063302918636676,-1.9459763873763225,-3.725004487766697,-5.020662147018282,-7.840803334020057,-3.1416635897194296,-5.0621172468329,0.9529487737184851
-1.9031294230465616,-0.3435552204376654,-2.113518336369486,-3.2782179870666805,-1.4085426031217296,1.5628493073624752,2.7209459763858614,1.77794087289837,1.21351077083752,-3.994919987173742,-6.115928245364412,-2.664087626893017
3.6409991590273743,-0.5542935056510684,3.970329408362934,5.217477361164961,2.714017464415693,2.5467344154405085,4.014082050245108,4.04652500911837,15.64085320850265,6.818420936369954,14.950956537942693,5.990173230298617
0.7863365956815661,-0.523208238021826,0.7413947854339941,0.26254932272018494,0.35932144144734335,0.7279643476648356,0.020693427547702203,-0.4995099028424457,0.9362188445938239,1.2752923011252553,0.9225118059718036,0.570950545097676
-0.9227330313233714,-0.7609646671542519,-1.7157706715045022,-2.013099859378587,-1.3782278042750216,-1.8329088441833545,-4.073853483363265,-5.588515844447212,-13.091232747007735,-3.3699082318753484,-11.745499624972256,-1.1593966279648371
-4.505846774780165,-2.474722137176644,-2.6125367331891454,-8.487146355828385,-5.678972354642648,-1.6852107681915616,-4.520242384020933,-6.494342382961196,-20.385182166620023,-6.909482630523895,-26.41602470443972,-8.641147044265017
0.996749596926181,-3.331264606951486,2.3132952211485613,1.011622798026157,-0.9125626092279258,1.309666273478751,2.7597755602843663,2.131268823534506,7.995944753209651,5.0734465059277944,1.6474911062558888,0.08560487256695495
0.5339487268270994,3.7068307985523616,1.8281134879073448,2.599075434121505,2.2806471639823784,-0.7427733664522176,-0.9188174200325211,2.1028735185284613,4.4883539100377785,3.443771144877587,10.360330959233353,2.664138129342829
0.6125157282280537,-0.15601510473739044,-0.19229144696962852,-0.27068434064427493,0.8203810448214336,-1.6712243474525725,-0.6250842366797684,-1.31736071019727,-2.197393966737064,-0.4065340849498743,4.621742407156429,-2.1101802797298963
0.782067345483568,-0.263115263781723,0.5954306737504708,3.2977019873468283,-0.38103078534352697,1.5001932532124143,3.2540038262847197,2.4007359897108005,6.8403612699664,-0.19111534942374797,2.696708031067634,0.7326607843724746
-1.909939785379665,0.44518546806650205,1.801135505539381,-2.2068519674199383,-0.7850580290091977,0.4039611763490356,-1.5518702779668032,-2.1287495778519485,-3.8343699963946554,1.7344111346523494,-5.403333196200337,-2.0131327520733953
-0.33277503976034845,-0.8289490900464173,0.48829599277657093,0.16240809025626501,-0.16173543966051185,-0.6331210244771543,0.34940288507980655,-1.0894413082183043,-2.261637031621569,1.2572403404574097,-1.8592500612560687,-0.896722169016585
-1.4621473420843787,2.3018090731798306,-4.217641667921661,-1.3658870354673196,-0.22923363001347463,-2.6565285411712156,-3.3808724792177207,-0.6821550839741869,-10.333546354937862,-6.414712769732814,-2.5622149949168533,-3.2090489369124446
1.2953823910982778,0.8502456013156412,-0.8808736167712365,3.132843506596278,-0.559008074900821,0.21420656633734647,0.2564978354612526,1.2023476038469887,5.188686521291584,-0.9236858030313594,3.5585287711998923,-1.0421204235343504
0.2831540111524288,-1.7213643554452207,0.17786007477857252,-0.5128181370443756,-2.378719415544306,-1.9758932570829466,-3.2874062672500792,-3.58286796912005,-7.528490012398565,-4.385218879759281,-10.918850323146856,0.18540639244340462
-0.4127978525283082,-0.18013009791118273,1.3377251264686292,-0.4108049349949405,-0.19383529098696217,1.012493959225306,4.820913789801725,2.6845383242381566,9.772940076911134,1.413998087916649,3.053911388919301,-0.03752456855451186
-2.0626497123135583,1.419795779580908,-1.7604721806158383,-2.4558882517860727,0.720555266097723,-2.5466911510465717,-4.41312474359181,-4.412416455664971,-12.523107311795226,-1.0076595381280204,-6.411809725768986,-2.5620006299634577
-0.4748720312166019,2.202414422560886,-0.4282356622118347,-2.3568325576558857,-1.160805418129269,-2.88909479898438,-3.418116867941209,0.5928793235363263,-5.073806990576162,-1.6438218257692045,-1.4670831138009843,-1.6899019775308148
-0.4302190073442768,-0.06741944301100164,-1.9401421089764397,-0.6069254837939883,0.2684518986942293,-3.4757200192632185,-7.909481628654815,-7.100242520028615,-16.68506464634149,-2.178681449844479,-8.54380315710331,0.051810367947767944
0.6147286033977954,0.25724699201649137,0.9249180184662728,0.5864328824420048,0.2536971617870571,1.6883440968414236,2.0079233128064358,2.6541103484140813,5.856415791816262,0.4445176937150649,5.161018701774124,1.84803782195955
0.3217421783660749,-1.0964110366495599,1.3205779944172515,-0.5195647534681491,-0.6024110420286767,-0.6092851083860629,-1.197919841186725,-1.348838892396921,-1.6965883173980192,1.9816549133907422,-3.7624995221312374,-2.650222901791295
1.4891047318415696,4.036297505532867,1.055780950759675,8.525670687787889,5.960035630976646,-1.7371211440977596,-2.8700470022155926,1.0597293485317643,2.593710932770524,2.7225335570616696,14.174037365920807,5.376933677997817
-0.05717386655756626,-0.7692868091712555,0.7501997157407335,-0.9961350177501604,-1.0082113516056985,0.3416597131305976,1.601929154071847,0.8985320846012935,0.8487383525941645,1.565134129141176,-1.437754155995146,0.6435539997161013
-1.4305033689467912,2.166862150933942,1.3676100036336516,0.610985464834958,0.4512060672150517,2.029315541541964,7.321579901167052,6.474865428019414,10.7832483868387,1.0967793522083475,7.928558784688134,-4.865522908846563
0.5559791637566541,0.3556658789086148,-0.40138962589992977,0.27855953524544963,-2.934702036659724,-0.8984653016332689,-1.831911729200141,-1.7885775651660238,-7.205815483556438,-0.919558289758001,-5.189966650980874,-2.8141382423584433
0.7372455725169187,0.24267504231224876,0.7058177183558642,1.8851579524025035,-1.098312498279513,0.2759351061525793,-1.8702552757244555,-1.89404691787553,-1.4088923975225711,-0.11701254381324311,-1.1432518486579795,2.244821481687987
0.13074031432588362,0.02570457203249574,-0.4379519257752357,3.3235335579539944,-0.5451997328238622,-2.8045411365631283,-4.011336655149421,-3.07434627028541,-8.120159262667348,-0.30227196962894143,-4.508567324914025,-0.07298875042126174
0.7807427861614191,-0.7736207969510216,1.578044892749614,-0.9447687533808484,-2.877093060336707,0.8902322178680377,1.80017398890552,-0.02325426231691341,0.582091082689006,-0.18583255305707208,-3.894475825547814,-2.3118226195209424
-0.012486439403467536,-1.0411284130986957,0.15749478243569878,-5.028835653699228,-0.4579425985983436,0.2682547946925988,-0.4517128643726543,-0.6164421892390992,-1.8484786507774993,1.5925350056450975,-2.3430986696962437,-2.3928186738240385
0.04653165821732179,-0.8187729493906738,0.3550995655256859,-0.780654130168497,-0.7179150409748871,0.3774290750250621,0.6535430881211571,1.9309680954759265,0.7620083598891687,-1.3570854352589978,1.3221317530354562,-3.418685807980922
-0.1565578652714996,-0.9865079482212614,0.7661784814927036,-2.8152996741047627,-0.7272807346408757,0.0761905601878114,0.7968794721663282,-0.4705072623654001,0.25229498908050696,-0.4942455297616347,-3.6214401518142836,-1.440127742297031
-2.9791061863550095,0.819093577012851,-2.8922950792418054,-3.6456636800021585,-2.63619885896056,-2.288857964625747,-3.2480368682905745,-2.3673355007717656,-14.45183399590392,-5.315445831295322,-12.275302499010936,-3.269526468817147
-1.5334826825741386,-0.35631712463018284,0.4042939898555975,-1.1446535427135585,-1.9031526752639252,-1.289707719180582,-2.269503865430178,-2.5752995506904766,-6.854715813408569,-2.4518164827387565,-8.970907324018505,-3.051809503225493
-2.7668711567382283,-2.1568812463415843,-2.4012537832986807,-6.720207881887806,-3.186503407401803,-1.827872531822951,-3.709025799914677,-5.98303803159788,-18.857883110726657,-5.9460004309860945,-22.09737128059016,-4.392212517474995
0.3185823703676043,2.7839370359668307,-0.8679456269245647,2.319008957029368,4.916002992779367,-2.1632206892430825,-0.8586880348359691,1.0239118226267223,0.2527564793068775,4.071805977787303,13.052488821681022,6.07945020950237
-0.4640820569685726,1.459173789466055,0.08302820740936773,0.3505371540510996,-1.5772002078959364,0.814327573306667,1.8280951963476637,3.329998196018357,5.031783277130337,2.2021770752597742,2.3630357542082026,-1.8844535200641765
0.01728999657424478,1.934507373246809,0.898584999214013,2.315567179712533,2.9306040539001836,3.264434789651531,5.539747657708876,10.854333817862873,18.639815632318832,2.6494129315159607,19.657665475414657,1.4346876501196637
1.6881183492860306,4.586902588489772,1.0502860102318126,2.866773373274749,4.721056627962411,3.4798882355697076,5.543347860103943,12.286165023911366,20.692650791558098,6.093080040951145,28.95032975032607,5.3249078522356825
-0.6959822790609064,-1.0561549964720018,0.6318128831084003,-1.9074621319392515,-1.1364005150036884,1.7092932657178348,3.6271180202367463,3.3467732313222562,6.7158130294524545,0.20863381901886463,1.5277166192245641,0.17073340424789207
-0.19751741596833897,-0.23258291500412281,1.4965426118934364,-0.2815322756031347,-0.31215912219160663,1.1712425914394555,1.335434343797841,2.7673942048710325,4.699663422556835,1.1045514516492563,3.177574206151079,0.5145901485409208
0.715601966978638,0.7266562949213252,0.047781173959433265,2.171398467071288,-0.9258011092826399,0.5439227896293377,-0.11198001831596205,0.9724859039417612,2.893812741094438,0.015761494522293473,0.4408363372647185,-2.162853864520802
-0.7817678569048884,0.49764822186139207,2.714776375998281,-1.6149014604351977,-1.927287894812405,1.1548890306057293,2.0931012559773925,2.834385890839643,4.55496252602046,2.676306961154853,-1.4771458071891024,-1.753037655864561
-1.8710636219261632,-1.1783316574122544,-2.9379299918179207,-3.6445607398910402,-1.9950043032255926,-1.5541746977325208,-3.278738098582287,-2.545624796861446,-10.183588870851874,-1.1408275322687906,-9.96264857957512,-3.077998747680454
-0.5455846018446937,0.9987658224263701,-1.3932290254948088,-1.7496126502967284,-0.0586067328697073,-0.9736858001306565,-1.4146720357353983,-0.6194286323666394,0.5921926348587414,-2.450328948625833,-1.0193769274801132,1.16917130070266
-1.1318302221425622,-0.800997139705112,-2.0086758487182568,-3.5398576317269916,0.39198331177671997,-1.3065161891519628,-3.742751693742515,-1.2531472361822984,-7.710210335428738,-1.905550167056655,-4.143662521733446,-2.063708589048641
1.9618029053206796,-0.8037765977657841,3.30209584232258,4.027683201124012,0.6451487573998346,2.8123379223154776,5.318110530416495,3.80741192002539,14.068825636928418,2.3487988235827215,7.988952065752458,2.285397292666523
0.957739899924624,0.07682580373089165,1.223854120963468,2.3396943187902357,-0.4942208734267495,0.20073200174460237,-0.21500386285138173,0.3078206767005073,1.8113211105688423,-0.21913912238007116,2.5992218399367895,1.8466135391374163
0.31034700996058584,0.20564734362697357,-0.9130388693502477,-2.887761873092307,0.9368127305189111,-1.029656834812296,-9.440853539378216,-5.3450611848814225,-13.940201094739583,-5.444537581487113,-3.7437956720919576,0.8301024476200192
1.3583725499608676,0.17455866496952194,1.0853284006393094,1.7556695089255774,0.5858948989322534,2.5785016379065047,3.1649486970901752,5.94225861030366,8.596210769360361,8.575629290798082,14.162512850433533,1.6100116534465707
0.9348217601806108,-1.6984129900650837,1.0965222869572266,-0.7494942871005328,-0.4939390968697711,-1.4920359470122324,-0.6055157603283301,-3.783018025966813,-4.9870815753494675,2.0276037596503143,-4.299264351275195,-1.5551120410980108
-0.9858012790139793,1.4061776307314782,-2.670077015116215,-1.0527667895920603,0.8010505340484152,-1.7171793153166128,-1.6937818455482776,0.10049078413504542,-4.35609866218958,-2.0710174112628805,3.0267821899123906,-0.7853679586860844
1.5376662246756159,-0.6326165204708819,2.8199153581496477,1.349438721110968,2.277950878244371,3.5291680788528765,5.447242932944316,4.737482598998278,15.506914046589387,5.01028568717546,11.244382372179734,2.743449127553448
0.08195272140622652,-1.350812001659138,1.0076203040812282,-3.1230177910921615,-0.039933181330940815,0.8864117972809087,2.3729050465879045,-0.11320602228546528,2.927508254554146,0.7523482703377437,-0.06330326843746559,2.2476964129599133
0.9542011107436211,1.5028109179200886,0.8621484840567818,2.8477187746052572,2.22020341432462,0.6424596329540557,1.3749639547016637,3.581663206786773,4.663386100986681,1.2587324711680103,7.6449560693976055,2.055633844753939
1.5710954687262866,2.422529172193335,4.12423939763938,5.410816523602168,3.346982730506345,1.9131799500494946,6.209529759068074,7.444065047874354,18.082705590693237,6.7451299156098905,19.581608408941673,3.9914934903720463
-0.45254578811724294,1.288279603915017,-0.5836222507749866,0.6011898050531259,2.8260388928014706,-0.7450417463673495,-1.6020191621029527,0.3488737020503017,1.0890974026901628,0.6913391882971062,5.643846754169729,2.3251682504364144
-1.5136558028454583,0.9650402891736674,2.097911804231764,-1.2963369126901654,-0.9325304413321385,2.5440263087672665,4.926089317076419,5.017944531473565,8.352556460915283,2.8306597505183446,2.2456298528511978,-3.187988681275449
-0.7855468847259816,0.3717653206386746,-0.291914378148983,-2.8242826758063044,-6.41336870000076,-0.05849077528710664,-2.1658976208394582,-0.9370484784007859,-6.4190182903842,-4.198259373586511,-12.80161600059001,-5.914411569770533
-0.15757168466926824,0.10726760100995349,0.17316857838825744,2.159699725344459,-0.6464861009709286,0.13940524982098426,0.012659986702900666,0.47474537427699376,0.9335182247958416,-2.0372450542457288,0.42804584570980875,-0.012654145956619178
1.010682546079,-1.7488521762752292,-0.20079873889068656,1.3117085570554379,-1.3579032021683186,-1.740594927228862,-0.4358645450529268,-3.389456268524752,-3.489333417639749,-4.406591258302774,-9.207784138357507,1.0911548105278754
1.2781977913198879,-0.2022307241682565,2.584177779578699,2.9315514990869866,1.1788539979494745,-1.8065396973251073,-3.0967371927618337,-4.058707124483458,-3.5925127892898354,2.433359689514055,-0.6659426532143583,2.350321000165608
-4.275559934572264,-0.2938651026817781,-3.972865403492187,-6.466139901403682,-3.026326637887566,0.1107303659491028,-0.3572789752825297,2.1215638799202914,-5.970225423398995,-7.116847437341686,-10.144756679693097,-5.73074000269867
0.021728978778610453,-0.6548739016179557,-1.106177638415741,1.468960825807651,-0.25123652917088724,-0.9817269274834095,-3.1518285493203755,-3.10217574340391,-6.581255540006898,0.4465133503589014,-4.792512326963827,-1.561442876919931
-0.1805367429651152,0.5921083994371232,-3.8414542481383838,0.30516903857796146,-3.1302520219751107,-2.197365058342354,-3.34275489952022,-2.05592740294789,-8.221289987120217,-6.493740098486165,-7.201598645688077,-0.47695798857806615
-0.8114452016802964,-0.008282737201559953,-0.596984071666161,-2.2975523904223554,0.012630356014416533,-2.2135637194721975,-3.551821746885185,-3.644378045560302,-9.517610847583969,0.17048251542640325,-6.191439102444468,-2.0165637322502112
-1.4282389243706965,-1.819588539699993,-1.2184288944477926,-3.748305305792189,-2.7962963987187126,-0.3142258408359591,-0.8432746468563042,-2.937901493114205,-7.868606006094091,-3.3301372882054148,-9.87768969796531,-2.7054611336652603
-0.39270139771832696,-0.8201481624666932,0.22700368363710421,-0.7187718021648246,-0.48004514722364494,2.146981368885885,6.098372426232106,3.804164034773784,6.3435032573952155,-0.32639298381650766,1.67780609037708,-1.3639913963548405
2.1699739421312043,0.4565229470373037,3.4533051675629043,4.723880119469135,2.0364774827876424,2.3472706697114605,1.0147230283494673,2.335098954031713,11.21530677844983,4.123910037581004,10.676211268376235,5.5433634706987025
-0.43632769997000426,-1.8821544033963535,-2.2294748121599888,-2.3439458214471114,-2.058995491949953,-2.7868890001151323,-5.400939232625517,-6.752721628882731,-14.868175584904424,-2.7091191087327875,-13.429877842192813,-1.4690025047381945
0.03830562520020669,1.2120514424842592,0.655934125551678,-0.8620526028883781,-0.4071085838426458,0.5931433196414347,2.8894457711818804,3.406651205574478,4.826560323187267,1.4253652658573008,3.4791467639107623,0.4108201930396825
0.5209397963209095,-0.009754365487406555,-0.516329738270124,0.5763608835672516,-1.2931990161148965,0.4343473910439765,0.3206976100058009,0.4413761769976118,-0.06883008000577728,-2.537585346655584,-1.4917209742154642,-1.4268129104838634
-0.31847232474833664,-0.039600704501421946,0.9757734833856044,1.2677142406767477,0.8263597749153064,0.4096560901763783,0.03645476227294697,-1.0750514177857102,1.573196516531691,1.7749648398456255,0.8086943179207404,0.27586275228834206
2.8746509577317547,0.20434089602812938,3.5822562545098355,5.236541122156268,4.0616040604384,3.6904734705779134,6.562851934842504,6.312487813357588,21.717668393058403,7.025859369160496,20.623700435653248,6.045698730523891
2.5888626839814526,1.048000732384531,2.3958201139444895,5.385677588034388,3.0067601656288967,1.8675604365379062,4.328246396409478,3.6890914182156753,13.854566139495779,5.180864229527962,14.31426458275406,5.450202867378704
-0.6860432897470498,-0.36295402214805006,-0.06676902444493049,-2.101139466135234,-2.3398009541392186,1.5597436738824886,1.1653086401922639,-0.10831705584287232,0.17838399602387417,0.7180381302130219,-5.685874776341277,-4.062617577349378
-0.00551818543393069,0.44010671736290563,-0.46902602699164375,0.07074280691766283,0.0964606265471808,-0.012814868318687445,2.1493774343643484,3.7021569317366714,4.429947968762964,-0.36661594652559004,2.867480714887104,2.6602856686608245
-0.5079022017420891,0.14094616047502842,-0.5127260349470869,0.8264706382704137,0.3430919871237089,-1.661361171758767,-2.0305667668466123,-1.830616367963128,-5.354827152653794,-0.3621158752487017,-3.1908818776790397,1.3571019395261068
-0.5626787436776028,-0.6272535648425673,0.5285630155535042,-1.098185572192737,-0.04511963498655769,-0.1448723673790191,-1.269576122846462,-1.099735659678924,-0.6065532797600997,-1.6483760204003954,-2.6894111384682318,-1.1365026902454791
-2.6067503401824688,1.4157642548804135,-2.4116575238388256,-2.3235774376963567,-2.3223803464088437,-2.4320098815335096,-3.726502642205859,-2.4090279249003763,-13.758108826636441,-6.569088873781718,-12.290345541711186,-3.0961464422637137
0.24734489042264782,0.903502953192787,-0.11386898481617239,1.1147039145869586,-8.862692595626674,1.6298556290172703,2.6056267034076996,5.179783917330754,3.259581004739242,-6.527580968239656,-8.079681838004111,-6.949073534504287
0.005372452269693262,0.38111938882493057,-0.006847390442221759,0.6446268552753258,0.8319325357138745,0.7313085815019407,1.0690304943811413,1.7991437385372275,2.982524258998403,-2.236079458860444,4.550324279975,0.6009866631710785
-2.273438972981685,1.207858537981661,-0.960613523067406,-3.495439076452608,-1.1252090265178398,-0.1722065781003918,0.5331178030234716,2.2422931571684055,-1.7359972718358827,-1.2459674881931435,-0.013144620782991723,-3.3372954437774793
-0.5846642733921882,1.3264734576605846,-0.9217038042649581,0.6997724964736878,-0.14248249981418792,-1.0903123974549696,0.6799093492753001,0.7992793735112665,-1.1587334478437152,-0.6725586749158667,1.042850069613931,-0.44298567713896575
1.6957137705293952,0.5390981403493657,0.45659988975011867,3.1899447468048896,-2.0280255423128573,-0.7107658419766278,-2.6234511142733474,1.130041260462848,0.05536356339646987,-1.9539840994347513,2.6794046098985307,0.42979253681785934
-0.7357962988089003,1.120939670060987,-0.10504495843431016,-0.3876468246242863,0.35769539740844325,0.6528807097142524,0.9756363799896701,3.1746191623194093,1.9543715313329426,1.1989837515064827,4.162740689280668,-0.5397632912667252
-1.2385996390162974,0.5024324838120384,-0.05009507488890552,-1.304732100808975,0.6701414971764357,-0.0847378019026666,-0.18792552156075643,1.5966903385270679,0.014672235715153345,-0.8282140629044812,1.786909490849843,-0.2241226010966949
-0.021320147181031545,0.4467271111689194,-1.622112839333889,2.415181002879155,2.77599879497055,-1.8205071259253223,-3.4866660323023275,-3.752823432533453,-7.356777053610236,-0.8876935689174864,3.856825330800731,2.7452391310295
3.550889802055318,0.2707892384622429,2.4348831234264283,4.200341456560291,2.93216071434372,1.8049237134086125,2.8553786673057764,2.4530204915082914,11.819376686827795,4.20013788090668,14.46946286551234,5.990930041512301
-0.7254420036679771,0.7040732110661188,-1.9064777606875647,0.435273971408736,0.00882041033955117,-3.722695357895117,-8.806849283907631,-7.244185703476428,-19.329032359980907,-2.7251315763381454,-12.388694256506367,-2.8820854749053972
0.422007829737348,-1.1481905999975701,0.014092695959706025,-0.8267031686339292,-2.294014898442925,-0.4182791758655442,-0.2720531115085778,-2.2380641258891023,-2.418530377391634,-2.0545125414090117,-6.410105614195622,-0.22865743483396872
0.7407404456795176,1.4343991374922078,0.5565733335107943,2.3927124371962614,1.6825533457711421,0.28691622702404584,0.3682436005657306,3.1400019039039035,5.2037834480264955,1.7139632627315595,10.606434732565127,1.918051762422921
-0.7438615099804844,1.3613561415829907,0.024523581322235644,-3.196232633265388,0.16730761338346223,-1.202173542092703,-3.0574244934597994,-3.8432957956815663,-6.990030654174351,-0.07151468657359719,-3.8985650113870562,-1.1498741183027874
0.6096017479323708,-2.838821416766036,0.9040643823156084,-1.9600174918472617,-1.3682794727902947,4.055335357680917,8.13364375561811,2.378074874505371,12.047270797090356,3.938307072408479,-0.09554810332070307,-1.3127673286206558
-0.3071146472294716,1.0545001957153683,0.0027656380664990987,0.4081380382172268,0.28713831615934415,-0.8700596547165079,-0.6013552814381067,-0.3864617982792938,-1.2773099023489802,-2.012072147490949,0.595946158034694,-0.06599789898871397
0.3073565671718258,-1.3558049824964007,-0.07557857607408058,-2.8524218584342305,-1.4895243535527145,-1.3921418459559325,-2.4765274853660504,-4.644840704253723,-7.420456853548894,-2.261698036689593,-4.823100836854711,0.5406192168026538
0.310690646577693,-0.40012284068654164,1.4258322499026579,0.15827017837414054,-1.7236671859675972,0.002642758201207629,-0.5113545607246179,-1.4829007182414966,-1.6517768950271052,-1.4763497928305593,-6.475515994125779,-1.4112380319824163
0.07423806939240365,0.6675116226007963,0.007121328800958365,2.6360416001323186,0.07515692809645225,0.7769571844313314,1.6899748184676229,3.071000252620793,4.353127771917581,0.3448223191457873,4.805434251995886,0.8170876329568758
-1.711583932850888,-1.1346961754679978,1.6474064044823005,-5.451737931679737,-3.715853505944473,0.8801631910998986,0.9971861725419114,0.07067251394194823,-1.3878844348980464,-2.375842809902769,-10.692642473286162,-6.135489578602289
1.1104976136863518,1.0104202415986272,1.3035473092083212,3.5197903967112625,0.5039834367915406,0.9643234632341519,0.9456103395634349,-2.2499651866852117,1.7616682445110496,3.0898722460964767,0.8010494298108258,1.3174393591756854
-0.4438523659700044,1.0914431164522782,-1.7723914855718321,0.004185617098756589,4.141535377580975,-4.290158524129188,-6.928775499305269,-5.698594346427763,-11.444385472640667,0.2834863653319951,0.8810727970548742,7.078509448986187
-0.9860776127896739,0.015048124749651625,-0.4457192162517143,-1.28667834262423,-0.8283320599134203,-2.957426237392948,-7.72007467985845,-6.504115653178916,-13.87058415439658,-1.0186411676793778,-12.224865458707328,-0.7443268254260094
-2.5065354783144222,-4.360520092519035,-2.6676925307126584,-8.720165412647939,-4.922503272819065,-1.8011999769834894,-4.831683924026928,-9.98133222118506,-21.705935297888452,-6.276157880888813,-28.635288145442374,-7.024070362914727
0.20063122403463834,-0.5549930232834978,0.6453327929793955,-1.288546746464167,1.1201893836743428,1.4112202552350894,-1.8169315491932263,-0.3164145487834226,-0.39139810738008474,0.432993971900661,1.973834479646172,1.0857877266130052
0.4387045537074036,0.2663823138037931,-1.579683006914397,-0.15966171929552886,5.239414794815359,0.47307713873248847,-0.35234587785775384,0.8899304667337189,3.673671271628189,0.24659764619685842,10.309633612293021,3.8734395412678384
-3.4059388690972554,3.280016287414466,-4.090499631256751,-4.859934956368882,0.06592658281848243,-4.338099068435024,-9.611848778809334,-4.246155994523015,-20.649910014359435,-5.635628025663888,-9.16709597227299,-3.081431739040682
0.024483403989543146,0.30601856852911796,1.2648247414248555,-0.6812817301565768,1.220102281856302,0.8794537356516137,6.327145158670145,5.142108403222264,7.47451880200017,2.5663564098459646,9.898133793599676,1.8336112750791436
-0.7918818062207993,-0.654682210353978,-1.4956682509258652,-1.5174134971529072,-1.477482566664419,0.8057796122787849,0.8686174607744389,-8.836328796779757,-7.633740968305866,-3.6780287323965326,-15.611862675398935,-1.100857684615894
0.3429771609877467,0.31199034738160514,1.4272374206799074,2.295869361741917,-0.01535351346710917,0.6486288653618446,-0.06785380833443044,3.0786674132125134,3.6309484942690937,0.35584669099235633,4.432597528173387,-0.5016941772315168
-1.0534490997141406,0.08334982621772583,-1.522672216783704,-0.7230925218359167,-0.9259853252596228,0.11362310186458624,-0.5299509236628347,0.8421175202048098,-0.12976541668658803,0.3077803909586354,-0.1404505538263514,0.20061187743907505
0.48106534700777376,0.8202780495695204,0.7659205640346567,1.9961973278088476,1.3685068804763634,-0.8348258758203939,0.5891367345671579,2.330011514784121,4.012009344053701,-1.311995662668294,5.8245741254393595,1.7310520427173857
-0.2568674990196408,-1.5419602258753502,0.2622459116691722,-3.295902894527562,-0.8507571131895897,2.212100689147305,3.932488840491227,-1.4252521274030197,3.319949719326041,0.746494454423228,-4.847815807161749,-1.1871321883914259
2.067196637244361,0.7382613001765377,1.8707292834006863,3.602907744015049,1.583943039930642,1.8815348521802506,2.994621407687945,5.707998433756951,12.118848830529997,4.213306469887507,13.816529304152695,3.072238718712879
-1.2908318718534717,0.08613883850994426,-1.6454212204716545,-2.5912155825619947,-2.203732443356089,1.102516446372163,3.3129580911252736,3.6632247762724317,2.0067022998729724,-3.965099454422803,-0.8488588580737542,-2.666819024707753
-0.38253106220649585,2.6034740972077217,-1.1964182834215733,0.9381490660713663,1.9126174934926847,-0.32060616728134117,-0.799729139571129,3.1937627348154374,1.9631408985191445,-1.6677354491972178,9.973246660550329,1.35160434843146
-1.483038581752245,-0.38017121474667004,-4.036077649570052,-2.816228923299196,-2.7191099423587177,-2.870708057806137,-5.450349139892396,-7.02745417333279,-18.69402504400879,-8.0467152778414,-14.4204313679657,-3.5146104358277626
1.8930432165907782,0.3082165167850777,1.1918951380357998,3.552418256172065,1.7774108972211538,2.843918197331839,4.12224539590804,5.1372237985307265,13.115428857822089,3.1080654727405816,13.529885017857968,3.085340812127296
1.4051865266010488,1.9955137950086062,1.6199637799137148,3.7921055647256954,2.960617640220425,0.42836565192359377,0.4732916326581787,5.161659175730169,8.949123912979386,4.2099579886221985,14.363103098162123,2.5743477303742672
-0.6618747882648416,-1.5846503971209955,1.5016402802013964,-2.8554806317615493,-1.1179526149016106,0.5403858378315087,0.4938966994949317,-0.5989413272834712,-1.507171732827367,2.070735422814863,-7.738693415941308,-0.4965417783260524
0.38561555848396917,2.075106746278823,1.7005665398668142,3.541150775432042,2.4910762912377464,1.5886249541773727,3.2324665787375544,5.1958395132454696,9.848384385878148,5.769627612225967,12.511018869097596,2.443184993463186
1.0063368920792757,0.4712387029980238,1.6577784168424805,2.9825667067426203,2.445913422364569,1.8044196909188304,2.628009271991086,5.363165457152496,12.27422715607059,4.092575997890965,11.696571051787473,1.5154589040822797
0.11698518012656288,-1.9974994583326258,0.9645502827450231,-2.036092921630634,-1.360521748876402,2.56741757829558,4.68408346049762,2.096725393412373,5.985081460547468,-0.762475528662628,-0.3556481612300938,-0.244432540022548
0.06113222963400065,-0.5076188810430531,0.45499659611072807,1.4169015556323417,0.29433575729157124,-0.6049128451590594,-3.0906980347566897,-2.478130094330873,-7.141500637160022,0.04090604652235175,-2.294179891075452,2.2934416951005567
-0.7262809267959468,0.5384438145613671,-1.3010720104573816,1.6009864381754155,0.13122547623781577,0.08379080725005239,-0.8134244865250755,0.0990650286250182,-1.5924515992922583,-0.42898029682172667,-2.89103786725459,1.730767078914094
-1.6809041851944073,-2.0046962651116833,0.18380255041666915,-5.030121530096848,-3.665063291112734,0.7645502178414043,1.1401298508704318,1.0397753997615278,1.4774833268904923,-2.869291629018602,-8.16535967775709,-4.729784196184143
1.5819760446345779,0.1795345485350183,1.829743242799787,2.4945916017298333,-1.6823727165016515,-0.9021735461842628,0.48364384068325994,-1.9790467815070634,-0.5550530517521666,-0.6182784947158033,-3.6958891957883306,-1.3087314031567892
1.6136272470884812,-0.3685073661795984,1.5690920638619434,2.4237635317552915,0.3488368789379983,0.7363756069453153,1.0136724710984217,0.6623295693508512,3.4653843592288873,2.7389730234678265,3.6161584338538737,1.7116015442484047
0.3095227389229397,0.27684900991488937,-1.2289056140671795,2.906205495196012,0.30565626161189424,-1.3469064706043228,-1.9716418496984556,-1.2243182956422332,-3.476852336682399,-1.6005827400886783,0.11292687255428102,-0.9756179742949379
-0.3885201157031851,-2.391590446178719,-0.45870219409284063,-1.3559644242710596,-1.7483107381905105,-0.7859607412225305,-2.0555955787902898,-3.3164712396101734,-4.911284398712021,0.18173899743309074,-9.423234018925625,0.2696740424603232
-0.3589358561251251,1.3589656643169674,-0.40297432017609075,-1.0024379332029087,1.9250936813133301,3.1235138654202363,4.124454229873492,5.949560038125451,11.831557094116604,1.0156362330739344,10.961999408656322,0.2525310691470686
0.601318249167173,2.937047194584396,1.8428177411923654,3.3497415224657265,1.6302854906291488,1.5012814293966499,0.49596636509898095,6.014473948565991,9.797262009765731,1.637545235125004,10.968376404445099,1.1604702540113636
1.5809501685473069,2.776688483931807,1.5090302699175755,5.2241769561576845,1.783504686164224,1.5255647309528024,2.1906978039950773,7.292654774718503,12.450349630590692,5.275243191396045,16.06466767427862,2.6047055813012947
1.487985388836668,0.6917554764012849,1.0547307201680214,3.1342243136898666,4.2049844584010225,3.729428589534999,5.406322025303437,4.137042663119871,15.062592006395764,3.2502759364880607,16.353948348203627,4.432210493187228
0.820415011370958,-1.346410482289338,3.8027383927249314,-0.7358885997270865,-1.9070959927441864,2.1222696507799084,2.677817374707595,1.2455507807755173,5.014950303666193,3.3022022237161632,0.27120104848096416,0.04781819226281403
0.3341635130077594,0.7267585506004148,-1.2093377552865625,2.467387900497646,0.7263345735046719,0.16098884330176133,1.020335390574791,-1.605007848183368,-0.023183273146415717,-1.3199054050381862,0.12089120164582126,0.7866198200880697
-1.7821264362921256,-3.012393648235159,-1.7589561793867245,-5.221929914604865,-3.295372023023588,-1.2523558870033062,-5.6552258429838025,-7.6364617593648605,-15.795635494115334,-6.5335727215940995,-20.12971981152439,-5.287243673231897
-1.1293062818904793,-3.1179653772872395,-3.4843230984900453,-3.518160808454959,-2.9959940890906087,-0.8593018731581048,-1.388739556368089,-4.539687577921015,-7.787204861665236,-6.283986279720361,-14.133311174928034,-4.033673826794868
1.59508331961756,-0.43506833416434937,2.077262985076359,3.586889153302498,-0.9090552813059973,0.2952441830328265,0.243512331277225,1.5922872079702095,3.7978054838696678,0.7000351211418168,4.663804561618873,0.6546748300362871
0.23934676640564434,-0.022975547261581797,2.022453847535005,1.0721704550224416,-2.01278962251412,3.535946113709623,6.233312001075343,6.975526594298625,10.338894490913752,1.1365729078641587,4.544451533657104,-2.6498924812901388
-3.995725142184049,0.7783017420239117,-4.146103725942128,-6.220911201637199,-3.912936838005833,-3.4477529416139805,-5.930697261560022,-6.137104396170656,-21.367989427583638,-8.035835338812314,-20.707083550720657,-6.369731232157853
-1.5948297051021032,0.45663854633087386,-0.16228873522228593,-2.0535280913223493,-0.6472855099235952,-0.5296337495403252,-1.3989159689773807,-2.34263516339991,-5.334726827109695,0.18720024756887976,-5.403078318479019,-1.7593697153006425
0.3960152067302956,-0.11450731733701099,-0.18364046166031922,-0.566172842568256,0.29941067156811696,0.6021302261223936,0.5319507477243723,0.7609122777222648,2.9653113671781446,0.880105942871398,2.2890985439006366,1.1456127753942784
-4.592928651014496,-0.6028434529433773,-2.376065020899195,-7.88640304206441,-4.553519396382433,-1.7410310687441675,-2.4338031161773324,-3.064223127069916,-16.084530422664766,-6.991689282643161,-21.21629429716236,-5.574811668677462
-1.1343966719264917,5.158381581097034,-0.30339370989240977,1.5685684039394703,3.227285882196459,0.052079627590492394,1.4485590981139391,5.659322026407412,5.4452620904573585,1.2684691500688148,14.382251577875115,3.3841480272571762
0.10255066557898654,-0.15974325058823016,1.032663057485368,0.5247964574607906,0.9813414501027257,0.5353585847843403,-0.012332228865938433,1.7641028707523063,3.216329642177309,1.6251716445882642,3.0742274288039244,3.112600834058991
0.4841681060948674,-0.10228297984474549,-2.8917238358850605,-0.04717120124443552,-2.2071996515770596,-1.1650691630113863,-3.6830256160863257,-1.037731803687256,-6.7642412763446735,-6.233882326521252,-4.663530169468265,-2.0902367065589926
0.36229430157530335,-1.117038078547068,2.9219466595251857,-1.8118287266285744,-0.5475594367315568,1.0634488264511188,3.4583610401376914,1.2759085479751293,7.277280112945554,4.3078616090274116,0.5406745643821442,-1.4676640746212481
-0.8017604943427328,0.8906695200773629,-0.11168629311323308,-1.6859807351165932,0.5345799420881518,-2.2169080274745117,-4.256763302935417,-1.397144938023373,-6.768214298940362,0.718275494935537,-0.06805958374863352,-0.7600109947435724
0.5522701083385932,0.48998505747662846,-0.0021793420573370526,-4.160210203610447,0.07437210295112517,-0.5124387768565124,-0.7931448864663401,-0.5288751225140869,0.21584330233261362,-0.9230423871300234,0.5457950472463354,2.097858361949239
-0.7454975071068848,-0.8174884167295082,0.40985503526028866,-1.4041836330169446,-1.6218579301317748,0.20636123114865673,0.033238613801024,-0.06858577866838089,-1.2358104393455414,-0.7746700828003996,-5.301990071135632,0.9242833117925202
-0.42955383123673885,-1.8032527169014267,-0.9578022827498796,-1.682096281794363,-1.3614343887946132,-1.6960489479942584,-4.363436335104934,-5.528856709239802,-10.16588652022181,-3.6062355470039797,-11.770172938028077,-0.20802068556650766
0.6792103711058456,0.447848640177295,1.9747196242635552,1.5737802626913169,2.4095879890862486,0.9053595106758543,1.7894509622955952,0.6662791673138337,5.241131543930524,4.287346104190334,7.987990798716681,1.0288453156138089
0.35562663374282266,0.3696479138631979,-1.1735229666510731,-0.20445648248905646,1.4946745815439302,-0.9650891581628398,-1.6461101052359983,0.7691881304812322,0.46751021859041775,-2.0042041730550624,3.412066798737253,3.773122564335618
1.198808896903456,-0.6041861064721078,1.5931954209851789,-0.2861902507895646,0.6206287750706022,-1.157485132928988,-2.937579900461171,-3.154504961516619,-3.6652247496558985,5.984422185966185,-1.3525802008769232,1.3709897219886027
0.3786661076098169,2.3200072258251625,0.4228828531116804,-0.5899223100086828,2.573149109554496,0.44960619039465344,0.6896919853728067,3.7502778356267688,6.280503452112176,2.932281367819304,10.29947657459924,-1.5668363479340757
0.14689712502731206,-1.1969449458046724,-1.5135936684317912,-1.903311496610685,-1.0742750739376765,0.5070864752173458,1.793165484102973,-0.21153616880881793,-0.5857973627826396,-2.8361457613930288,-1.9125654800840524,-0.8684869844620242
-1.6747792322286457,-0.14540780792394872,-2.2209476769671115,-1.4441859637432264,-0.9980794312196271,-2.596507149786035,-4.36805627673515,-7.5807635081204445,-15.645854989802421,-3.2746050690963497,-13.89350848340646,-4.638687807947965
-0.30729773290569085,2.1824212522397097,-3.97086738394551,0.6626877935177669,1.2851770842597143,-2.29271035282033,-5.673884205121123,-4.0283958453804285,-11.504513216092462,-2.560035032591691,-2.153128266811136,0.8710086503072281
-0.6341149122403625,-0.17500284340984373,-0.6304848666804053,-1.5726341187318884,-1.5580430437079777,0.001105805875385002,0.10291871640987707,-0.1311974391450349,-2.5968412957036673,-1.640352941045859,-4.468890379969786,-2.202119516182847
-0.7174823191975017,0.32441783717015743,-1.1470119177456835,-2.4894179059377337,0.22710257522429994,-0.9010815603022829,-1.0651082361113438,-0.361311999781278,-0.4548626637787012,-2.379670609080428,0.2656579339744152,-0.4884813316800746
2.9191622256029826,-0.22917571336983164,2.824568801938304,3.937050337200681,2.087405472476788,2.3001880045886596,4.9267459592426,3.647264674882339,13.49563097494293,4.602623549110639,12.878994376281984,4.468250914594222
-0.24054985419031868,-0.6006948902755347,-0.7347804038429299,-0.8945591231435492,-0.9429737176014432,-0.6611976572939322,-0.864397761030254,-1.048881656232081,-2.3767329269464823,-0.354030797480984,-3.1807158195564504,0.3645491695046521
1.5329080306885776,3.4406233485718327,0.857114843325422,5.853988755194075,5.340694238911488,0.5511872677840709,-0.2168067272069979,4.339999798074229,12.745556084330953,4.689621059541231,21.159020745569375,6.050933887252134
0.30418720517653786,-0.20007663429244055,0.9377889256270101,-0.3715163482281524,-3.0957429776120464,-3.6266219430547957,-5.834309559083775,-5.330495547036405,-15.598375287313619,-0.32956648707854264,-10.310884095679706,-2.3941019350037127
0.8906780721284544,1.552105326288187,-1.54545344989735,0.7101067873887614,1.3148969318013441,-0.4934382078171105,-0.42999841782056397,1.057785068057884,1.7283235439215203,0.1497557838662671,5.581783622242221,2.8542768093816946
0.005288143828825018,-0.776726174669097,1.6435351594902714,-0.917033503764328,-2.732026941808012,1.4286649884947846,-0.5057420069153706,1.5563136840976708,1.0722118335519841,1.9858559654575987,-1.2495026336361401,-0.5479203412107807
0.16700872208163958,-0.8528244852999519,1.3682454097983037,-1.2221547578363328,0.2662636688040789,-1.7015207912065597,-3.1873631320568805,-3.8261908117802954,-8.40091113595789,3.7402385685139694,-7.419587011085133,-1.0688807327709582
-0.015077711919626436,-2.7763049666256783,0.3954272586330051,-3.2797826774276984,-1.5028398318606517,-0.05585598747807449,-0.5048719691212995,-3.348086726161552,-4.1535881074619905,-2.0728944887184237,-8.772191962600886,-1.1678268727460002
-0.9403632243137998,0.3614486783160442,-0.6329897535092214,1.2448894132953496,-0.8370471373917969,2.7714258751465497,5.28898407612417,4.254001329902879,9.722079795354338,-1.226335999250423,3.971551462254151,-2.0542737003235123
0.5886146225058585,-0.3050959002740438,2.0606547094958114,0.9952901148970495,0.6421625587794465,1.1301480974237674,1.1493560160848804,0.5659912476644539,0.6152880795991504,3.679774055726657,2.0328074115058894,-1.334192748319766
-0.5770638554704571,1.3045908782668487,-1.5075323739338953,0.2850606288969673,0.28926022863535944,-0.9491660497433926,-1.4691095970049652,-2.542402766889734,-5.205463745538597,-1.0284395630990564,-3.347875287349974,0.14874903622676877
-3.023474909049342,-0.055069031009723136,-4.54417898119852,-5.35754443000679,-1.5310887128468789,-1.158814725152982,-0.287414790556731,-0.6386262030295731,-8.69323396600825,-6.4982963921179255,-8.863841182129226,-2.556652750583225
0.34382160573532883,2.7549351606408554,-0.4291313138990351,2.8420060837260497,2.1494020308526958,0.2987894624049346,1.430966669541728,3.2095521311419244,6.724782642055785,-0.33639133885185746,10.275561461356554,0.9209348614341186
-1.0378332538871058,-0.991415674873746,-0.03678386360934205,-2.5419838894315885,-1.6690665467326686,0.1560396386456824,2.1254624359888603,-0.21143393215756956,-2.6270752164566535,-0.1605590203156556,-5.667126988477428,-1.2699672439251664
2.1279359667133577,1.3365383241699647,-0.7694182564323229,5.276302799013727,4.558761604380734,0.4189464556000602,3.8838064945986037,4.692672020260103,12.114746542390309,2.3751180866207076,18.901081917566657,6.764167502163422
2.384415232228078,0.8056301241143524,2.3092889027644983,5.265133280576393,1.6361874478296783,2.7645862278972118,1.0160568344185004,2.74020163127021,10.956597601977112,2.1885515831353133,12.124415956759586,5.148428045524575
1.7703627040738963,0.7805448633300909,6.276893253232409,2.6154336670219847,0.4354901678038414,3.878092592241012,7.1036763116943185,6.631013961561811,19.993100792604572,8.209265077525389,12.563700546891466,1.2457827136537305
-0.30067626513433343,1.1697854302546435,0.9743153993834484,0.514955879759977,0.8122575443712606,0.5648986159582873,0.8021705174822065,0.9619450482529792,4.569734943510704,0.683999432840628,1.9881701899190165,2.050463879138639
-3.476570932457509,0.738244932043782,-3.059204634182635,-5.440068562007643,0.7846012882221527,-2.1926729866194963,-2.585230625716509,-1.2942545359584159,-9.239161642602214,-3.823296988686734,-3.1104529104186893,-2.8031891094937995
1.9423762767719437,0.2909415698636184,-0.32766710131756027,4.898284250612224,1.3500511678674645,2.5020834224301556,3.715530523679302,2.6713181609118384,7.428275304278669,-2.915701305465042,8.33424342313644,2.8813496748581264
-0.15505474229487265,-1.337543224893848,0.9485265415961959,-1.1291629011544941,-3.168415701649086,1.1010841788409391,5.2086528377604555,2.199812815180026,4.920485374190931,-0.9411975991416287,-5.394410637397362,-4.9999785732788755
2.7076948355621093,-2.732562810538125,2.63736918719826,2.2639097193934874,-0.3868212502551556,-0.1257344084577141,0.036833545591092726,-2.9138126455076963,1.667930382655706,3.238744658604764,-3.3393967640476516,-0.4136865359955739
2.62058829557026,1.843236121254318,0.8687696511880434,4.589830169298239,3.261461901589544,1.8435700995525823,4.127535215988104,5.94707353486652,14.49678871946466,3.370598344356581,18.60881995318469,5.48919067635567
1.2242398366194733,0.26566050887083487,-0.5801270128578366,2.54509152079449,-0.0404468447351094,-0.4064133836820032,-2.4798547224442045,-1.0996581059262243,-1.8327072463308438,-0.3698051513534558,-0.8524485807714326,0.904571317897283
-0.5295026517502356,0.899125358371694,1.2380484440748696,-1.5608458533329008,0.6439630055438597,-1.2013782780514082,-3.115981981354097,-0.6383496912541556,-3.5849222829694285,3.0905834665699112,-1.183570990610198,-0.6015279389459398
-0.26111095582198124,-0.0376554476746014,0.1800381203806238,-0.8694761566864291,5.185315656078226,0.21855278724115226,1.1117986784320117,-1.6731781422060084,1.689892702105535,2.547848101750084,6.656051313595653,3.0218264311851186
1.2115794719181343,-1.4498035330733898,2.1560287260696116,-0.46881087815927414,-0.26549516083583,1.181916910622266,-1.04505418022221,-1.910463193723706,4.326175601405137,1.1695425396366672,-2.3446643868673993,1.2439198942571579
-0.4559523953343189,-1.384809127005928,1.0116789924698493,-1.5007818388701017,-1.6789155786521348,2.048120226613201,4.607328407626281,1.9127615949482553,3.833065071465379,1.4836988489904228,-2.0313900317547593,-8.883879525348918
-1.0817979649297418,0.46383163438476577,-0.8106148400739706,-2.3130020586116014,-0.6762608145475737,-1.4089865943667763,-6.057764242771134,-5.12936887751386,-9.987849286025678,-2.6085089689201784,-7.966728700071563,-0.5355352430300376
0.12058981150028257,-0.1501117591607555,0.14314946010717275,-0.17075581477442972,-1.48893464453343,1.148725864334535,2.3979616983224616,1.4006948118045215,3.2223438414320587,2.2617827495880887,-0.20912167436579343,-2.9476059895465108
2.0581462902470964,-0.9136705340907819,1.6871866123875687,4.25559540331928,2.2975887667059176,1.189236299920668,1.7775464508793832,0.33389240267401615,7.396720068150152,4.710917986797603,6.7237119659850055,2.6805138063430176
0.4976784171979916,-0.01695381366930611,-0.011667717234805808,-0.06620897918241664,0.16470599803766023,-2.22176187997655,-3.6560264299593515,-3.4782350143048233,-5.606340940356603,0.08721189678572823,-3.90852832944213,0.3045724050267165
0.1509651558757102,-2.052465690636851,-0.005446087625483542,-1.5257254747963966,-1.6308686899307305,2.873450816588395,5.552405689790295,3.250565101797193,8.008455258858074,2.2918753707180937,2.7147831090962895,-1.2254711474224809
-1.6380792498363355,0.1790582517650055,-0.6685408559494143,-2.7958679137059943,-0.6828224024716812,-0.3970983957692155,-1.076949371658464,-0.9549015866786822,-4.795320503386782,-2.906190246287186,-8.992760732778333,-2.3089989207099992
0.26138353495777245,-0.6199212379495772,0.46126382983619907,-3.417184113478478,-0.38093548012296385,-0.250096349474744,-1.9727721380641405,-1.3708619575106575,-2.5460307212166757,-0.14349365986001772,-0.9083020614973658,-0.5282384123970658
3.9174225672863714,0.9041601094720162,5.033862835893799,8.312613942904429,3.869186309894645,3.1192781338513766,3.5159750437981394,4.538639854788139,18.23909608714407,9.112266082712054,18.44523284361432,9.148178821869347
-1.2723657469738714,-0.4768688726378672,-1.2558417709733922,-4.55411951429353,-3.371546036556648,0.4638347821783366,1.0117965906893474,-0.16914258586129094,-1.1604949248358214,-4.015497455635422,-6.475871291828861,-3.502575404032571
0.03734814442155849,-0.09382695235024531,0.2743618529242898,-0.07172140802053192,0.9467521059563746,-0.32116198208934427,-0.5227716670565324,-0.515968585598283,0.6695611545439284,2.8705414328976637,0.754629149964504,-2.259183695183995
1.4054614573408495,-3.761833884385865,1.5591018852881808,-0.7825805197932332,0.43278501725608565,0.03207075998890774,0.718843982836214,-6.564150319241435,-4.0747488688778315,0.22490954873986757,-7.307836832909292,1.4124781877925128
0.6568870677937245,-1.9317543871750023,0.7889091028177766,-0.28134150224459137,-0.5651076681874048,-0.8554939110205864,-1.4852465756232551,-5.258903183811806,-6.969586830217817,0.7675766842314157,-7.034250206717138,1.4934490003721068
0.5009272447417278,-0.24208797813274097,0.9667505149945125,1.110717273841086,2.589207171758726,0.09319472656026218,-0.004607000389956317,-0.3778367607647526,2.038969365632528,3.013363774162958,5.1882426404743045,2.0290855259278713
0.5191403756645447,-0.04094943031251015,-0.28135747906624936,0.16395234164528405,-0.8446979100976961,0.6433244919051715,0.9037427935676023,3.0523724906111003,2.3101717637216153,-0.5096623292081969,2.5040063573985436,-1.9041709152855388
-0.3299185356954412,0.22319492293196802,-0.26943318544723865,-4.277914596221582,-0.1257753406568287,-0.22875712893134326,-3.341878474526797,-1.2564736250924813,-3.8382423493727447,-1.0915901112558797,-2.0484889379690348,0.34074255754245725
-0.5324175804583481,-0.5390105166847274,-2.0432718172569513,-0.7822785232869189,-0.5516225037086526,-2.079298533231758,-4.056534778374754,-5.949711880481789,-12.988761627007017,-3.2624074344231344,-8.836884476553669,-0.6686898618695801
0.9642273266997671,0.4942369338292408,0.5979944718703702,2.1411745528279473,1.2409676054290606,-0.7234533854362988,1.7647589452647034,2.2668784643651874,4.745929528794879,2.6828537852336036,4.3972260167263055,1.9906823475891833
0.9681810185270834,1.2738403238431573,0.8391830605841193,3.8720521757647717,1.410199345343156,0.12325459113161413,1.591623861823265,2.9605896354310026,1.9126268707621792,0.989496425260298,4.678338308290182,-0.2534814440830715
1.3248028668079694,0.8203034581376255,1.54551434387323,3.9933056609397886,1.1707159968495442,3.09608059082985,5.028950827466806,5.959059133716679,13.851950935098289,3.7483950407867335,11.92114630152003,0.8234240204991632
1.7514687812766907,-2.5353037055378596,3.876551343729509,1.9090500995939113,-1.9269878669618756,2.0739623670945715,3.841420487192559,1.8800204912810987,9.631246295378002,3.9121622982123148,-1.3169097019981502,0.22531647813821948
0.02294605637295838,-0.03976641172338184,0.2452532420178255,-0.026193498992026575,-0.2560192460683872,3.8951444405869324,8.038107120535154,6.832428955972093,14.66156916962143,0.9004437010299376,8.31692405857346,-1.066117505237323
0.0030371969912539594,-1.561312936899535,0.6705565218651286,-1.766676820579479,-2.250915379958413,0.393942783356937,0.5680481621526273,-1.879126035568738,1.375959502788543,0.04232259829762286,-8.215239266361614,-1.8177348310204196
0.9078027517485423,-0.7254843736034717,0.8228783939355367,1.7783859613054407,0.77079554653066,-0.5060818914954894,-4.216834744354212,-3.4935432339102275,-2.9512018818696335,0.6415279223813726,-1.9934281414842725,1.502609465938799
0.3565718943278549,3.624035474669488,0.6305203284305014,3.6754829665445277,2.0108632198179412,1.9231622784052615,1.4793893945833365,5.968915575859091,9.403243546291547,2.178900557331555,12.729484994416513,1.3734668965396717
0.5174034679515718,-1.2552973770867675,-1.4910705032434617,-1.2249644090548097,-2.674998776972571,-1.0252665840552893,-1.7825543082417163,-2.9115759226346274,-8.525357323548372,-2.205207678004926,-8.348593703682957,0.5444776348940847
0.8954722943942595,-0.0022261691741543733,0.1235280691246663,2.753591061316727,0.7634768039710824,0.6216891675643684,3.8885166148827146,2.775350151801057,8.290918644298266,0.4771223996031849,4.754760092089089,2.546940984429771
1.5141762957868214,0.269595254401341,1.0281211732328994,4.251326825092586,1.5130770131974796,4.074133768035778,7.655300962615846,9.537927666679249,21.918244361848245,4.941240209439117,13.945654408600639,3.122493922450618
-0.3915765318834418,0.5190761342977929,-0.4060893870245214,-0.2789329159519184,1.451461027814897,-2.555814600890433,-6.449073599263094,-3.152380037262399,-8.141765526079984,0.26519549671741505,-3.763425749627989,-1.016373560879725
-0.2861287391257091,0.12703524347816525,-2.649018618065955,-2.261583077792622,0.050032838604164936,-3.3177648880634676,-6.8072737231565075,-4.488349573195493,-14.359856291097035,-4.607025197155691,-3.3943943812748523,-1.7559038728009668
-1.6715054639638538,-3.9352048992626343,-2.764710017698292,-6.533355979077181,-4.439883718711012,-1.1664031785373155,-1.2695356968387874,-4.6745916292131255,-6.3164796788906425,-6.487395075706723,-20.06405407031461,-5.061886495508102
0.17026684604948936,-0.42629666134051464,-0.43928806094791567,0.8494346287107692,0.7473190272567394,-0.8510404112019754,-0.34860193389774197,0.9970406812196642,-0.36458357325807433,2.2313918052449337,3.177432630127437,-0.381155566142687
-2.632693952603296,0.03606591301273808,0.5160182859698517,-2.8035539914858623,-1.8140087324514746,-0.6718080440171373,-0.9133973331661451,-2.535492314912756,-6.795709238439074,-0.8932836079688946,-12.552475119908681,-0.6069310175755804
-0.07128545860238174,-1.7387894910096693,-0.4750683561897143,-2.542567644339223,-3.1523824452265155,-2.8421492646975723,-4.658792284312904,-6.934365325825557,-11.90533708827311,-1.1952695556867716,-16.991592834838574,-3.77099507237416
0.08914740512718068,-0.3548853142554276,0.04299047128743621,-2.169976311095606,-0.05051966377779807,-3.103379022654492,-8.329615287880776,-7.142932912404325,-15.096929196700865,1.461731755191965,-8.89962473925891,0.010409840379319135
-0.5567255861462982,-2.7119645885893666,-1.4329051973757807,-1.9132575500139266,-0.6769829021840013,-0.10966092774999481,0.8772954279696441,-1.228805503447294,-0.7122762750963922,-2.5992655671099785,-5.2317410189895135,-1.3468903592563763
0.20048534958623002,-1.8505100095063145,0.4294084526118303,-1.5306562599891635,-1.4254165124716618,-1.0420662549632767,-0.9737904938597071,-3.148887129781695,-5.065974695656168,-2.112652233425929,-4.91004680021052,-0.658341103553373
-2.7968732201194704,-0.23086509534996144,-3.0737544495909654,-4.855713759520646,-2.7343602476649647,-2.009969579045983,-4.193406073934177,-3.240652739895564,-10.798099816848318,-4.996814827653705,-11.334614181991133,-5.986296132413807
-2.594323682016174,-1.3263984448912616,-3.197510879313546,-2.8080345942977494,-4.104692640370074,-1.7834763094877322,-2.5971601584275192,-5.2921387656783585,-15.529300710089595,-7.059328458675543,-18.087514858951273,-5.720485642016891
1.0362041889781908,0.14512022335817526,0.9585798919033917,-0.1329622281973304,-0.3320236596907521,0.4513525094077441,-0.050666907248368864,-0.2779275167495114,4.111888430727523,1.8566729634500323,0.9619549279681232,0.02444083687608556
-0.3279746476634426,0.47631138259848854,-4.801542736815571,0.21306324483212824,-0.03930896064814868,-5.950372150785573,-12.984879886798598,-10.111544793668209,-27.744706588569695,-6.27997283615356,-12.81301222700359,1.1792902474328346
-1.3699446478690982,0.919228538550814,-5.400825572747273,-3.4262357076761627,-0.12341700296529487,-2.5773863279977163,-5.444535468241157,-4.906932483803382,-14.185585605584912,-7.004928200607085,-8.199748238596685,-3.7921589361207264
0.04550640771907029,-0.9155397926755349,-0.7846050889637752,-1.0110378996875304,-2.4543956236742543,-4.3580027826487795,-8.695512995937419,-9.071578991974343,-19.026109960821152,-1.686428366820897,-13.892886960482407,-0.1975050854469107
0.7765007598857898,-1.0937287390770594,-1.9181770548421562,1.2939533557371277,1.8888825277015187,-0.47079978921833554,-1.2204976381775399,-2.784878157203458,-2.7855385216632884,-1.5678142656217602,0.9191508851534287,3.3002485847951224
-0.8401586106006933,-1.5647720478469975,-2.282129166304107,-2.937141541100975,-1.0328325080065588,0.10186324072042119,0.0011369632767554705,-1.9363558085601709,-5.2115307603881575,-3.6656349959539214,-6.311318956433722,-2.0820798896336257
0.28207243809654736,0.31863693414418504,-0.1372529799882133,5.9358562467184415,0.627055968653461,-0.23101169603293445,-0.3891501695240101,0.5040045275701734,1.1287409647490567,-0.07776471590523709,1.6342730870565432,1.6166246930204649
-1.7678773509260801,0.5326477589516538,-0.6486305729253369,-2.404452880515877,0.16318435554679278,-0.3363273334858873,-0.6392451921953736,-0.32766589391450585,-4.4337241598537185,-1.0375396555545935,-4.916992342300301,-4.164867305820249
-2.2695039351562984,-2.7618895288635197,-1.8700665241838943,-6.70811303592261,-5.48817693671077,-1.2293855600433512,-2.776317675628159,-5.159334281020678,-13.970919657804009,-5.680019908168802,-19.410172102935086,-3.7002828244949635
0.06476176006557549,2.0590468738889625,0.08346558150775812,1.0924091140265904,1.4903925940559024,-0.19772552584417047,-3.1892657512582026,-1.4156845290667066,-3.302113020699664,1.9760837616899458,1.829811544554943,1.3211897251016578
0.0847632621347968,-2.2639167698517224,-0.457112368665353,-2.194029305243622,-1.275484914386205,1.2019971128635887,2.350427251120561,0.6753854663035647,4.804824950740276,-1.6848009659731562,-2.8091291208451015,-1.46303088063886
0.32139026764467066,0.08620370753567673,2.2783447864586286,0.32597061197547816,1.3682054817648575,2.9909152683379907,5.027516644310772,4.568989383346344,9.343422974673564,3.7941336172140976,7.225324809087221,1.0671000018334806
0.6018133823567389,0.5414928235012939,0.3065197340396315,-0.4903865785468877,1.6686848720044027,-0.20426134113410258,-0.8745801780225312,0.28759329011308754,0.35981416151769996,1.8261248775769476,5.817645055212544,-0.14459528549398226
3.030409828140045,1.3545563718948153,0.9571838653433082,6.020542568494764,2.6049623814644804,0.8666791754481159,2.8484015680081045,4.21209597435338,11.257207524145077,2.191911875016805,12.589824999257367,8.57694653469676
0.03314393867041084,0.5589202923120807,0.2963297006823753,0.4714176142427913,2.5638529147159184,2.1102233110134248,4.392323798493194,3.5792547190123987,9.178311190670655,1.3521483052707943,10.6290171081917,-0.4322828564857706
-0.437090542976137,0.9249686920367804,-1.8699571474513366,0.6587629622221985,-1.0414279557943993,1.3963725832472857,3.713507180971373,5.460336968987759,5.661603410332837,-1.0074514421691232,3.33138615239695,-0.8519208069299717
0.8925067991727408,-0.3872808704547641,0.42619745302077605,1.549765459027957,1.759309716343777,0.28752328489689916,0.4957005823476415,0.32440164870923827,3.0815429039898805,2.2090414014697437,6.3232455798147935,2.0767583331257327
-0.6131084682344239,0.9933073887879779,-0.5323003412827569,0.37108856225638676,3.1161933892366016,-0.4356239432182029,-2.1062470364761148,-0.6013033588418496,-0.37157018249863083,1.3864831968578306,5.281166638134288,4.2841559535864
-0.13017378836449905,-1.8311469133994343,1.2639060971240852,-5.914895536327338,-2.458248889032204,0.21455095649069078,0.8757282450057567,-2.29145541952647,-1.4928931860732946,0.466954639995614,-9.7279799622992,-2.818422908825959
-1.8520652797563188,1.5589031382252712,-1.6660675117036894,-2.6057971034166734,0.36209277830388764,1.4446252363618162,1.6548838315638785,5.65821950800131,4.524809872194741,-4.744880738008893,5.754982491912686,-1.2357624466809694
-2.9818000427614493,0.10002450231898422,-2.1430477182801178,-4.575996735243266,-4.625459007497728,-2.607901178104734,-4.712632971289099,-3.5393047698749913,-17.408638523437293,-5.286902379802282,-17.993907866802786,-6.363319859920358
2.5942327427086567,1.0067504291055736,6.558373113323459,5.246349873420404,2.415077732022007,4.320161978507877,5.559440331129162,6.099997093648043,21.164175541816068,9.869460650556512,15.542897314786666,4.718191554145925
1.114620461555117,-0.10022199711255214,-0.34081999287224707,-2.7428202031644875,0.7751807785358791,-0.7862185861877667,-0.3314606152043451,-1.181469276487288,-1.427443987833562,0.13290032676967106,2.935786603780435,-0.404579561588837
0.4974955522393964,0.3384918211601433,-0.1547698518552228,2.0787041819197345,0.7845108715984453,-0.6812123577000836,-2.5771262766804757,-0.5955467166311037,-1.0000457962724651,-0.04979189719079019,1.4782636283933173,0.11823287552101325
-0.20100799933004557,0.054250633398824265,-0.416207539692517,0.49561392806231547,1.9471089658454925,-0.47392568822261694,0.8072144608144339,0.723807152979538,0.5942520588958206,-1.1595842672394356,4.001476916074744,0.5624912393958351
-1.0596166773626998,0.6220906544269754,-1.115779926410963,-1.149454044769303,0.09825375328962793,5.321019074394223,10.663919062890775,10.91014201158549,19.19270233426534,-2.315753699936474,11.19029098590371,-0.18659274916283075
-1.161954452631445,-1.8124114770913833,-1.2330759602818318,-5.574628346650091,-2.1993352960542625,-2.98744035612651,-5.328710724687614,-6.980815199204454,-15.833588812916275,-0.5978824321006604,-15.747558866326049,-3.7602021291350405
-0.6921760595922082,-2.11441261973395,1.070792558944059,-2.263358278768212,-1.0705703757547678,0.8478443575089099,2.1623232186050525,0.12759556064770416,2.658565743021109,0.5140117496256101,-2.741675253553548,-1.3072623361757272
0.10364346775336915,-0.7048018976535136,0.6512382963758981,-0.25828377242439204,1.8788585988637894,-1.3892216212969546,-2.1708189241621723,-3.122915656046312,-5.334590586089248,1.9079088960102157,-0.8912316845556532,0.7727766548930631
0.5607021072168302,-1.1422840893237889,0.7435639331922381,0.7800316341747836,-3.53764432973367,-0.7041968464107947,-0.3069727479322515,-2.6796788211392712,-3.765344879818626,-3.4555234909202435,-7.3048042787604555,-1.1059065687286038
0.38624316913685347,1.3608883764424533,-0.13531670816224123,2.5465828528101238,4.621021270379781,-0.2143746250202242,-0.5237427550298372,1.3007876458094476,2.1471809096103103,0.054432361907332805,13.790058766954246,6.244133812186721
-0.580054605460682,-0.8245597344441795,0.5252011298980512,-0.7738589691217059,-2.7795358280404807,0.3531752111061507,1.4690123220602502,3.241718563051525,2.800588284691738,-0.45293138463499916,-3.7984639113445358,-2.720191930490108
2.404956317996361,3.03095562887415,4.555855478570729,6.767348264180636,4.942635624481711,2.221637464397869,3.8300543342665048,6.313492310475643,19.6025860158237,8.911356612399459,21.34712411177097,5.73779024385337
0.6458702243152811,-0.39483443912032845,1.604807605451402,-0.5216433179449753,-0.3923999689851806,0.5571416969399934,3.116565631721174,1.655327738110388,5.288839344062679,1.8286763894914058,3.3743711550003734,-0.521151416802364
0.1150833013713859,-1.0099537327350305,-5.663936479896573,-0.2703205069264138,-1.977416898249809,-5.329829097217665,-9.403400751457475,-9.40789872100257,-22.924902804532188,-9.161920536984018,-15.850523181696264,-3.814138334839833
0.25288329147748956,0.866065917034402,0.5442706422981748,1.4627427172853522,0.6835809773561556,-0.15606140045323885,-0.3522331805324138,0.695001623844358,3.134985248522599,1.7842379655148393,-1.7340699973165492,0.15150018122202635
-0.17530607312077112,0.38186902478157325,-2.436602374835003,0.6998860843703408,0.48785812526497874,1.1643846089012526,2.8925873698163898,3.964061273749654,5.216719909184529,-3.904838650816919,5.110908925119159,0.614071000486393
-0.7022646607448583,-0.003615093677765233,-1.2899843855171154,-2.273029732136763,-0.7878020222686879,1.3864384304972694,3.469355398473584,3.6118834374838373,4.68691713629276,-3.0959900958122497,2.0889318089377795,-1.1756267929308493
-0.339754115876862,0.11735111855567544,-2.4314671728535853,-1.4148618700846793,-2.378569763796286,-1.9380184956389432,-3.2938052841666057,-5.143871916004383,-11.128841232982586,-4.637527067540193,-10.284250545925167,-0.0350546080648928
0.7250346671967677,0.5769717591690211,0.879813361133678,3.2520625805886763,1.169343763177055,0.7090302180585601,0.22448846772844266,6.937628650077086,9.373480450660502,1.2789026508999957,10.816123053584803,1.3423028512056936
-3.5478321725929343,-0.7832699762780994,-2.6995522681746698,-6.006506512235453,-1.5261573949444833,0.0036514603791990563,-0.06023320852999226,-0.15252660820282538,-8.352415912911383,-5.082115690476327,-10.490386231842438,-3.806951678436111
-1.4603918920377672,4.915484051487759,-2.7776264797074535,3.524408126503479,2.2248539484334113,-6.148691501605015,-8.065096869475276,-2.0484615751598367,-13.48141026513333,-1.8496821542177995,3.982894007319028,0.5271063506549201
-2.385909268326943,2.9874927973301495,-2.393948868047031,-0.6993853422218815,-0.4189627143388681,-0.5422701636255334,-0.2487501179375149,3.0150162522392856,-2.537485361480791,-2.954223792135619,1.5907646234838206,-2.3712045223148803
-2.5076725825718222,0.35760590957261157,-2.3298413063727117,-3.7213472951055113,-1.6958633113011263,0.7975670278316087,2.3767315661072956,3.496310230078274,-1.8128952778427474,-2.962788602156131,-2.363985803509631,-4.163373266779268
1.2410558530557134,-0.9185810981158774,0.8040472081002925,1.6677669577029473,-2.093790683497164,-1.1918555160944595,-4.820009889892878,-5.991490003048132,-7.741352112702133,-0.42846154865694736,-9.060266805014702,-0.725680471731645
0.5230934311407431,0.4470006147154234,-0.9517194569353566,2.7843252180321376,1.7302386994514098,-1.732105541374768,-3.1134078819321176,-2.7784867763295984,-5.230052102666529,-2.0845342463919936,0.7215365924122462,1.7961855665325404
-0.05303411592307263,-1.9351900890657177,-0.2241978443368135,-1.6130271812674477,-0.38208075897786764,2.402824215398237,4.573904388030237,3.5143453026417557,6.190163217876277,-1.1219418817321858,3.1558937716528437,0.17712541199612125
-1.6313342914592532,-2.7918938013360877,-0.7581908207837587,-4.9024251240438215,-3.0196544645999515,-0.40128114293716743,0.37310343993901574,-3.8760886932910728,-7.225256464714626,0.4105042716788949,-14.775807035187624,-1.728014294979563
-0.016910428499815097,-0.6628783837786951,-1.9669138231636971,-1.770848254796252,-0.8400481609416403,-4.8050893283985285,-10.769909140038944,-11.787834760778617,-21.688477008248036,-2.8108751375481082,-17.139535245583374,-1.114560031017367
-0.05451580577695731,-0.07769572439286906,-1.8789923628056049,-0.21401077763572643,0.8191233407616331,-1.8509779585649238,-2.035711969244122,-1.5589457582336768,-3.441391768770229,-1.3575514139711111,0.09551797450501898,-1.8537491480996606
-1.060150306104935,1.3338727446308956,-1.2893809590487608,-0.06187024566992172,0.3065761207989708,-0.9206344570147491,-1.5176858324623828,1.0587344800486584,-0.2144121494809812,-5.679277966644543,0.7972753037113258,-0.6720989650892635
-0.14190544478857448,0.6057557982579436,2.022788210392246,-0.322772137570863,1.3899432661551634,1.76627372514407,2.1772615257266796,1.8780911145454027,7.52438794885635,3.4682590343194666,8.30031226777683,1.0999411780569295
-0.226888719717016,0.6643907241893766,0.20868799713420522,-0.7078560807260679,0.6201692869589316,0.7598931830595052,0.8818357106536922,2.916917902855068,-1.487872434013914,-1.9449955675369932,4.395202896541622,-0.7797799089490974
0.2635752523531893,-0.16135881575337835,0.6773956697657654,-0.16030316738226885,0.9170390967598894,5.12149014567132,8.436324186878199,8.383127756073367,18.24095098765473,1.5732355450835844,14.162842602353205,1.7080282049672162
0.31496735548096666,-0.3683572238289,-0.04205813238835815,-0.5164304996573306,0.18310702634738177,-0.5799355051083609,-0.9564667303907108,-1.262126841448354,-0.7650494570792514,1.9001083573458368,1.0838555984212777,3.9220493140171477
-2.4012125539113356,-0.2983015588343842,-1.9358029387670774,-5.175708054188182,-2.1592600935409703,-1.1442980732894628,-4.282375876440543,-2.426208451846488,-11.368446556620945,-1.0267651173471544,-11.619271232070705,-1.6021338450243192
-0.2887156340553491,3.7009167109565593,-4.156685504351597,2.5886502755989214,4.943640621476965,-2.5588915168539135,-5.6500023201383325,-1.1580815998311953,-6.689512967738919,-2.2133863311502675,10.318440658676728,2.8362545717691967
0.28997781422278324,-2.5230025780934313,0.5765402996866144,-0.026813442016799804,-1.5286003367818717,0.15536066075318158,1.255156159471686,-2.773803125977683,-1.3954299333106293,-0.28218288752295884,-7.35981371900281,0.39737168816314394
0.006292272047844261,1.3244958111957936,1.7576199000415902,1.184748888934898,1.1993160463900925,0.027418304354245526,-1.279009055237533,0.10602530033087354,0.5064353252148454,5.183830344642034,4.918752406536808,1.5056024726785657
1.2482022726154938,0.17120456079271704,1.3691754434339691,1.2870648508015714,0.21741255558615724,3.9647590947565767,6.212585162195619,6.265003357080623,17.079937708516102,2.3081820505989152,10.021021098206054,1.1555493986570469
0.38182758349505264,-0.13098510758532053,1.7167403976368267,-1.3386683843824947,0.4736609127845403,2.3116616812669584,3.9685737403712773,3.6693465425478253,9.461728882375796,0.4400711976862044,6.572675616480525,0.7985725041109626
-1.1212602663988818,0.598774386928925,-0.4066807978479605,-0.8781189250985423,-0.23146695637872866,-0.26044378336948515,-0.4233080372980147,1.1657207248949102,-1.271919386147965,-0.7316096984769708,-0.4744671440788,0.046902531786015444
-1.9580207233129097,-0.027023998238494842,-3.1701217694298656,-3.6096520217759775,-2.445707320645714,-1.7728660000742742,-2.3695428112549726,-1.6345448773113662,-4.576848025124001,-6.27321820649375,-10.399340199441152,-3.714858133834067
0.33524696654894587,1.373759160707821,1.9335044735979214,2.803129712405771,-0.8877250177892957,0.43385598563517236,0.6518951986907388,2.2692526194223634,3.7801218999845227,1.8669201443999273,1.5071951752028054,-0.7246771407583716
-2.937036643597339,1.6164812990604294,-4.639728049537137,-3.1785617465871634,-0.7423020243715179,-2.8415952650672374,-4.131828376554143,-1.6457447113221613,-14.11301289845887,-6.47308417721415,-7.2158403503202715,-3.1479378921880627
0.18820019724734535,-0.17026431387497926,0.23833235590634755,1.067575105073202,0.7637693418348279,0.6448725102270423,1.404497471528843,0.07882805273298032,2.3162168144938273,0.9493552900577371,2.42955283645476,0.9549333595012761
2.1241082748272055,-0.5912124561837471,0.6380751037489285,2.473680182825929,1.1723741927436522,0.4341957863843996,-0.7225389765748387,-3.068513631239148,1.756263938715751,1.1920397813835877,1.621084731375459,1.8106229660237048
0.16363526501759915,0.20419994138096398,-3.608400345565735,0.9418579835646163,-0.5232523533082838,1.6597179350987301,1.7570000900065377,3.6449271826565663,4.681638130924168,-6.041841901513763,4.340762527740928,1.3345255661562836
-0.25316490053232127,1.7414087589636529,-0.39548609289870573,0.4574105360681857,1.4805664813061554,0.0018804753410089359,-0.13128976451800906,-0.13527719902787827,0.8884150181714924,0.4043938786436953,2.6037871165024535,1.412824791347575
0.3376799772850367,-0.8643522478892659,-0.22609561690293456,1.9203176406313893,-2.2101496864712944,-0.4414149151364072,-1.0074487624790855,-2.473410545647379,-3.5221840448761785,-0.5555938149172692,-7.145377803896575,-1.1943957177410303
-0.08718690404847548,0.2822742771396302,-0.1062178730072359,0.4178873831256975,0.016936010869483403,0.7187783654591725,1.932063728454188,2.3592329086466024,3.1444045471625888,0.2721547991367628,0.5275428971595977,-1.6758739253058388
0.09566718001637486,0.30533081966559816,0.2530971336765566,-0.0027494517029553744,-0.8276709245990901,-0.9160842746698784,-1.435384868379313,-1.282643672201,-1.7472751793378187,-0.5714700036531499,-1.7845317556640907,-0.3562710231779188
2.1449799656730537,0.6277828345669103,-0.5218461370022698,3.5675433322127947,1.024913496258515,-0.5925351693617941,-1.2955955856070718,0.9360802465864715,3.9687020991118516,2.0061449488393563,10.643371215322848,1.262129807754909
-0.25850486326450123,-1.3350866634284582,-1.633127673401452,-2.5700284293760087,-2.060249303875842,-1.397867628108852,-3.533353174476476,-4.838600605036828,-10.984297590073096,-1.6021746059788748,-11.12777583657465,-3.7454299763352883
2.555944680946809,0.5650177285671644,2.406082875119211,5.320289609177454,2.020072912959288,1.3745004061729726,1.6275242865970476,-1.3453544434682438,5.193036801964821,3.434205321017826,2.5780725170808028,3.900054928182168
1.664429003209974,1.7041060257293001,1.109210436956069,3.48669695028538,0.17016450691649787,1.5303482370283117,2.855752526162338,3.890985650619575,12.413964871097667,-1.0196369200923519,7.555875622117917,1.3565445025481704
-0.9375596462185504,-1.0234133053208219,-0.22369719749299188,-2.2739191228199394,-1.6547130462860902,-0.17358748768989024,-0.47155893567453977,-1.2866460538465414,-2.4053237343217857,-0.6351068313131758,-6.3260194349319985,-1.9567002526540271
-1.9752790107168259,-0.744258070852018,-1.3998080807698943,-4.636146215295315,-1.958688223085891,0.0018411056173791573,0.03354846347568547,-1.046421721077678,-3.57208860520985,-1.9169941446736618,-8.162565410726444,-5.017041282727237
-1.601688006906111,2.861029858301566,-0.25451056698407926,0.18198290022661834,0.8664499175145695,0.005126382443887606,-1.0658147854044988,2.4643535285644873,1.2859286753320458,2.947468542367118,4.6137760844598645,-0.8251219406849829
-3.3119880111957407,-1.0162384083606546,-2.470033452547775,-5.509888177630745,-3.423331708754513,-1.9411535721763713,-3.020459628364657,-2.630275273152325,-13.081945216062339,-3.7289444948592907,-15.992326849630855,-6.686468851809861
-1.6666120360405579,1.2336425871967127,-1.6385319693628153,-0.9325967017069532,0.809073635729487,-0.06841045164763104,1.1007009567337298,3.632509003936092,1.7062950929903613,-1.3758150525013275,4.814723086880559,2.878239476301821
0.455727692017222,-0.015564792462396646,0.8313094974094108,1.4963610836718102,-0.91382227234303,-0.2155658286718375,-1.0410874589786188,-1.3846504829633428,-1.4624474118121853,0.5671892382686637,-2.2274846690591126,-0.21911408676874775
-1.9492747244532092,-0.7042846752244619,-2.3362936463424266,-4.900450912708551,-1.9229817722024545,-2.278262465088207,-4.024836185559099,-4.572413141952138,-15.575422641393136,-7.04458871103952,-13.049923430185185,-2.772342832167137
-0.4494933926189664,1.352858821184903,-0.8911981748912288,-1.310106688608309,-1.436018499570253,-0.5543703076026524,2.041851581890651,2.3586384743436346,1.8666199886870094,-2.720194791184722,0.38038929568773705,-1.9834463688235109
1.1703788595373321,-0.11584808512516948,1.907311264556939,2.389697488201833,-1.1782261797995175,0.5551398621207797,0.5708133002381495,2.8408981591218883,5.250402412474128,1.634513220683034,1.8245255760350938,-1.6119022620791426
-3.067359938670631,0.030082688541172888,-2.8511472331293692,-5.478481495163705,-2.0601495955650377,-5.810259406527303,-10.010061903140492,-3.5041148002699103,-20.672539687318128,-4.60075564084016,-12.980998271514986,-1.2860246241790274
0.991383325626013,-0.3306358670891748,1.7930926891384056,1.2454968212835713,0.6268196053823637,1.485418678593294,0.9003915642256819,0.3498411497765419,4.679218922410652,2.794320361946624,4.387007615896989,0.8059245744842157
-0.5732161432064542,0.20567416212513331,0.5235712980292446,-3.5673277619196337,1.1408090710727865,0.35344012796322155,0.8600360575287891,1.5397670718982854,2.3543322886458635,2.0281535581216312,3.0645018599499276,0.26737070733162227
-1.4425276043845894,-1.1176491090489327,-0.031836660014375795,-4.079400390622281,-1.7402959977860566,-0.13549805355087793,-1.9572544881487701,-2.670556958940213,-7.552127303082905,-1.6817694240556245,-8.247941176207641,-2.300705472624219
0.500008227879968,-0.24569202654072572,2.2376689770995744,-2.065438655467333,2.708098576301077,4.131804900912969,9.775102723172722,3.8601226623589326,15.947921819233118,4.648056666793091,10.61099116337044,-0.3770562380321065
0.29825199587327483,2.7940108612611985,0.11767306163621455,4.372618241560503,-0.08854503785189616,0.2280086889068439,0.965539553997815,-0.3535995308741908,-0.24616998868603268,-1.6392778924504352,0.48034787075691976,1.1540728479949836
1.4062686335270012,-0.6611314661804584,0.8053424779042542,1.0847868147735762,-1.0803669911475031,1.8069211882698863,4.037352672834671,2.689490960345678,7.2725920510249,0.1809943465846732,3.2797612704726458,0.4103525990010752
0.6351463982044552,0.37611020395715744,0.7465075820141079,1.5277473030396056,-1.692469600737061,-0.8049569680681118,-0.8914082309829438,-0.6479100057340782,1.3902902209800632,0.616187712394338,-2.732393670742382,-1.4136684448457584
0.9338486254340331,-0.4301982740298744,0.5355731616766677,-1.345408201801906,-0.6216632027200375,0.48756939048867187,1.055479462542516,-2.6342475285612705,-1.2884180228395208,0.7944784125505113,-3.405329315657527,-1.7939704357229511
-0.5725784372279803,0.79174451014722,-0.28522718520944984,0.1288064572111287,0.24080109712558467,1.1513307486917603,1.919765446690426,3.1308276779221296,3.664869123341751,3.760795397341504,2.414251195910272,-1.4218118031018316
-1.0359781459476354,-1.3403756625724867,-0.3950504346953253,-3.366646410121458,-1.3833044585610772,-0.06797601188201563,1.1418365167453295,-1.3210843715259621,-2.503107209208217,-1.9349880238824935,-6.7409149356518485,-0.4556288105622912
0.6956092154454794,2.8074632738644545,1.093775825848616,5.2264170819593465,0.14561022154616632,1.2642381837592669,4.673530212999199,6.571110555009348,11.74740234299158,1.482450607613839,9.066036903437412,1.1831006749380546
0.9510620026834745,-0.0969745730946989,0.5600034137848968,3.024315338769434,2.8499712569058318,0.058437946988808,0.10086938259182768,-0.5147148551651118,1.419835798438396,2.0351152717550103,4.472117255772491,2.4413157445058666
3.9638577095802794,-0.7505624885152202,2.4405232408077895,5.631668338604026,3.5067323172064793,-0.14504255357253948,1.7331400459176445,-0.9725297521527302,9.059049328089168,5.128241659029459,10.884424520576735,4.233981422621185
-0.19208665597027128,-1.9173669471960717,-0.32104120957949855,-0.3855395722398405,-2.0505005643665215,-0.2909194155156582,-0.32943931051156905,-2.5920643476833845,-3.382609357716164,-0.4081985882729442,-8.865351048358432,-1.3512498463539206
-0.29566562760831294,-1.0802347640689212,-1.5185045332792744,3.421406704454683,-2.8664114423062292,-1.197042266824289,-2.02585635694935,-3.8223614672155963,-9.122713562638346,-3.227076147452339,-9.184631057044486,-2.4269090926125143
0.8048073227836415,0.04035116486963611,2.2333478973960768,2.4517019580047252,-0.4620716731055746,2.7366377895619047,4.718604352832563,4.5565549662851925,10.872142743040452,4.0193166650209555,5.717698983906454,0.10636551191878157
-0.3833019154546197,-0.3945157425021253,-0.7106429383303169,0.17516993039033402,-1.9365747141693612,-1.1667287616293052,-2.9233045751659805,-3.757654686783608,-6.005322595098919,-2.9868154167671492,-8.3049269718878,-2.2220493700036545
1.976990743839382,1.0722627035622119,0.5899053716526561,3.5929053074300588,0.820947462523111,3.0830182311643983,0.5223989283499977,3.3749596996787035,10.257832120327981,2.6271434824784925,9.405993924613359,1.5352299119046877
1.2616919766063037,-0.14876100835787995,-1.851846448314053,2.174858106418236,0.8522531372073219,1.309492092507916,1.5758304861304528,0.4188066132856032,4.0821662721434,-3.970738120532738,4.50088196061499,2.1940740666864373
-0.15316510179384396,-0.6983033604873706,0.2081007600295837,-2.8772269189907758,-1.3273213897302387,-0.5711041234983705,-0.9849982381797434,-1.2422111207900728,-4.8049714659257585,0.958532855496568,-5.27773666176747,1.6256756096789087
0.6966375359355157,0.26695173601352257,0.9417259743917838,-0.2470092582918817,0.36869200060187196,0.23310437908654197,0.13551448360834012,1.2137104054337444,2.7439507063229245,1.0094358140466988,5.560271207005571,-0.14582867386429943
0.7114858062950715,0.5336754263993995,0.25115562504947414,7.785928759069226,4.770044086291832,1.7247355744955999,2.925270789306443,1.82148178236368,8.59498093018702,2.764133284978362,12.576486171415885,4.704101146592819
-1.578677222691189,-1.0963633719723258,-3.3510133650770744,-4.061731954976801,-1.4875443481077975,0.5882015494098929,4.286536108153726,1.6292965675193773,-0.7198299631217563,-5.163038551467894,-2.752792245793367,-2.7334505541730834
1.6352985003076863,-1.0929132612884467,1.2602431353496257,2.5007100154778494,2.686429417463182,0.6766801686102918,0.8344591982700853,-2.1956115785995216,3.1413668805087682,5.378824207651677,3.9158462774858567,3.4789776764024496
0.010560309196808889,-2.612610204264218,-0.4646903956214763,-1.3197836898723754,-3.1383524331298416,-0.7369542121538264,-1.3969063069995329,-3.794983292580793,-6.527465115198123,-4.85398453859225,-13.555483262173887,-3.2170260010214045
1.058185376963385,0.6401829402298886,1.3818217224767588,3.6132019139132963,0.9679641090494309,0.9271891046632201,0.3106393947566499,0.795299763686665,3.8264270293896097,2.004849570579086,5.208173790829863,2.7489311013750237
-0.44613211141951575,0.39691534458715383,-0.16050195414724927,4.942375719816496,0.07719249805624995,0.36939586121356316,-1.6944793366267867,-0.2751579968975675,-0.809457774407554,1.0907629400156205,-4.82950831081393,-0.35173150141682463
1.5656433339859808,-0.05207070017374084,1.0816038676066495,1.8804484576120664,-0.7673921064272349,0.08039208540606846,0.9417481060818991,0.5758833500382069,4.473927267921015,0.6811361434018749,1.6321444900812139,0.8167995056119852
-0.25051043482528856,1.1658453101162045,-1.0542012518796324,-1.9206840412134727,-4.121677832259843,-0.026014835623537125,0.10664992142888927,3.1586014290002065,-0.5434032301398941,-4.778842876476273,-4.478810648477147,-4.059222634777304
-3.831581778992374,0.945051140609406,0.31279214541654454,-5.862581758681677,-1.6993803788037622,-2.0722277619505447,-2.9083706522127364,-1.8830995807416715,-9.734297389802236,-0.7989097727666925,-10.600225761345175,-5.694454108896291
1.6647601164025085,0.18718383307597616,1.3893885055096649,1.6392691067885483,1.6857583374100389,-1.4384220314831402,-3.7352334347785705,-2.6826024182049375,-3.958929821103829,2.5422929815651294,5.7282544576794585,1.0429195684680836
-1.7006032493324967,1.3338634459690573,-1.0454036709019658,-4.818885439700892,-0.4738651609177397,-0.9189315784396355,-1.4614187031367953,-0.23829644455728569,-3.749565015470985,0.15256314863899467,-3.1397690074047406,-1.291603305935554
-0.4484342887133994,-0.8875030519352379,-1.66927753481652,-1.8646132290593824,-0.9911080483096625,-1.4021204576340234,-3.145169405878613,-1.3446458599262354,-7.575714333773517,-1.9944501586716852,-3.6820255109022764,-2.126913687283677
2.3038252026283415,-1.4968271687343662,2.027054755630541,3.4323789290044355,0.41497306755044405,0.8214800841391257,0.6600841406515534,0.1318711606782791,3.616271908799217,2.8528068283462527,3.687255949284777,2.80097110421224
2.314802359544044,-0.6171139344444301,-0.8329911353476533,3.525213324114457,-1.7912839731941201,-0.5447420888603939,-4.728263902316705,-4.284758858387942,-5.4728018165204,1.6053678115863002,-5.3466841623029095,0.2924085998275894
0.15885011049531855,-2.1700341993385606,0.1527532093264682,-2.1001629709872667,-1.8541051085751974,-0.3474264511082148,-1.9556181849980245,-2.4619809842844758,-4.489550546144354,-1.0066190848856047,-5.472029768700105,-1.5537347835636868
0.3060828998305793,0.06436686227399858,2.904769709737539,0.9443417260005813,-0.7676995992227033,0.8806298906037789,1.0687271348192806,1.0916547439556545,5.622973012712524,1.093114390776055,1.936747046863967,-0.4234633598883651
-0.10882089146201093,2.065234024842021,-0.3605563900450854,0.8562830705590052,-0.20988359627035513,-0.7076927420037568,-2.698381769847251,1.2367069797219952,-2.016163575371129,-1.233737359882443,2.967949551618088,-0.5716051123084991
-0.533716390687315,-2.542276287769717,-3.027521813950998,-6.679606308749232,0.2165727155561683,1.0779062227703018,5.461647979938572,2.2010267642932932,3.752035465900888,-3.8726411637028937,0.31871520102731843,-1.8873172093680006
-0.4195704867582434,-1.4096865247784198,-3.156539226208423,-1.1933715251356252,-1.1055345984880363,-2.1913082641758765,-4.337213155314506,-6.334465496024547,-13.083315266182122,-5.865268645086918,-11.178605631393948,-1.7389164677523843
0.42317639936856116,-0.10048568744521473,0.12407281986132818,0.9136337485620489,0.8477611712427409,-0.038740428909694063,-1.412733605450943,-0.4323084744021386,-0.40204378543669134,2.930126508388622,0.84447580594267,1.4501050701184885
0.7026906931031319,2.0230614733160497,-0.5120858734455175,3.7062846878455242,1.5171220222072548,-0.1575807086996045,-1.1980918514503844,0.7909704466782302,0.805014445303037,1.0331617457023086,5.9047406302039365,2.2408779851569407
0.8750482356612033,-0.4583720037236535,-2.28288957677408,-1.470808148788949,0.06730102701366661,1.9583970369156776,3.6379045277024034,2.329164426368753,6.5602263593791665,-3.4980417819980048,4.052235203947471,0.2510142951728881
0.8656838512887964,0.014575323211399819,1.4909892255283634,2.6017089735076744,-0.10363309012684141,0.2152864941257825,-1.6763321184117332,-1.3426414526917596,0.4406680466009244,2.0420771544142307,0.6023131969599351,0.5787592781722745
-1.7014862841873741,-2.487160570751139,-1.605273714185758,-4.788877175571158,-4.684173477582134,-0.564554939185937,0.29738984247620803,-2.194009734908274,-6.383819821628622,-4.320097271089153,-13.879632414310292,-6.22123499345266
-0.011222123739790642,-1.2150795837967157,-0.5573512091557853,-0.9474891794134939,-1.9148120175076735,0.21322161364591052,2.9390222369130417,-0.2202323179723844,3.5328138791289136,0.26298018604838225,-4.721090481207338,-2.4308954543468304
-2.161801759083915,3.6216039039734373,-0.3192645019741702,-0.20620311954920062,1.945570712602419,0.03978477167294711,-0.6362570018740477,-2.8523612441658797,-5.434213027652025,2.218491185283025,-4.54126942692893,-3.359773259248535
0.10431413513544749,2.6626571272599655,-1.3667142208454772,3.81365246776527,2.442313784752808,-2.5947597249924383,-4.669621945816545,-0.9649965304949949,-4.900764963751273,-0.226969424107522,6.306627044456677,3.651334328433319
-0.12436099498107647,-4.61724662666106,2.317575901258089,-4.063119258725343,-3.334635966167206,1.9017357230703995,0.22789340500390098,-4.59997793376847,-3.199215675566202,1.7258272019109957,-15.693070378451562,-3.6802076216002844
1.4934714836608562,2.3394936181188712,0.8676895917423451,4.756784809869383,2.733898396089528,-1.50569146051582,-2.3182011393714044,-1.391313122521231,0.11536182956598545,2.9071296416318972,7.29683169644243,2.720740194423364
-0.3540640337556587,0.3260624330085557,1.1836970830698568,3.667742144898283,1.8407431044420093,0.9618816205909484,1.5031368113383534,1.0695622453735423,3.821425921867117,2.7452698927852706,1.3727950898063552,0.6089245558012326
-1.4518615376264636,1.3311873864165655,-1.065343453280001,-0.5747772841699396,-2.025266703849085,-0.02119497860890862,-0.6532539641549536,0.7325130697353952,1.1835036478023677,-4.067041500506071,-4.600395868510032,-4.26374460290241
-1.2518216373167632,-0.09488258883988236,-0.05769770410601982,-2.32758791260082,-1.5612517557487333,-0.8993692571452481,-2.464767823575266,-2.137580303231249,-6.067498335207473,-2.402290993477757,-3.9528500686596417,-2.020723817699633
0.7402833665191485,0.03168888813782573,4.1035886455897295,1.8183380383991992,0.207122240354788,3.7439190633589083,6.9542091866171525,3.9812771032829577,16.820532520373742,5.429625310658175,4.835025391351168,-1.0889350413529688
0.2697584991880897,-0.022559399980465997,-0.30946558975731,0.18705485036252317,1.0128910056277305,-2.9973308559086047,-5.456042110681816,-2.222714976307989,-6.3075056549186295,-0.3985659774641603,-0.601382445582068,-0.2599432876338943
-1.5982737035519345,0.40605805650563803,1.1279736650459742,-3.1349535268299937,3.3274931802011762,1.876660026385495,2.2777093982670666,3.4843564207424933,8.119358304879224,0.30031101921476067,7.72180468559306,1.6673881716921497
-1.7825206058831609,-1.2754598210637598,-1.8407946809579399,-3.923030282904832,-2.9572066524987544,-1.2464199652852328,-1.7174263961894967,-3.549597553430871,-9.065185916523777,-3.5636606592060587,-11.682426310721938,-4.32523601814367
0.5140612910931545,-2.814291442062132,0.1987937634415306,0.34733935339242206,-0.28072302717885833,-0.706327263529856,-1.1030805560078452,-4.486692242409277,-4.800348006893126,-2.650869814740033,-5.469617534102711,0.7526831351685864
-1.9274004267117235,-0.48473580368836816,-2.104842269648354,-1.737575124573322,-0.6770483863316357,-2.649110053342786,-3.3965563765163327,-4.240343931907524,-12.812875065303949,-2.8901904809999674,-10.473218973931441,-2.0891629959633953
1.032038673248636,0.526551166980894,1.0076012328949,1.830355820629114,0.3353905901736566,3.0080245853644296,3.8430774122821427,4.949570726415546,11.187865958090597,1.5732591351739995,6.778191822456527,0.4925853921332015
0.5318525725700598,-0.9070661488521056,-0.7020045524273557,0.1641283711553295,-0.4927109047967032,-2.3725486080825933,-3.3265035000232768,-5.5902154421963015,-12.341244659963758,1.5775840718392637,-7.164857144935047,0.4171766599092962
-1.8158622539057476,0.42597122877203364,-1.5071208743141922,-3.564643610815857,-1.218022221231169,-1.873638235102488,-2.8697100432514286,-3.358269501197813,-10.106902144689183,-2.6997014827437718,-9.36425931314391,-4.013149791571326
-1.7738679129218946,2.8104832096692625,-1.4961863214439934,4.194499045055404,3.871651863311788,-1.3088077007125154,-3.7719202775786584,1.220323060220508,-3.514831278379057,-1.6142401059354536,7.94672952945976,1.6918985834276044
3.6223113814981467,-1.6723700893465239,3.975049863694614,7.9517943831283375,0.420071711561661,2.788088128947309,5.398268165547761,2.44219897310325,14.97107130819968,5.443406108381671,5.720338952160058,3.328857093525964
-0.28962851018359437,0.4234319033445909,0.8420034711261966,0.23514624533600903,1.006925902237643,0.6261895805623762,0.9772146662346352,1.1279986297650506,5.726330460878796,2.835576900813859,1.7239208145658855,-0.05574009289689408
-0.2993710644671765,-0.11934626342520403,-0.39403700126473507,0.3266559105796025,-0.7080772644754385,-1.6302704681278015,-0.6608301105128502,-0.17099395334968537,-1.1962586287925263,4.1321119626056,-1.5930690688958062,-0.600016331308352
0.9824282227227319,1.3328844416335717,0.37379647123085546,3.3949173370252295,2.302263040133159,-0.30935085818149816,-1.805704584933327,0.5570226168003494,0.5278618644724224,1.7303965146435094,6.387241206555922,4.074345123614628
2.249017357403297,-1.0376124556669581,1.35089178443699,3.1096787026050605,0.7182659363144704,0.11485230938964819,0.5384438152709967,-1.087262719692866,3.0700006685830004,1.7181490733614475,4.169503347925623,8.645414001782346
3.5756267590420387,0.48654269582040865,2.2479167027638898,4.2490610347117,3.1358976798443887,0.5703660783159448,0.7340981167470864,1.7505727622805212,9.621119001055188,6.460961442425157,11.668229294964288,5.871893502680412
0.7067520495563966,1.1277236810377,-1.5294422245727644,2.0906813098736117,2.4271519903577037,-1.1625796544749492,0.4039993711309111,-2.544157243605707,-2.0003549982202706,-1.4360245060739816,2.2859154344475106,2.369369755066794
-0.28432880618949835,2.2002852068203276,-0.6322684389090314,1.8749758135741539,2.3222665521245442,0.12463376041342206,-0.19634677115400306,2.912998613432098,3.98073871460711,0.869793778088215,14.540556818144722,0.8438467740353586
-1.7897528833846275,0.4564890544246767,-2.21272837648496,-2.195319380160231,0.3423313940924815,-2.231516197704706,-1.3435607469762871,-1.7205208429309578,-7.501173380076655,-2.8272268784106283,-4.142011817328989,-1.929594130388606
0.8080953598946802,-0.005666496291742112,3.421872004844631,1.0720763321657678,-1.540167325133658,1.8531914948777042,4.884379418395774,4.963532102417564,11.360748934223327,0.9340798748084951,4.997114165721763,-0.5966391831312937
0.12421322700154766,0.26878767499099615,0.23350724384716876,2.5947905925082106,0.7700221458061902,-0.09848808126718708,-0.7880193269363863,2.1648298125752157,3.224364507894479,0.40307563851575867,3.425509883205295,0.42409109148493124
-0.16435117350983044,1.3386857288079659,-0.5111782947497829,-0.20076795422034066,-0.42413181064877303,2.7325918152288082,5.741093501858069,8.344810614936112,13.776009426523723,-1.5455149366640066,10.194025849860674,1.2719151331691516
1.675090494918145,0.15224191150906033,1.6705836454598053,2.973353075567602,1.1500845734769594,3.4567043990449005,10.814689352919476,10.285327545793976,21.402608188821944,3.30055793883105,18.047582347331126,2.07225038058634
-1.5033003579937565,-2.8005912484995084,-2.620503599102516,-4.519718844154737,-3.0237340442901997,-0.7397078075643925,-1.9837804273430102,-4.527594287613476,-10.196207059602946,-2.911641969585833,-15.555968254338895,-4.043806114627261
-0.014859651202688819,1.979758326739227,-0.13194811497341008,2.2098141862181317,1.2059176247936054,-0.8104986000661261,-1.5609428024731273,0.34138140336622624,-1.0198704359839672,-0.05719203292512243,4.826025037610831,0.7016389004730763
-3.7850692811616025,0.4765103554512052,-3.087416831679992,-5.64570127628193,-2.3813704756365257,-3.9464218114167404,-6.900999588216744,-6.033445388261418,-21.363190284136095,-4.420076956161198,-17.214022366720375,-4.078194678342043
-0.06472916972238839,0.4354503633195437,-0.08022913600759618,-0.3251821856276164,5.237294304003565,-0.5067297668236912,-1.4192606494496176,-0.20294284880913627,-1.292740417255133,0.8880824403791463,9.387884488278644,4.5576459760473
-2.183855382343205,-0.8408347468516284,-2.1679251485695272,-5.601432477763971,-3.512453860576529,-1.998695062336452,-7.0049845582234935,-4.724907214805241,-16.176440935880088,-4.830629295662514,-16.075337315188,-4.476317403375958
-1.437015892527077,0.3823898131081434,3.115273297079225,-1.7836239168307613,-0.341253619860761,1.9814032979827256,2.665117179159907,2.301318604324792,4.793632005831254,1.8136841597412106,0.3367977584322917,-1.9187714475550768
-1.447946412956442,-0.23860139644269285,0.1373659041850528,-2.441844485421369,-1.4641402717840437,0.8975487874903141,1.0059640263687117,2.703203947126325,0.6540823473135484,1.308774435336522,-2.8978279529277797,-1.4272524651855825
0.3544212058470263,0.36020395512729103,0.5997819721804263,-0.10905233913976176,-0.8044142577780097,1.6402409985702107,2.7656821997496643,3.9998491058483157,7.613003876231757,1.036871725938003,3.9474868944884185,-2.9154925093726516
0.6774505370365275,-1.5455899705540916,0.754040192328057,0.32292216858205514,-1.7710589268912216,1.6470119484986878,1.824933143207614,3.626053424803345,6.94679693375079,0.2637829559245085,0.9604684654929009,0.49838087871947
0.18240659664292305,0.3793451379059114,0.43898502572003417,0.5474437030062455,2.6960618747137945,-0.051878636104984166,1.281165494619942,2.536271431477916,4.167377756395066,3.2471991056790466,8.402953325336558,2.3731803879376003
2.581573028542433,6.74857572914446,1.3944533966584458,10.694315843672143,8.195663163835532,1.3507296227372954,2.9034163067815943,9.033637861262134,16.931159810148664,7.1251033722849,34.87844315163031,8.655171988125803
-0.2880272532899548,-2.33899933966149,-0.49245485771410913,-1.4133661428063131,-0.22118606913389316,-0.7802655404599099,-3.14217557886962,-6.3143627823495185,-7.874438129735233,2.014914828865356,-9.957430495038068,-0.43360258729046786
-0.55962348597854,3.0867159320022837,-3.038829148970313,0.6740602547718122,5.903798663492555,-4.026436697229382,-6.7260142135380505,-4.661916898056099,-15.18249743352771,0.27368457462576634,8.257716851826068,4.721330831417055
1.3363553576102845,-0.20602107928331487,1.1426309656580844,-1.1778345893539126,-0.04801309185680103,1.2384300125228533,2.5457141392023104,1.4906159343147034,8.371280148746319,3.32308790279267,3.1680410531927863,-2.5551110403305897
-0.8047679685870127,1.3528862804558077,-0.6283240083022076,0.6375352239586609,0.04990142133725883,-4.326645643431382,-5.175596700746446,-4.021090145026416,-11.689288266839615,-0.7374423370677974,-5.51357492520236,0.7060175775715041
2.6097229256919654,0.8318828763743475,1.542969725794833,5.399705222406812,2.922645846530747,0.7750213832001009,-3.7457133209556694,0.13043908149057248,3.4736293843371038,2.300241870962095,10.97447070322733,4.510805052527015
-3.7169107092090465,0.1439079253666071,-0.6856695510729902,-5.664600433646277,-2.64526367589092,-0.8508796365019222,-2.198244396302237,-0.05088186171894238,-9.287661939699037,-2.4298554632545564,-10.582566406593083,-5.729330002222501
2.8093797423195364,0.6479796052927134,4.2162926775047715,6.457366533421775,2.344095302622816,3.154538047478524,7.4842359570300925,7.268273889790002,16.9605841598297,5.443463261475944,18.106662786724833,3.039954221501917
-2.449695998104401,1.414821920398394,-1.5989946952818879,-1.9828815659776744,-1.1008093652636521,-0.2505505164751566,1.5563252447740599,-2.2566896716991707,-6.433286686979028,-2.5090172533606396,-10.064763998946763,-3.1346000646811207
1.524574048600063,-0.21284594994703862,1.4298786474983654,4.946798138240774,1.1678758020724695,0.40670249227023403,1.2973503039024317,-0.2058011674114334,2.9764574275457503,2.502739733072586,3.9431211473754857,2.255318907437163
0.05699606978944517,-0.42454652115836256,1.397708770639157,-0.20058293583803305,-0.10174649794759336,1.8598179214108879,4.0299041740076476,1.4367777041466756,6.505290344856422,2.00487860386052,0.8093146622528379,-0.24759865314614665
4.2636814273660955,0.4082491366123615,2.4635170415506433,7.5612611849487665,2.2812679014715664,1.0261280310570782,0.10661879523396811,0.8133970566092696,8.375295126887043,0.6300111464124982,18.720778460200776,5.970015606311079
-1.9132959161999992,0.9563106624111284,-0.837797471139066,-2.6240724856868076,-0.7642638832130624,-0.6432146058093517,-1.1033425447839775,-0.033493777967900235,-4.470182406710245,-2.478455935606793,-4.38139464367263,-2.4420747499776474
0.11396248317340345,0.7435361882605668,-1.2860106918569432,-0.33537878512683184,0.7346216203400255,-0.2078139067028314,-1.1352377442218555,-2.4498736700349806,-3.0526537795201616,-1.2127918792726542,0.42238322868528777,3.2567999504022094
2.7904280406960598,0.9054182958878301,3.3783754244215634,5.679618339437697,2.846283295255347,2.623315050625134,3.599798001997415,4.3140208539507805,14.639100506844878,8.363120924590092,15.86817243648956,4.9384871605594
0.047296752621098684,-0.13792201201588677,-0.552834611739009,-0.6311548991602607,-0.9322616173512779,3.328909260539784,6.825106027822803,4.860030989654165,8.273034839307295,-1.5393285005543398,3.8404352117583156,0.23784022541618288
0.2994811098212421,1.0096909258259181,1.6704648632187595,3.2408757096040572,1.612465917234272,0.25827834788826165,-0.8547103102667718,1.0762211121084309,0.0962640790128142,2.9526541250711706,5.444900896479206,0.04799536803638649
0.49675405755682883,-1.425375743296721,2.633390434990875,-0.2242155234861465,-3.656540124851446,2.0573369869439735,3.5543379136077387,1.7720550788658989,2.8479875545826188,1.6972320950153572,-3.5161664397122667,-2.7721846760396422
-0.09531983736185781,0.09318844778433777,-1.29711059721778,0.12543837863214458,-0.34517184350005087,-0.5723893832784432,1.0899468568307051,0.36069272466079483,0.21737135211954306,-1.6347802796002409,1.1602479502946332,-0.7575297273309862
0.2945269924480768,-4.463903203168346,0.1853006512254329,-3.7525210794958967,-2.1941017665675853,1.8902631781797683,2.3354199868700705,-2.311396898522005,-0.017375163174007502,-1.6146518490014752,-10.10956510208189,-1.3789107374970153
0.18467868124581033,-0.4320580983294696,3.4343415640262487,-2.328888800367974,-0.04106303317077403,1.0087630305940603,4.897793977925161,5.441303424587126,11.800149719605649,4.166053492387997,6.255358783617039,1.406762098352415
1.6210855889227027,-0.310714535205311,1.4131655155056728,-0.2812291589233826,0.31038639598959206,1.5937713923848313,7.27565885208795,4.0342151807351225,12.482884798900384,1.1630292290671749,7.470926650237884,-0.2042714722781982
-2.398074921422145,-0.23275789230492394,-0.8417905214468728,-4.435060425754864,-1.4269775210990823,-0.38537685314497205,-0.5599994253327871,-0.77569961630944,-5.661706698346853,0.743925523943811,-9.94012097746447,-5.156012745862002
-0.576384435561838,0.49582932147119896,-0.3190949756217821,-2.319868858668518,0.08244122496754336,-0.8007851274094758,-2.4866411378012288,-0.7799162314075301,-3.8238855785813164,-1.699629498897827,-1.2012623147479211,0.7762976070409626
2.310848825300986,-0.25216538697697494,1.7757651156474172,3.936527259736852,2.404030496846967,1.0701579728323627,1.4239937762306518,1.3492172140445347,8.656502011425282,3.4373628272826453,10.813462061708485,3.090531872424089
1.5165286478935402,-0.10826779855099765,0.7942172010201154,3.9109970434546915,1.664955798128358,0.09796922184773127,0.008625862342287849,1.9047970176455633,4.349164307032305,-0.9335364942210096,7.459656607278075,3.071312824696217
-0.0928683074741854,-0.7442546780011229,-0.9831941515338897,0.6425473343760733,-0.3578814315448431,-0.4488569947573934,-1.2698078529389345,-2.076981210591624,-5.2877316119142375,-2.2870766226294696,-3.1229127577732783,-0.2811061716266583
0.27478584817903184,-0.2923548619358053,0.9867523001644926,0.5926111888983592,-0.03472961537145419,2.12890982877698,3.167439807302299,2.7819422261053894,7.330954839036355,2.0625855960456843,3.9054023552611783,1.3045935272565627
-0.5892154263637696,-0.7884710004994299,-0.7832806839052908,-2.550850519991168,-2.324272369476104,-0.3459834587632784,2.2820176523849915,-1.4561727989138986,-2.866640640640155,-3.3274005625661602,-7.755779054463855,-3.7815257184533024
-0.9775218765559197,-1.9214683652289088,-0.8496863998301523,-2.0449505344505066,-2.754135682114471,-0.2314019943841183,-1.5888505607077505,-2.8363192412756053,-6.956344408938362,-4.595530754708357,-12.469349918975896,-4.428553722369366
-0.07537374688408485,0.23180241475851107,-0.08274353632437968,1.5544592307084366,-0.0637909046705964,-0.014093860596285084,0.6037956372211677,0.03300547455908032,0.5881887515679979,-0.1970248529605949,0.47757848034875794,0.003845887229520284
-0.34714272586852213,0.4101142945111238,-0.1419494189617078,-1.162441114658127,0.2645552485771685,-2.3692831520352042,-11.273335075367376,-8.710175265773278,-17.520520237833978,-3.935245371816979,-9.266440078727538,2.1483810149573284
0.1830965254466977,0.273096549588473,1.4770420021490958,1.1935792875122815,0.3593021512294212,0.1696115044355634,0.5120111170577561,0.7824572609394819,2.633999539496181,0.33122051764621885,2.5313321028832783,0.26334806336509753
-1.861307162193034,-0.07581456398305213,1.5952180343928233,-3.7781490517561624,-1.9662233889180918,0.9923736009836611,3.528809371273176,2.649353270917054,3.09501966473709,1.7950202908055413,-6.674287644522343,-3.6262803765617893
2.9718129419626247,-0.2750007410312993,2.4481564375657547,5.726050152856254,-2.3754213065010825,1.0704514216321481,1.3311675171703155,-0.7345305820132313,5.579194127125999,2.4631356231643475,-1.694438163804786,0.871646238101616
3.590718394992593,1.2970655413348093,4.269246877830652,12.420806514572728,3.5556383269690355,1.6871237362656084,1.9764265072926546,4.066455161424617,15.43496336521412,9.394379958716774,15.940236925066914,7.9556766316906735
0.5047167013528441,0.03891087424164836,1.203504410749779,-1.922963962545614,-0.16288616855808447,0.7691575040215818,1.7145201506534202,1.7983649615798702,4.62743283329423,2.6728186852458053,2.861098313877462,1.4230934647537676
0.07493125385214475,-0.0425278703040767,0.22594414474463628,1.6732059252386902,0.6573799211152814,-0.2947025631121475,0.03532318961671321,-1.1814497326981432,-0.29217795050251033,1.145487767877685,0.5855468374579915,5.305497071834384
-0.47956078156630283,-2.9703738999415057,2.003454420505736,-3.1326446611205734,-5.539459698197966,0.6053558043504607,1.5365914264039395,-1.9156215174457867,-1.194569791273396,-3.072931002666264,-16.58156213046756,-8.011334073943539
0.9877599869280517,-0.38199911787396224,-0.03228736676754773,4.272801350809415,0.6312996893509935,-0.09516710105048223,-0.6158337292201261,-0.236060710702362,0.7062449791085201,1.1774457077071687,3.334016447919628,-0.12432431926650156
0.46118240308887054,-0.2739221918801893,-1.1092069156856585,0.4692899684888857,2.2839109412077416,-2.0233664104852207,-4.243704397345301,-3.9480004480195,-7.0442719120781705,1.1491145129356848,0.08594764476179859,2.4999050754199126
-1.1232107287217723,-0.22609093835290944,0.2282096983624995,-0.9151463652141318,-2.0377632499349008,2.0786912624377245,6.085225571172993,4.348746467488657,8.043769951623364,-0.03844545671369748,0.1487569656432594,-1.5985711925612027
1.7251539114391823,0.17476387430532545,1.410033356026626,0.9960771641691197,1.328963557010397,2.2209772939659413,5.781647913823497,4.478753573168345,13.421391748784531,2.6282899314748893,13.60726096078795,2.005170932660111
1.0358473308073262,0.0695699237929237,2.108520996808728,1.4170616963957758,-0.8917132913263887,1.8695662214829414,3.199544333712015,3.343275912064192,6.659927027590221,1.386382743283743,2.303824379790964,-0.5688808578047363
2.29859134447349,0.24310417771487441,3.5942499601162217,2.099381218413122,2.145404159289141,0.7231369477834368,2.45099408346895,4.231147032205575,13.37115681765114,7.0724387175479535,14.512537301875831,4.577095369626418
0.6004568236361892,0.7545259482269355,-1.5441774168679183,4.688080027035673,1.09156838097562,-0.1738172798469677,-0.40597458866029457,0.869794024921367,-1.9212036822060892,-0.7018835597557586,3.0781468313602587,-0.7782140306811189
0.2572568390314275,0.9834232209252196,1.686031192457777,2.302220931097335,0.6949936037376789,2.022802197519181,3.394378165018656,2.361832516162398,8.296165900664285,5.835156539140947,4.902779179692937,0.4835225106249107
-0.17854540832777094,0.5731375632714454,-0.26846516873150805,1.4203606855135005,0.3280845237307341,0.5971325405850256,-0.10945027058571455,0.8305570581752206,1.7143112057098464,-1.3097842114954386,2.887991793812494,0.1243228723054246
2.005871180987173,2.41965154444426,1.811443151539343,7.605802389751361,4.793272086910689,-0.33351158772280187,-0.745900276807931,3.4231721568646423,10.549548019696696,4.439416796485503,19.269985063444807,5.751222926877621
1.3172451994869754,-3.3113978479964175,1.4676562446382126,-2.437777595580906,-2.3693200406163024,1.2672735477303352,2.3070581419646885,-3.0172646498433267,-1.108648137581863,-0.42771247901772214,-7.913266067222821,-0.1783520018092214
-2.4030980414212553,-0.9376268073151118,-0.22917886572764568,-5.1541995858161025,-5.533257424243635,0.9596915713616527,-1.4126954639199574,2.604056041983026,-3.519940432960547,-2.784796180111016,-11.153362973553465,-6.909003706695822
-2.942495837394251,-4.19135669240791,-5.89042722410996,-10.609411210194496,-3.8996086688158447,-3.555866057018148,-6.373695904106494,-8.030677436572194,-23.26745022514847,-10.885517500055176,-23.50034661004088,-5.4485086929271125
-0.2837873550447971,0.34948574584780606,-0.30071664325634717,-1.038711531136554,0.21309051663907272,0.15634906843562363,1.1021997922124813,-0.7518948026173096,-0.6348102367473885,-2.269339371774242,0.32493668680015775,0.11575139909729698
0.970500542436141,1.5899348295065314,1.3369429508282606,2.2580386425792867,3.380334671834688,0.7582719288846127,1.7803163312975294,5.190552570722486,8.36154205714499,9.61833340682104,13.644638683052605,3.6825259934718844
3.6711282876602267,-0.719563862541382,3.86623008872179,5.528743398620082,2.3777054892099616,2.503365823578278,4.718841945709636,3.2204743309994512,16.062476719356575,3.3850739135932284,14.642254531604875,5.425393569226906
-1.2011973853433056,1.9246219856637734,-0.5859004820700685,-0.9721867547815114,1.4837214994718646,-3.0476317321849664,-3.6512548193247945,-0.8282878832575953,-6.834798170306793,1.2657290189217758,0.9226542767213236,-0.4860213120653034
0.20857694965579038,-2.1158169321872595,-1.1273591903023807,-3.0989866288652674,-1.5307296635506207,-0.38709062313849335,-4.003395378335175,-4.958623519567525,-10.026776510641284,-2.686708468741797,-9.901454091161213,-2.8398169691370105
-0.2720952298699566,2.0315817424401725,-0.7557032786393193,0.22417451180316772,1.9643359206700381,-2.2924098396019374,-3.9114600348976936,-1.68898681563507,-5.500533583954554,1.3810983953967764,2.1381801642160108,-0.07199022097421737
2.810561373816017,-0.3520494089828684,2.1765120835678964,3.233370627591184,3.54843561665588,1.2367660050937797,3.030565051834761,2.4697826996115144,12.354570298637954,5.0585114375917195,13.819383213537575,4.504526765338582
1.1527660268736892,-1.5953296195892082,1.9676377275391745,3.478550442918336,-0.15654683099761196,0.7083304871502665,1.332321536577258,0.33433559289004244,4.931324658287472,4.044245296867187,3.2205164971123184,0.8667559148759689
1.129042865909912,-0.028663379328492684,0.42347947619890824,2.6196776542963596,-0.21288664945224012,0.36297609407881093,0.20432862010320607,-2.379223265598779,1.5204508370515037,2.324447791257934,-1.4746815656483259,1.9423515548317927
-0.0646597875941141,-0.6664017779639478,-0.9218618636373216,2.0482765933441263,-1.150297015963326,-1.9039361052460815,-4.649349474803502,-4.374658659053052,-9.908718733294457,-5.885187339527368,-5.613779747892177,-0.4750231713530524
-0.18676460692888258,-0.5625649756507374,2.2971833461946365,-0.9376326732624931,-1.466814076886854,1.9356342930611194,4.897213294092341,2.468163001671621,9.631625756035472,0.1493233348653984,-1.3280439089238214,-0.48958679904099556
-0.6036463078585884,-0.48681628544445044,-4.571480280754476,-2.0351621395422264,-1.4993673342489915,-1.9984429617081427,-3.5757397144532175,-4.19866427391411,-10.378307092333618,-7.445635675262614,-8.55738040370413,-2.092161482705564
-2.1825734908656123,0.9315358394054781,3.487601236315037,-1.9759697097163471,-1.4104849986254127,1.0861815236115369,3.322246750988866,3.2174430863075703,3.7985643127936664,4.009546002738533,-0.5652670444597248,-3.238467603044333
1.3072789594433654,0.08155995757831516,1.603225654470525,1.8603567966676677,1.1312982958893791,-0.5536493679096417,-0.785546281931384,-0.7790742735144898,0.22797174429701883,4.2360945417175895,3.6700938359853454,1.8066426186832845
0.982970258689978,-0.473826289009334,1.9472043206871956,0.7383425909502538,0.5689774774014964,-0.0032998290199193203,0.4224954365265814,-0.6584709925983143,2.0862777542778326,2.750844660034045,1.752261204707596,0.3516232504024437
7.479298417258137,0.24931758039456708,6.146787810898319,12.130211843385199,5.487722420097487,5.2894707443251106,10.242598506342055,7.958349517351677,33.476559896055065,11.437478668483672,31.874774670840953,8.80390678269253
5.001726220184388,0.5661645440881562,0.9110526174321989,7.6242816976926004,4.327801098432261,0.6339991363042131,1.4984573921544564,0.6246884310088856,11.201626033668528,2.8255383038357804,18.18930358674178,8.027187427300156
0.11750441208144868,-0.6065145392586657,0.7506452626741211,-0.9995767839642176,-2.166248314768258,0.40683905206673215,0.4876571695311777,-2.8053337299238277,-2.2147713380371177,0.5804255919212882,-6.599229992551022,2.178134172580856
0.7721359096463155,-0.18983184487676694,1.7926682450131652,0.8009613159903726,-1.3127795375763829,-0.4111483607169446,-0.6956106334645537,-0.9204191822725464,0.2999663727317826,4.218373982629368,-3.8863290596337547,-1.4985899149258985
2.203024502314492,-1.4115211509945769,2.622087724643147,2.9257964790890565,-0.47978923092387804,2.013095372443356,4.472895826490981,4.760110826797652,12.78833380981059,2.436096198948183,8.77050217989117,-0.8622317005386404
1.2016248341493,-1.0152862718428362,-0.18029046824372075,-0.9307120239382995,0.18009257738543677,1.2178231532711035,1.8509996166364115,-0.6974996186625986,1.5754047731276635,-0.1309927790728378,0.5867417875874608,2.0007920839476183
-0.703811435153513,0.4497865120662246,0.07876084618055323,-1.6641865322578937,-1.037448582703521,1.1179875781501731,1.7133756527699564,4.393736913327813,5.878443864372711,-2.290457698437143,1.940782275870382,-2.1322167717256826
-0.10415205656075782,-1.0136921845400826,0.6788943611255914,-0.1017737074919347,-1.3780618855282851,0.7196967252844826,-0.3874658993681943,-0.20980109942584135,-0.7791504019912807,0.15347460543051583,-2.208279147305709,-0.13251399909542028
-1.3535606806354707,0.05163731917215478,-0.8267530586514156,-3.473803150658382,-1.1742324731493237,-2.4160852958562082,-2.483085016387083,-2.572530055218881,-5.856724070294314,-1.7661502719751572,-7.5609039421561635,-1.5964389715749374
2.3870766058817634,0.5414438188797401,2.8903881209817586,4.1423781991649316,3.1139860925794443,0.3347375190832971,-1.1145088006227013,0.4768718453138822,4.632681951012422,4.34834207753339,11.351744876968153,6.8065774926420275
0.23870052202867287,-1.542930177458207,1.3901996801216434,0.36026585256495736,-4.527880122846172,-1.4376152129821356,-2.1773549000626535,-2.7201479588050934,-3.8806063353234728,-1.1061545703431952,-12.898709242315556,-3.6735559435900447
-0.7824471139193847,0.14459169200820152,-0.44063419860989556,-2.3713108961810567,-0.11228344759378317,-0.942238760076425,-1.8481932861824162,-3.04936319799022,-7.7013489395757935,-1.0345049080606175,-9.93035805431521,-0.3741051860083695
0.42068235861330505,-0.6672346929972932,-1.3549394113996664,-1.6701759436815997,0.23657843356405012,-2.16104045472857,-4.010705159249418,-4.363664509373248,-9.185247553841176,-1.542198269104285,-4.643806701797087,0.4818729422299308
0.26952325418312634,2.601715791247979,0.21550960970017286,2.703762949078157,2.989888100346497,-0.5174961841914196,-0.46544620504084416,2.6410197337842423,1.2063137325327147,2.2851128181150306,9.078396393643523,2.9638192587180705
-0.33362069563945057,-0.033462379050391365,-2.1601811133737967,-1.097590452674438,1.7381855936609183,-1.6268840379650578,-4.87038878780813,-3.6797084487779146,-7.9762811283657316,-5.775638361290301,-1.106907842410728,1.0182223558932584
-1.4822979699338135,0.9467115368754139,-1.527499264240432,-1.547880956313378,-3.61004422040192,1.2055672925240213,2.328258487832681,4.190952027356743,2.991730346875749,-3.413056410317222,-3.939396867811271,-5.1849629002531366
0.420294102959157,0.10586406943366587,0.16960378169810267,1.7406116301177985,-0.7952568387901564,0.3566498703789699,1.4127889782480838,-0.7825858936776926,0.5985074929384695,0.28726477852696153,-1.846198238745913,-0.26786676537020254
0.04146324362609244,-2.4438599235467766,-1.987795842280382,-3.363355442066551,-0.2588303931937044,-0.14818404183387446,0.8076790171795751,-1.7123877176590592,-0.2968126222242846,-3.0084152843997587,-5.641893783805823,-0.11565690276402474
0.7866599004005698,0.3096588030144071,0.3420894630583963,1.780593960132662,0.7124769725309019,0.7622095038000302,0.26511734698060185,1.0261331787649142,3.4701123437747974,-1.3743437141028136,3.4248278472531126,2.227542093418373
0.04116267986356979,2.331053339564787,-1.4683549244137848,2.1221580327422456,1.85579457070952,-2.419923451070925,-2.6729606621761293,-0.8886045016096085,-4.078541787545963,-0.03199549319639294,4.5664470802813675,2.179872343104174
1.218622930748539,0.22718124219387925,2.0460308158515046,1.0202880043416624,1.44968693026216,1.9318616002069118,3.7727522491033376,3.2450499877442063,11.516984163188251,5.909111999255421,7.5060138201695565,2.6248171111673724
0.10960693846154239,1.017155034147784,2.3552134118912416,1.3615256530335487,1.2597729940782676,0.8914923006949168,3.0109285832360104,3.644590070777098,7.458811615962201,3.043200667319212,7.906027100907705,-0.3659602500360375
0.1299674004202019,1.4627993495940885,-1.8175526103673014,0.8984805119281783,3.1451594352064856,-0.8230308229508145,-1.477684020211442,1.689990701136176,0.31114671515902087,-0.8408483601554898,10.750568485930742,3.2489995821583406
1.3996114626698268,-0.7849126536914227,3.65974419704758,1.6603906318415707,5.554003327999876,1.9308591654140599,3.4844093599647405,2.3916767632676215,14.22852479661637,7.059128860360509,15.445160354169014,5.718670638403171
-0.21447407453223427,-0.8578103371139855,-0.1452262949159275,-2.919297718734236,-0.1973141082927894,5.277899358385644,11.105048005224422,9.873644560269192,21.735995085887478,-0.1386815624881493,11.901716602286863,1.2069727799099517
-1.3166546597743665,0.25097988414958516,-1.687465754765744,-2.0962614338748766,-1.334954421622987,-1.707178009929695,-1.3945836648575267,-1.8292082124673401,-4.161302987559548,-4.141476971655337,-8.155862164160798,-0.3882582795295668
-2.8548344091621134,-0.1959456167222974,-4.420702304004182,-5.500106882925772,-0.8032401301273788,-3.377704063848483,-6.051215779838027,-7.405640996825016,-18.107464058720744,-6.476245488048724,-15.816296629834346,-5.317428291171754
0.7139102721026406,1.1385678016089784,0.638456016092831,3.2421080943650464,-0.9723483908653114,2.379395864280518,3.585648781865004,2.663644886100678,6.117952721954959,0.7240783410678784,4.765479031733499,0.8506321976580754
0.27525178650073434,1.6096691731529107,1.134916038366596,-0.2957819808944613,0.5945252845223489,-2.292562428086508,-4.273239112155551,-4.4918888096994545,-6.4711809510059535,1.9402795418231016,-2.507704016479523,-1.8648256758046986
0.524518167237931,-0.3469470443202331,1.0028938392260303,0.4075728057785324,1.7158289811583074,1.1338805130705107,1.7404125370371493,1.0778278613679748,4.926113456433612,2.06920852603818,5.461277828743889,1.537130225911684
-0.8534842026960764,-0.7470942711539421,-3.0598596508530433,-2.1877037995968576,-1.8332539091824631,-1.3354237281679997,-2.904749821150074,-3.6945156413774605,-5.935336789591307,-5.19996645994878,-9.292796400566473,-2.1364349688589033
-1.2992254981463,0.8233721152325031,-3.085129078262452,-0.8833283470788531,-1.1715464950142125,-0.833370944932811,-2.087453627147906,-0.2915981656801241,-6.228885845501599,-4.522637844696466,-4.281060022132459,-3.288177038541672
-3.5373837927906417,-0.5985425748940251,-3.373308083663556,-6.359244490108636,-4.305012873457041,0.8409415744249369,2.7598975105677477,2.1587722041965383,-3.837533026051732,-11.378465264289717,-13.613012288399222,-5.867409887014587
-0.3549976119993726,1.0362817449590893,-0.8435046461793583,0.712848504072616,1.7573287996552034,2.486838597062083,2.4065403923649056,1.7512568236891934,5.338870850806619,-1.8581773837391384,6.2905412740777376,-2.9701818638537567
0.1982501951049991,-0.16549216011465767,-0.5892656306057181,0.9987740340039981,0.025212146149184645,-2.408506760505485,-3.7979835080366393,-4.69389239015221,-9.210428590498246,0.700203316823263,-5.05392278132465,-0.895738464950925
-0.24272388831439068,0.40811832264542475,-0.7928826947480446,1.2347939351499373,0.5484859712020616,0.5306605290649169,-0.1288658757219706,0.0857520628520736,-1.885721790480817,-2.5381791010027617,0.9221590928423988,0.41261813826935234
-0.1335887153560583,-1.655112140913192,0.8146221037812539,-2.1414322834306483,-2.0335931054898553,0.861192522842342,1.142437248805194,-0.43874572698201986,1.8798696074469134,0.3353191557283526,-3.8537511394226844,-1.2071480287088907
1.6519143424214968,0.284644888505429,3.4295756438790814,3.128387720051132,2.139185868454333,2.5172930994094953,2.333329214413618,1.9828499831760675,11.331947073572097,7.518014743741808,8.742526116762235,4.95296912856403
-0.3616717873261285,-0.10144003582020425,-0.5332807339718535,0.43823710389101955,0.3962346800477204,-1.6969887209095875,-3.601477104017575,-4.568965385756025,-9.678713971621384,-1.0535046283787988,-6.0168200771985845,0.5394852639066087
0.028377847512375882,0.19021292350665936,1.6978237774184015,4.073260331954301,-0.3112598242184806,1.4305768357392354,3.286232296882085,5.181427044140489,9.551607968307612,1.6796084853884283,7.2970789652224095,0.1925284697345027
0.8377245571597559,-1.0905595526848648,0.3060942698425863,1.9747239720370193,-0.37396442061147406,3.5449256197226275,7.7057306326157375,6.467653023069008,15.135383726434789,0.3114935025701652,8.827556918369034,0.18082588357026902
-0.23182416324052615,0.6419741241885871,-0.2551892601343562,-0.12791651227775153,-0.5736966738094207,1.5738806261547544,1.95456945032754,1.7718935065676902,3.2869625654387136,0.7658628368127267,1.1379042685189764,-6.630139202893988
0.2799432947931399,1.2931470826519325,-0.5440790240071871,0.6661663907015654,4.200880124667196,-0.47377875160244226,-0.9091284196868633,0.3291457458178092,0.8283082082782954,4.017247979115088,8.04039821914442,2.2280590309065564
1.2899934631243608,-0.8359105422735479,1.481221944896495,1.4331158206433272,0.6818866105198169,-1.590599206414792,-2.859228418519461,-3.868101873620597,-2.664329217697767,2.9600865065107005,-2.7859040989813937,1.7373443679677574
2.2930432348147223,-1.653237716229105,5.215862076228509,3.099275382712939,2.5123622983576026,2.9753231231098165,6.608888047555524,4.8204456264435835,18.544132096484987,6.441337189690455,13.594687068085372,4.448391568244718
-1.2236757662714137,-3.0517277195878023,-0.8602875925102346,-4.761534468580204,-3.6029939150896273,0.5139232565822166,1.6497490350968151,-1.909133457900939,-3.905874863471097,-2.8815792780883838,-12.92584671481008,-4.161976454046329
1.9185155824821334,0.33399550748964196,1.377792874615854,3.51018972995917,2.4735303332096072,1.3868780792470574,2.466176497168425,1.281534493730775,8.575262028352803,3.069726336666711,10.460982683340902,4.281575191557206
-0.015893041812567628,0.24103779276397286,0.3362729679479526,1.3125733116150975,0.9215486926701745,0.12778286049469262,0.6425666255909346,1.354894640643416,0.6573156403578992,0.9307634524921397,5.789118783691246,0.7796296147822764
-0.6607017203818355,0.09804823282362041,-1.9927837950143608,-1.3586552596514474,0.07149175520111828,-3.4652717175865684,-4.909307769543065,-5.136305351063102,-12.635340710370915,-4.822078007546713,-6.1945197960307885,-2.4195253319537837
-0.08526216686658826,-0.7680987867424482,1.425909781158129,0.4543533578290493,2.0593644375344167,0.7433918567139567,-2.6515146821157636,-2.5180065055506224,-2.5901011972411703,2.114528018532367,-0.10368281541049407,0.6424072956802737
3.2205059170206463,-0.24614098702126067,2.880677014637741,5.037007939145576,1.9361447628281088,1.7572165965689965,2.875196451235919,2.2178952823846294,11.013893864537442,5.729938349162861,12.05045361042018,5.487892124472851
-0.014873881796722619,0.20942886697937665,-0.12008238839892144,-0.262698366831145,-1.2008413617719051,1.8697713506742017,4.973764057184661,4.26258302974468,8.337688382213535,-0.9817425143597804,2.7372429075785245,-0.39080026823400005
-0.4193056167292609,-0.006487279248755305,-0.18583922306527068,-0.8129463303264199,0.10956183533837138,0.21403771874840155,1.0316474891165899,0.3473193764620577,2.326940719006382,-0.675957426172017,-1.121462777273539,1.2860003635384885
0.31033909339771426,3.7119859828213806,0.5641016762321838,4.520841774090121,3.5274552895486573,-0.11609196797277271,-0.11464111487335439,3.0341807729937256,4.796994126472902,2.6061978922404556,10.150160808962418,1.6853084494311061
-0.7333626141663333,-1.29872495444175,-2.595629693418821,-3.7586717755711208,-1.3134299896879953,-1.588997816412095,-2.734105852334998,-4.167039978224146,-10.678871534321297,-2.8826359237806543,-9.685603917594634,2.235505290388349
-1.8856746914039761,0.49477038186051836,-1.2285754733636103,-3.6973457963708816,-1.9027629976778342,-2.8008231470810543,-5.290028241947,-7.554100671550486,-16.20425217763727,-2.039857347896822,-13.812839837543962,-4.041234761148569
-1.3557285172944007,-0.2124045016204175,-1.9360197713843919,-0.15208547545664342,-1.1356363010255794,1.6789515865632585,2.99537100610146,3.347663810688939,4.441809055531097,-3.773003062709436,-0.9708493513155483,-5.839203971726048
-1.3622197817535142,-0.15501862155329402,-0.6574101992407392,-3.491759486671353,-1.5787890795490698,-0.743953496924911,-0.9365225440685606,-2.243403404377819,-5.418503586375696,-3.2500587763663105,-8.777687308350819,2.8113812178781608
-1.191367956836174,0.5712756808591076,-0.027532093583603423,-1.373576340682948,-0.6139114816371856,-0.06268073951694358,-0.2885209744382568,-2.0386130026187774,-2.5419135505940433,-1.094445180080994,-2.3653562243587403,-2.1015002501659223
-1.2813783011421056,0.4859253947598694,-0.20742336177264153,-1.5737162716866038,-0.24164008439542334,-0.47282409211822907,-0.27259865309113107,0.4241422226644658,-1.9700228222079,1.429845924573986,-4.6426989276263875,-0.8911410835588836
0.33093687051586107,4.046239627304424,0.40631424773054936,4.083275422545759,3.845020692643667,0.7110397624172689,2.5326048808395636,6.954006911848933,11.742481260624164,3.040183971824268,19.323488013472403,2.368462355767695
-1.0112605054279658,-1.3595021828117033,-0.8614331862395134,-2.5628545187393406,-2.4900908572547005,-0.15235018076208995,-1.4412193286289188,-1.3690979885020509,-6.549910164676854,-2.548545839543433,-9.09092588922732,-2.7194935098211084
-0.36913139489747665,-1.569163433685257,-1.5821026213788258,-2.7770876291074567,-1.6155745538696862,-0.43695740985554965,-0.8705856308146019,-2.438401427921759,-5.587672137125544,-2.7914909989553096,-10.044413269376435,0.02007413688118609
1.5778269445684119,0.5954355851135967,2.2083502183795063,3.3071698127559697,0.9648787939714991,0.7730358222084844,1.1565649530021265,0.8884398233104712,5.582703448579726,3.0973229487101928,7.477767457485861,1.6979721596265411
-0.05348170771739867,0.17052006990803517,-0.6587153426269778,-0.23657654859087535,-0.8388081943494301,-0.8763564699374798,-1.071718223436539,-0.345921757039259,-2.575414165107057,-0.40019384960453497,-3.247427398554019,-0.31121264606187304
0.4081419030924353,-0.6008937895784983,0.3576594437256667,0.5561839900737642,0.6998157003464578,-1.1581736401969465,-2.731034673992807,-2.4258408914585186,-1.9257548534390287,0.9310501396795867,-1.2685901749983726,-0.0584215738585262
-1.0652556324515454,-1.839865817991312,-1.5154722064361386,-4.681069781393349,-0.403844015796859,-0.5855410698412257,-0.7008310595249683,-3.41266926378371,-4.950316907193523,-3.6367613606029083,-8.230363076282938,-0.9590332926515166
-0.9556085519370716,-1.7642425607604613,-2.1709865527984418,-3.01186260288998,-2.2759738147041304,-3.9033146393655183,-5.459958592391298,-5.810112633594419,-16.891067025366244,-5.5146902884590405,-15.877058957725868,-3.068646628041195
-2.5042456583685446,1.5529713319056437,-1.935275419667316,-3.8776038183502717,-0.007795685710663136,-1.0061181949628184,-1.9486865303409766,-1.6921783486331743,-8.858418589570679,-2.400581030829892,-7.412147727867334,-3.026421702527707
-1.0850936995156,-0.9578039823466451,-3.1880037181157643,-3.2626849935550606,0.09346320584994894,-0.6707241668450001,0.5462691800867996,2.253308913824246,-1.5253488739025087,-1.9512022075378428,-0.7524982042832251,-1.3271047371853282
-0.5848657145192401,-0.43580608923491276,0.16571586753059486,-2.199858866994889,0.4355445732847756,1.6264873210100022,7.153540599937698,5.972594733154512,10.407666217418361,-0.006257634508504584,5.0357663891457785,-1.1783731031527298
-1.03839913440062,-0.7911728742382135,-1.3806889469362478,-3.458949812775547,-2.3377656946001006,-0.9803749409057055,-3.274890363765457,-2.8676058731071206,-8.484043493614708,-1.8448583776653262,-9.18967875842846,-1.1652551036385768
-1.729319644046147,-0.34250071510813873,-9.762884221160476,-2.177270537019424,0.9252737884921549,-6.257007955913685,-11.770119528619555,-8.98407069050192,-26.193435086341534,-11.157560277093692,-12.209334406938302,-0.9689998122224696
-1.4218314197100965,-1.97437773449187,-1.2465580233891855,-4.6986412054088875,-2.751567929668144,-2.659279012154122,-2.3677606598998477,-4.519700875441007,-9.106879633606662,-3.9711353980014845,-14.361683893894831,-4.172869306556429
-0.08169006641992582,0.038865141465589434,-2.4405295188258154,1.8214135471040394,-0.4194680279442058,-1.1250703858457842,0.5056462544683245,-1.3360049982504776,-3.0493626051388176,-5.995164393954361,-2.7025535794229416,-0.5200647458243002
-0.885113248143509,-2.0008142806857667,-1.3836084571591836,-0.4414387204638306,-4.175763646197204,0.1539530749444037,-1.3618113652898893,-2.9160143293680445,-6.185719317648541,-5.9032521758451875,-11.896231098709057,-4.59963449200065
-0.3167131289635565,0.9180748615993068,0.2516702416062811,0.42088262137762633,0.40505873981898255,-0.5556524792360176,-4.484112852575713,-3.9219183393183803,-6.897610191739129,1.1789660815788445,-2.309675174344827,0.7271538103025728
0.006858004154385141,-0.7605181598378578,-2.0702910187795194,-1.9061183069602623,-2.0686426165471636,-1.4801022275237927,-3.7362483370412956,-4.135634255470155,-10.38995331624527,-4.823362535365015,-8.774560050173102,1.1803779209903584
0.47931025345259687,0.08340751058864934,1.5631208367833027,0.5965940985263966,-0.2883246449426109,2.120413889365173,8.561560337854914,7.0269110153296115,14.975002059700532,1.523596192390321,10.342412158916847,0.04656923738402291
-2.543074725438184,1.4277756359297968,-7.1442209498904266,-2.1552462380153985,-1.2809631915236328,-3.113184612355225,-6.498093962911213,-4.464804031326585,-18.335859819255152,-9.904234405888204,-11.455922921287884,-1.9520039603930621
0.9133470632661742,0.3591848598503187,0.10928261184243349,1.554500138109332,1.888950007798186,-0.6517176225741976,-1.1413360889418092,-1.1053643145608045,0.5426664770749496,1.8901819865162444,3.5082734899934116,2.462915574419037
0.2954465098073512,0.06818845201478639,0.9211129669396143,-1.1880009721220968,1.6554981261154478,0.6889585313856101,2.405434819941446,2.105748508684709,4.9081184102449935,0.7003640002289833,6.418471000189983,0.4426132000539915
-1.8108318121925688,-0.43283501061312285,-2.0742847182582382,-3.3278814343462204,-2.1394024444871813,-2.2659137405600864,-7.184990425197778,-4.664507052497221,-15.531868151131933,-4.160991478931261,-12.475957449675267,-2.8185872993849457
1.374987517928145,-0.4064598635387366,-0.3634340292971663,3.146659543292379,1.9743931330879452,-1.8205881706376952,-2.968189146884387,-5.635342226424583,-6.2898251876849685,0.7084784919413432,-1.3691014822646326,2.8161859960551148
1.8435463658189826,0.41396197000979074,1.3176185226193273,4.38348640922048,2.90039170992334,2.5603271937431433,3.913403711598556,4.040639885449295,15.340494946060922,3.53584931082263,13.229071996997257,4.303426804246715
-2.102457019826977,4.446349494147359,-2.491296520783459,-0.7191533483934698,2.435555659888986,-0.5505270645971412,0.3213454970426147,3.3614435937204448,-0.08371087102725232,-0.6860662644870115,11.478662903656614,1.6777708471164254
-0.5910323932542506,0.39108654640528556,0.6289979550699497,-0.23540940152313472,-1.3751101971938335,1.131768152653577,1.4233739781201526,2.437884021747057,3.6689163149428,-1.1033313363191177,0.7619754980434981,-1.7533048445950967
0.9477880026666973,0.12280833040803596,0.37866229482025376,0.8953740201400684,1.2606662939830635,-2.088177285868379,-3.2057130736124604,-4.585878967912777,-5.240196277265193,2.208178666406191,-1.877448484662582,3.462250146766425
0.6862100596543628,0.6185983436328661,1.4749126162710393,0.8756874311384971,3.1570164547357757,2.0954572767599644,4.114528822518728,4.741041206911835,11.31124766499903,4.295357024432035,13.709880328014085,3.851843386522538
-0.996844715379864,-0.07212861361202362,0.6415514777286332,-0.3739409957073603,-0.32649808013801024,0.2733013373244906,-0.3334469566267588,-0.6555763866655352,-1.4937298961122685,0.7391547047319912,-3.619279295267493,-1.1474308966350941
-0.8706038381728658,-2.1178939691630827,-0.9190492232421968,-4.024808652556022,-2.5799973679570005,-0.9596671290828538,-4.3531757211086495,-6.264979984968329,-10.572423937972975,-2.236991985673832,-16.638110466296613,-2.6149677376084948
-0.2998299526305748,0.13306707958401576,1.4465511121494314,-1.0332053343253782,-0.12164754502466572,1.0120726993890674,1.5800663638382793,3.748363501335479,5.50138762427374,1.5803714189426676,3.631026727857638,-0.7862299108492085
-0.031443227161922487,2.468056246735391,-0.3095845426533185,-4.5322035658648945,2.108116747544402,-1.895594176018952,-3.8820758567536813,-4.134773806921678,-4.755193123552951,-0.3954106268219155,-0.0254863140667016,5.102586081220173
0.26985465349860677,-1.0480925219372925,2.874130843262827,0.8918263945265827,-0.5400964208926511,2.5371234337376167,5.42530260388951,3.4920722205520867,9.538680168440798,3.74549865003812,-0.3006734562412232,0.2013533031091412
-0.3040455208793979,0.4780515779083127,-1.994102345797798,0.78320056859283,-1.3036710045404314,-1.0805067244714859,-0.9826190719724243,-3.883095972921713,-9.021042277392388,-3.2913471001828705,-6.398924808713186,-3.7549859701314725
-0.07788648237720706,-0.9116331519633312,0.39894822022497217,-0.6364262132742768,-1.1882307076437661,-0.7334781611560144,-1.38014257350723,-2.24831693895715,-2.5003258428100645,0.11239886431815105,-5.9335613292051415,-1.4581890960809512
0.683081759829897,0.07435224546650103,0.597241359994448,1.9171598766726345,1.481395104085816,-0.5993548214271445,-0.8147741932291948,-0.7661823531369898,1.3848711577408954,1.2741234786618367,3.0948086598571862,2.075330513835121
-2.6122891350369772,-1.6432382659885572,-2.5861292480838207,-7.0572826970956095,-1.8155427108186029,-2.6332770544553177,-4.3983799689700644,-6.359338584646572,-12.131796314814816,-2.7296265065920813,-18.074680765360057,-5.909619131208666
-0.6834466062635645,-0.10453655241282665,-0.3015546083701857,-1.33703257644655,-1.867607715583677,-2.3621582644995884,-3.0930700074612827,-4.70781662143191,-9.761240566839529,-1.3312164978865342,-11.420340320739195,-5.147577903043733
0.5563446943960804,0.7181094779825112,1.0203361622328742,1.2186693119186498,3.277922432518748,0.8381538698495234,1.3118933283582388,1.7537140198892622,8.106181279009705,1.533690136651526,11.029552330427393,3.037000996479245
1.5626195737706683,-0.36363762944828476,-3.346656979470457,0.656543033819758,0.45972274378653577,-0.9741492882906093,-2.309851786119868,-1.9053021241202546,-2.5260067717493326,-4.101180783816082,0.9869285731599985,1.312827755867906
0.023631931648455434,0.4002140923161432,-1.0758023491029147,0.3623938441610652,0.6994669067167631,-4.032633296938307,-7.728600366288661,-5.741816269408165,-12.62026128565081,-0.22927063435508033,-3.171979732989723,0.4568702454094732
0.06638232179312373,0.893795462356405,0.6145364579745527,2.737087939643195,1.395985533858357,-1.9341820489279409,-3.3273049344824717,-2.1327142276263253,-4.464397920814261,2.523125841319639,6.578620943170559,0.5476174864804138
-1.5401729721233182,1.9265875121442635,-0.9700728125657755,-3.4477627331737932,1.2468519969847596,-0.4559953931421421,-0.9094021859873045,1.410410639035046,-1.798692058609591,-0.49041310396303894,2.4445918388221393,-1.4249208409348912
-0.11112740821162788,-0.7565468012409866,2.5904580448530474,-1.3905750335763019,1.5921374526887404,2.6565452583112616,4.545601862643264,2.583914840641338,11.602405709361962,5.837846805117568,5.018103020647657,1.6728684749495089
0.06745961849534451,-0.22485522587037085,0.7985143348187986,-0.96184008823671,-0.5821260212193676,0.07937533091256144,-1.562610407278279,-1.6443315505086469,-2.3555662623340834,0.04056434941860454,-1.8605108943701567,-0.3851722545173668
-0.7237280299386892,-1.1879943863429971,1.6721902844766725,-3.0087853044912407,-0.12654102113018206,0.6993841820809831,1.805139393736226,-0.8937429565995627,0.960908862738129,1.8622044355947536,2.7609127403391356,-1.6420722288945138
-0.61899292309399,4.197507781488118,-0.03315738847885252,4.324112742080379,1.2518957803103536,0.19308909995029347,-0.5101979073072352,3.538984987541898,2.715645836561787,2.3159841647545343,8.371565004957382,0.03591443790639476
-0.28160944661163484,1.924161916598628,-0.7686923429490948,1.1416656505841682,1.714808370428261,-1.086671890948306,-2.8432174017747665,-1.1024492527589058,-3.507610466494642,1.6355616616404436,3.3756236562550948,1.3531811288054487
-3.2153222573884293,0.08328841823917732,-4.427041617072119,-5.446886603148553,-1.62806527713302,-5.7321654171673435,-10.275267152370683,-9.403658796904796,-27.22782821790118,-6.183516041357744,-18.685591018097583,-6.028495307091114
-0.4398107272470001,1.1522238115020262,0.4367485812981923,0.999886186955488,0.9518269106139381,0.9118541491053306,0.8178184991484371,2.388020416582933,1.260516681832272,2.40367113325283,4.323734647107629,-0.826942274659867
-0.8606289599605296,0.042819774738340866,-0.4280650987022732,-2.5957522104025017,-1.281925259258205,0.018793216992501194,0.21664156719102615,2.388369163488273,1.7706390357513786,-3.056534515580827,-0.6075988287325681,-3.703906190005986
-0.4231281283325009,0.2839176680617855,-2.7172059371567894,-0.49438354899875286,1.267038354007483,-1.5416670604161762,-3.0091230349024745,-3.3458170513089973,-7.682628476481187,-1.3899985543581377,-1.1480728927027688,1.6444512500527604
-1.4291005577072997,-1.724574591477831,-1.6039197804653695,-4.083427455602738,-3.378380228241144,-0.3535757698889941,-0.7297612386023085,-2.1217756791213676,-6.826083605350685,-4.552044735919098,-11.607685586280313,-3.2732825042298863
1.5189327193830795,0.7144542545957936,3.804499680488189,3.415723382045056,-0.6051233792860944,2.8367043998552783,5.067327726898557,6.463387624643011,13.795383514851638,3.4607373228127827,6.4035954146028615,1.5240341352743632
0.20725163331961452,-1.3648187525847366,0.18578682569315194,6.1865041352861025,-0.26568163390748434,-0.7698502296130459,-2.253020371668134,-3.0902616627805046,-9.653868607815946,-0.66113917297499,-5.126800989801516,0.5295774655558478
0.4434857773330863,1.0559415543753943,0.25134089346622257,2.4505437054055417,1.0381980799471988,-0.19071311847864728,-1.501831267158622,-0.5521687086614009,-1.1284250603587358,0.7745216854829141,1.2962806868092882,1.639258195778623
0.8635618518178461,0.83024188645872,0.6823844798006331,1.9623071946412658,2.430102352331148,-0.9460478413501519,-0.23356575559190373,-0.4992280760767994,1.7955039224331284,1.6641657925562647,4.9542042997072935,2.671254565752134
-0.0031204657348797254,0.540407888533664,-0.8756203314066848,1.5324653870635032,0.12337001389173058,-1.901742765276085,-3.4875790230721204,-5.184380939747534,-10.537522953924517,-1.4879869099068257,-4.164919998097734,0.43238233080662597
-1.749616628642036,-2.626644039591802,-1.86624058275379,-6.340447360316307,-4.269054155373168,-0.7453714484901108,-1.5045494685801422,-4.58870608072455,-9.350889265875287,-6.295043219065024,-20.37537993241226,-7.543444664321873
0.07711118273487741,-0.500451765631882,-0.23278369017343625,-3.1056141144976115,0.8115341807825602,1.115849869356906,-0.6790162606611987,0.45169697143869675,0.4656371687860724,-0.3265375560831056,1.080004106771763,1.004005515535538
0.19077587731142814,-0.6420261353452289,-2.086281633320728,-1.1331467581207486,-0.2223772297154632,1.2775380319357243,2.243276946809803,-0.9308251530661749,-0.1238636393320992,-2.644682142551918,-2.099935461347171,0.7951556967400415
0.6750694682484639,-0.32812522909705777,1.3685478003131344,0.47246504164728736,-0.7159726458672433,1.1618459640848926,2.1584870036727803,0.8067742961943858,3.3048197278957137,1.1884802546333968,0.7884556853125735,0.0009179989528114849
-0.1469709083135309,-1.7413392427456371,-0.3138911332772528,-1.7526243006746636,-0.7867333665947277,-1.1975643132052067,-1.9814473704665105,-3.192937243364275,-9.4896302877318,-1.2464993341827657,-6.518539653993898,-1.1012058086404573
-1.3658621062332106,2.0708041203321295,-0.18527620849474347,-0.24005920407105336,0.5232395859383476,-1.671605008678132,-2.405998649322121,0.5705215492774173,-3.2557289902701765,0.7611909933078194,-0.11253332746913502,-1.341189536410993
-0.5664232358249122,0.11384583820323632,0.7007296189432614,0.8611464798647281,-0.09757571649043414,1.4257052741276277,1.472235503788379,1.7698124634358656,4.751979631319482,2.3823150693746107,0.060027166468437976,-0.23112863523205535
-0.31997857801061713,-0.4925787463545848,-1.1436494758316462,-0.9538180664679334,-0.6718519504637372,-0.5516200905774737,-1.6546555012921447,-1.3153021284170212,-3.8043005140171338,-1.149779113822024,-4.385374714470737,-0.33444321483169914
0.3450774310619163,-0.23071837530673933,0.6859105459991555,0.38542791207617394,1.1564328501511152,0.7035676731244446,2.209090365695786,1.22201460147107,3.535397582460753,1.1714824370589478,4.061865430015186,2.5913808218358763
0.15263454064147425,-0.11159649568322656,0.07920301227362697,-2.13674300771336,1.1070118109413736,0.8777208668580598,3.7915499223761553,1.485204884735253,4.783125476058177,1.4469001070906566,3.4438562588035264,0.6520081218609364
-0.33940570251421215,0.2246304896608469,1.125483905324788,-3.0403811325632626,0.4571714900507645,1.233342600258308,0.8671399981573267,1.2816296618228404,3.1112897984547394,0.5255783530386937,4.277389797616173,0.8543991193737951
3.6130485916098714,0.031861071485494295,2.384326352507387,6.26003953189269,1.106827060316001,2.6127597325759053,4.5914251711595435,4.498679660719829,17.97741042882935,2.3759037544152495,13.135843726620376,4.144013537143968
0.2376858279072638,1.8250098659577012,0.6516251099373394,1.8690657643739172,2.6270866735785616,-1.7734854766357697,-3.967568495274011,0.7766171448265413,-2.142833817417671,2.0640438145756916,5.096244600629722,3.7899989281348168
-0.7455914876938771,-0.006091550063556803,-0.4227699216756897,-0.13480360037598982,-0.13073514520642232,0.4160027421766923,-1.3872493673055293,-2.5325674880230915,-3.400662030857994,0.3357916579475344,-3.898667598306557,-0.6915716087562541
-1.5917701837817488,4.15511608480029,-1.947359354391614,-0.1946386715276911,2.3453913915809883,-0.021449715566711935,-0.4669678347063736,4.096060016814523,1.3801490176695483,-1.7665485545816284,8.8342851162931,0.569276217526947
-1.1850912600224202,1.2135179327683354,-2.3553078437502832,-3.9429424065130845,-0.3079419864915465,-2.0471737193658237,-4.848174395983802,-3.229542444195679,-11.183136310487772,-5.264122095463167,-5.326500762586162,-1.102234879107681
-0.7094484130906304,-0.8746186298824593,-0.2718532465546875,-2.0759347582365404,0.269516471007339,0.1578811971155788,0.8222271381334263,-0.32757083016757915,-0.60701344972772,-1.517085480036815,-2.07674275136496,0.2979036094218542
-1.1351847424182437,1.9746522800289088,-0.3646722467552985,-0.9394873364303828,1.1989394300108511,-0.6952455136110651,-1.1531813683784202,-2.065464668631416,-6.139448061025938,1.5287256948995598,-0.8033010646133992,2.6460334477607326
-0.9858175456080485,-1.4578642827601846,-1.339945727657602,-5.2579644906553495,-3.2666460133958504,1.6291339288430406,1.6198841686929006,-0.04316504967363144,-0.27513548060353166,-3.390985586175942,-7.6969136906747355,-5.4197566409077265
-0.5617850486525975,1.0075823934507806,-0.15940715261110172,0.5264809851484713,0.11489727576904085,-2.8061241501691097,-8.927181146540647,-4.84049518160565,-13.986515039846898,-0.8140617454071786,-4.091906461804596,-2.6269967541799613
-1.0591593219411153,-0.2727979434450464,-1.1807526595224416,-3.533937891745608,0.5101939036511979,-0.5726134956450102,-0.04936027907744911,-0.5593175797629614,-2.1072733115414573,-1.0803841451605825,-2.186308074208625,1.5818481734369314
1.57760426879597,1.4103765876832914,1.9639511304156902,4.153305120500208,-0.18635700263597466,0.14202165259775001,-0.7931881311489879,1.0075367258191308,1.4205996341898464,2.4522248936950763,3.734294514626412,1.2699084032246295
-1.8296639031997042,1.3322357385956818,-2.5533041908070304,-2.510755843178286,2.1889479588900755,-1.061790601301794,-1.6290014544357114,-0.7676054365224129,-2.7565850048638105,-1.5558106185027518,0.9627855414080223,0.4623737218810646
0.0502651695527574,0.9463654777975019,1.5609488203382833,-0.14451869280905516,1.1654593964359337,-0.05791327317334105,-0.49663284392324564,0.15322063452693735,0.28275277385870756,1.9415923106528719,4.8935514111899,0.9542946123013598
-0.19748353610219294,0.8676455130043159,-0.729965348524289,0.1499688754296084,0.788566274908754,-1.214878306258331,-1.949605875643535,-1.2429098670052383,-2.196673603964748,0.8528658676067774,1.7472597861637047,-1.2045785283012849
3.3454949854559746,-0.4953488785155284,2.678943187201268,6.160455861234293,1.4723672950855455,1.6823100605664172,2.499409307013229,3.0903581392207844,13.136536045116543,3.8395878507104757,9.734474186788121,4.847700324973969
-1.4957619466497616,-1.8211559461315932,-3.487636040325459,-4.373246748002877,-3.1094569584183365,-0.43487228698703095,-2.5143840089126344,-0.9149466251418574,-5.363113286397784,-5.858910174196907,-11.589264283085486,-3.1330004390458908
-0.22851897543955882,-0.21572072189064617,-1.7044405457654792,0.11997877850308869,1.8320016497826916,-1.9369201526999864,-4.214920121890137,-4.007681688908914,-8.264099921988532,-4.4954381580841325,-1.9938036202262859,0.8187132441306073
2.7959124835667684,-1.0582892122645124,2.527753431478239,2.4299760837710167,0.7607232234762721,0.35492050812053066,-0.3535097153774681,-1.3339162107353686,4.707986885621746,3.398922439150468,1.9830187234391516,2.5374336338099277
1.313096881408209,0.4941359704175287,0.5468736794147475,3.4470956362060816,2.118124935535325,1.075449476700686,1.7363964526460747,3.377720707428012,7.777754105092448,1.6375303491938717,10.033451385030594,3.9784012777244566
1.0055158534762338,-0.3678811379060665,2.009059074837114,0.635388070552835,0.22809283620568171,1.2713702879007298,2.617110283526805,1.7649761870788114,5.796747966587514,2.79664292330542,2.730267111167688,-0.8810812088191837
-0.6620252238076914,3.02044312156714,-4.118106714844023,1.9610338784740389,0.4242718356239801,-0.8686414896470576,-2.1674315469372485,1.4853292991246287,-3.717284932271761,-6.930318794336012,3.6005420668953008,1.210447485631473
-1.073602141774755,0.331207933976179,-1.2350765193412132,-1.3886795913844865,-4.387824778900994,-2.0076184244389905,-7.255516198782924,-5.877688016670316,-17.019441891781614,-3.38345426498516,-14.562472694329763,-5.156590410926275
0.4114124181218382,1.0355279948499927,-0.02629067072712854,3.5581354902075617,1.1429524943596263,0.3284865086851479,0.616455194767861,2.3173949148893542,7.159887803175158,-0.1682511886133995,11.222404395458085,1.4888148661723317
1.9572379144000107,-1.3278392609582872,-1.506122985455969,1.89941984402209,3.496639042563705,-1.7162618966484435,-2.781450052094378,-4.011644774419069,-5.051041323854283,0.643597035186734,3.5909729866158955,6.582998594099669
0.12050324134479709,1.2874593627765056,-1.2838037822894095,-0.6907674220636624,0.7165859653457788,-1.9715122555506444,-0.8679148431310244,0.5790307090183757,-1.7010538957928396,-0.270989493317374,3.1761857913018754,1.126411742217167
0.1545803808986412,1.867654268056187,-0.051633564484742545,-1.364493516539672,1.1285880860250366,0.42441904034175404,0.9437616976661827,3.597676240760496,5.217469427407075,0.7538464679853576,9.051231046572461,0.8623291342003413
-0.5798931635395344,-0.026216840056263124,-0.5319622257438136,0.05460941063217306,-0.8164926754658046,-0.1288289528547263,-0.2860082675776509,-1.1175455765857845,-2.6344651151746183,-0.5198060979828135,-5.254340300295558,-0.686532074384067
0.7743265778521433,0.23889936926504518,0.4786555073156926,1.5724421749247028,0.7808051908638431,1.01525268397846,1.9447083403785506,2.5755404892376106,6.444509148416487,1.4784363201166975,6.42655091777111,0.9276258121244632
-0.9832655594240507,0.7542135537718928,-0.813749601043207,-0.20659768655790867,-0.2989871705727758,-0.9942247673656965,0.18761001506158226,1.1951002759040446,-2.9389812503551016,-1.5627905071847703,-0.3949806618716923,-1.6799833105833986
-0.43485508411254703,-1.0507446798625415,-0.1770874053232657,-2.4146978657829057,0.34798441921180334,-0.22183308422627818,0.6790853098698061,-1.217640978667346,-1.1764240757785116,0.947400113908361,-2.999774387188885,4.923528448907967
-0.16149254202208901,0.005145367656449353,-4.063811602158689,-0.6400485892953979,-0.10319920813438856,-2.7787054618682983,-5.32507589754177,-5.877319376948413,-14.018075725450268,-5.783244935280664,-7.86611803772932,0.4732944582278624
0.015337782084753209,-0.22649158028280372,-0.06082861403029242,-2.9822955059659075,-0.1371044924683537,3.4091706150897467,5.251637862928993,-0.31347725888543554,8.11412956393178,-0.007608175688769314,-2.627678763730085,0.24354442351407327
-0.7239786948058025,-1.2284431618414275,1.971081684045218,0.2608406834927086,-2.703023359050311,0.7091190181400605,0.6035716678455644,-0.6008416429447145,-0.05028266203370013,1.545976373055944,-7.086698424092023,-3.161442575594015
-1.4710958929838038,-0.3077911180562903,-1.2742312402386362,-2.3539979573146743,2.068237540799358,-1.3338235531549798,-2.3374636908984274,-2.8598558469911985,-3.7690277109032984,-0.644804311398429,-2.8025148552483374,-1.9072711858000064
0.25005247686941123,-1.9925696367620778,0.6618225027421059,0.6919287446842906,-1.95287456693721,0.07464150525911584,0.8009266132739616,-1.4667553816250996,-3.647032725974733,-0.8461119973675874,-6.638953474755688,-4.1496891981374775
-0.5494605906025921,-2.963772203287415,-0.9624670932984869,-4.1597354270371705,-4.46614526721252,-0.47014392506674846,-0.8205766164829114,-4.86007441466665,-9.298154595374069,-4.035837682673283,-18.211042225305725,-3.9869289403365427
0.17730588773249814,-1.308102306474694,0.952290831846454,-0.592748941778181,-0.4223582984653394,-0.08185926733517468,-2.1420986878647357,-1.393751591596763,-3.1425406819391264,1.9696352359305698,-1.6495422053120856,0.5521871253806581
-1.1753029713775403,2.6068061594171623,-0.259714441340837,0.7322309220636188,1.2396557850160075,1.6111818387309755,3.4269385818062856,5.066231635100858,3.348013325717856,2.388579469281491,8.148766718670698,0.0717776443352093
-0.03844959868046046,0.10431558599817754,0.009207228534519274,-0.4277973239796209,-0.1385681881475787,-0.626473750786402,-0.155441552746181,-1.164583408828641,-2.5154646590223346,0.021820495773646365,-1.5315835466291432,0.9986490882600862
0.0674000675691325,2.683030651324159,3.097288908911007,3.6552259912470983,1.8222886508391123,3.5265581029581607,5.6571507007509565,8.258282434392736,17.141261010862813,5.457327387156624,15.285356919047294,-1.1668362314384533
-2.2667636735442165,-0.14503067765736077,-3.4051215445963754,-1.721850840431943,-0.9173804514965676,-3.7280008926035646,-6.160100083944867,-6.050895674491001,-18.46444027562575,-3.2664885770185217,-12.931149162243116,-3.008801614206801
-0.39570010672272665,-0.4721944013626697,-3.737663542550367,0.38419498269945884,-1.5689673500786727,-1.9873535023735136,-3.6547577838169616,-4.697328306802414,-11.498617134698593,-7.355167938106718,-10.516213411242374,-2.3618386983184374
-1.3136784728804145,0.012359794217354392,-0.39531801747183437,-1.5655462068280066,0.0719047783251966,1.4319322001505714,4.025082949710708,2.6280019487001858,5.8694252342158295,-1.2287548963795907,1.9966979282994965,-1.1852428138281774
-2.065539102423888,-0.12894378635388484,-0.8908904083305825,-4.20296518395017,-1.2498363773659926,-1.6494154796520855,-1.7288674009963714,-3.248276051772181,-8.64052102049345,-1.358799058149153,-10.962554695974372,-4.728248600921663
3.9080541308353793,-1.5543373743188775,2.062776097303007,4.689038483841725,1.554246752240881,4.06323270072,7.199884810183788,5.649081051219505,19.748784371075885,4.6250457644718335,13.448419855007424,7.019642323812707
-0.43895825878657446,0.3308020238375474,-1.0244772541180303,2.159116300340146,-0.16902996342720583,-0.746649695439338,-0.8305362492214491,0.17671987322605742,-2.49119758998619,-0.15985059842700178,-0.0484099274724854,-1.3219262101694529
0.9669234332099531,-0.8391529354823813,-2.486383738893925,-2.979861778463678,-0.5676710020643823,0.6484662568918405,2.5961523476002437,0.9476834299428949,2.6273366979063044,-3.708455418627726,0.2637516260117644,2.2340655954876394
-0.674754744120511,0.2733531039458184,-1.135640864156234,-0.3385385443235617,0.4063693299176035,-0.28155523423213863,-0.5038900858007612,0.3783929109998113,-2.502734930497402,-2.925375604821908,-0.16313648624540694,-0.41185491003867064
0.45099417046040613,0.3572496587646744,1.1928219634102422,1.6091552398540598,0.6142996433453689,0.248554011069534,-0.030369783215462742,1.1516729101254417,3.0324349400683106,1.7653213846474045,3.4067987509029454,4.42984687737366
0.7349190422682632,-1.190564083516481,0.6925403518172858,0.4846645979932267,-0.768323367858251,-0.538733103173841,-0.23977157734847365,-3.0118239258861266,-2.7271644409550846,-0.35676239218249406,-4.7588598790648255,0.12367643465814648
0.21229941360919444,-2.0980190053494616,-0.17264131175902675,2.4455803613285974,-1.15022556560356,-0.6075964570558888,-1.889509692337986,-0.9835212045572614,-1.8195831363591526,-1.46205482952511,-3.657682763856565,1.2266729103115617
-0.058527421809423615,0.8244483126639849,-0.34865445930016625,0.15077422883167152,5.318059558785034,-1.9022413496320836,-3.598490449127472,-1.3784996055401495,-2.027859542331937,3.5815610208822553,8.85893583495965,-0.2680298892155841
-0.19397095435083728,-0.08381556445517038,-6.084951819924146,-0.7879277360514666,-0.3410948766021025,-5.092628679066495,-7.643769684780431,-8.590637696444258,-20.345438192622815,-9.87178133638847,-11.180619126325421,0.2418623925750205
-0.3599137072378231,-2.15134500760349,-0.8327348009081175,-4.33992607719373,0.020915498843857128,-2.0903432022898554,-3.081409306138948,-6.338393283942736,-10.639720742098723,0.013567767633571703,-8.948244362136665,1.3472125422752166
1.959408867660835,4.578784796176721,2.095494995975054,7.209397527892671,4.375483022030517,1.1574059919993238,1.8223456959806776,5.207134955373639,11.734598918265341,5.187027902658046,19.61479223009353,3.9681988760962037
1.0824598905818525,-2.1579556942521667,3.930177077688289,-0.7048341415363993,-2.9831194403509396,3.379087873798439,5.099035080634278,1.5127370100987483,10.261345015689182,3.416585206324215,-3.6654745772825743,-3.1393441429986835
2.6600292088557462,0.4944118329402062,3.55879956678423,4.566014765610772,1.4066719269967733,0.986747287021037,1.396032887923124,2.63020815204553,9.98248145979276,3.6850202246896444,10.123458252841484,3.271771732006199
-1.3919324373589899,3.422150897097011,-4.295955935662544,1.7434984038959933,1.2824481109721746,-4.060522225888084,-7.708180807751855,-3.4676476511083316,-15.730110676765683,-5.100294194002647,-2.5909063585223198,1.862233940164361
0.6194041829005624,-0.7373912561598859,2.1480010529049025,2.4518716934729854,-0.903728396421455,1.69604438058894,1.939915203943629,2.243363949866873,5.214112210740373,0.47536298429263146,5.120669732458878,-0.11171468963737492
2.092980084701295,-1.2570264634769446,2.7037327286694355,1.4565695401291414,-7.077519847468064,0.7788283243522747,2.036874532030157,1.02343627352551,2.2239670764639063,1.7065647453187505,-8.376637161636232,-3.889059417058147
-1.01482423710361,-1.415641284968433,-0.0830983570272047,-3.2541762784153034,0.0055445754615972564,-1.686162678945555,-3.651050818197061,-4.419399986881625,-8.268421400670483,0.8504909434495805,-8.89599372783377,-2.1350930460774205
-2.0174622821586157,-0.4999676271851752,-1.8884513341932991,-1.91072735929231,-0.6723963041039254,-2.291403457400218,-4.126977539398975,-3.8799727720710053,-12.752786994258553,-2.9064910077145254,-13.920323209923593,-8.735952256865756
0.6582459726286768,-1.599034110051851,0.3593802604686068,-2.375103496393545,-0.013638733918774015,2.1075475165690145,3.4482773232263226,-1.670814836047112,3.6319430125452694,-0.35392308817007756,-4.410678270723874,1.5245623788616942
0.1612799636387244,0.485032289368238,-0.35720164770400975,-0.990791621779468,-0.6227745247293979,0.8040349914980961,4.742932067402638,3.2837617025738606,6.300275218350401,1.1809027388013242,2.6762222184914943,-2.109025181905029
1.1509299607615322,-2.0827783324984104,-1.0023150774567893,-0.9951821161838494,-2.0906036460241655,-0.9787940646282922,-1.9674730875575825,-3.6159444564149354,-5.31434105036983,-2.9266439482388984,-9.184615881665177,-0.3947845908983919
-1.2745928802329975,0.01902407187469157,-1.9218794478198369,-1.9325569944166303,-2.9186948487806297,-0.8415697996947851,-3.3132160337221537,-6.402894324519483,-11.269148059458818,-5.367093983615884,-15.185390162469742,-1.7020693028643765
0.892902930471923,5.0197327062399895,0.09014235571008233,4.708450127794861,4.8805459939032385,0.13446477484790223,-1.4801977806567848,1.7820986633128868,5.726881974690981,3.224161720698272,16.738068835746123,3.860322780855396
-0.9081870552966128,0.9887015961167699,-0.8429740684917192,2.077672658384513,2.0011742956274374,-0.09558902814153464,0.032139163452245684,2.21397338402517,1.2494468065683846,2.3277018657240554,6.22537594055548,1.2442056947723543
-1.1168417836479259,0.2619348960599282,-0.31386995369880655,-1.7763829775034377,-0.7762133136907462,0.2562403868066153,0.6723092489228946,1.2833313240627793,-3.6428324141228723,-5.745635222452095,-2.299158872502371,-3.4421066619666107
-1.1131222634544182,-0.49019451365645467,-1.0473288294289511,-2.3129905349926405,-2.602667596640469,-0.3644336582005315,-0.8183921876076434,-1.8498520021676659,-5.923551507547235,-3.6657555225215597,-9.341863825180639,-2.841058108784795
0.9919561020040629,0.28474196225907833,-1.2714717208437714,1.2241337335033857,0.9561863140306298,-1.4345572928592771,-2.670091428488979,-1.6716438115656473,-3.152124461683033,1.0530034184282573,1.4460806450636297,0.516531410192191
0.40106645845602334,0.05560037531958893,2.8299215106654794,0.668671462687413,-0.0266508914785043,-0.7618007924897943,-3.566966256404996,-1.6022832730939984,-2.317526745405396,2.526679521029708,-0.3918158407248197,0.9624990593106395
0.047228775786099,-0.15997303447491767,2.208886428273813,0.33127184740185295,-0.36943225892722786,1.3033958568322466,2.326472349410252,1.5049195693791029,5.358332599633032,1.1117780224275522,2.2761353192671825,-0.7661322582534495
-0.3317580105213019,-1.3416240873689242,0.5487386144398096,-1.0393330026639087,-0.9356877303779312,1.8699341104243952,3.298947800291519,-0.9608906998364592,1.1162023852624112,0.2821392508706154,-2.47868431101858,-1.122071793771545
1.404055486734387,1.4837238792521021,5.307698997905657,4.387945274062011,2.6754339709770454,3.5051904518580783,4.959040913910269,8.627276522916986,20.16575873033207,9.697334089652708,18.596454098947795,3.605211980029945
-0.24221142468046128,-0.10583918837817442,-0.1230142760108583,-0.33389249868090176,-1.7622899137284063,1.0152046335039222,0.21409595316539098,0.27747901091230304,-1.0148651284755967,-1.2778653410895304,-2.8821240543788202,-2.7116930207404533
1.002935482288124,-0.9435462528288006,3.492627514569838,2.527747208871933,-2.592550453201458,6.297323436597763,9.679917434321174,7.002395755278649,20.40540041848948,7.403847201422978,3.296576453283449,-0.5814102392492826
-0.12980142374071557,-0.3071793119973192,-2.004940510029921,0.5183393340276873,4.162247833701494,-2.3846113233637953,-5.794006481240896,-5.182832175846463,-9.910179186507404,0.41854993017121644,1.1504880687710917,2.767258016433783
-0.2825103238948798,-0.18842876179450838,-0.5650044163452586,0.07787602131665394,-1.1076075594122812,0.12658990281855154,0.47039924676894157,0.9232683032804126,0.5672926521599154,-3.3062697241271293,-2.171461845283341,-0.7505856670731819
-0.07757289123187867,1.064430570530588,-0.8660529512547734,-1.395689538086875,-1.5149477185308449,-0.11890844610824863,-1.1432072351053082,-0.43106986134676173,-4.898693694029969,2.2154455347905575,-3.015184880377038,-2.4477449989292897
-0.506243225129693,0.6296631422993332,-1.3891971201973534,-4.592981954343497,-0.8824312866919723,2.338397963622606,3.4260611781464156,3.4885075505558647,5.335144225041614,-2.5160739099821243,2.517617624461242,-0.6811730216130865
0.683630132376994,0.7735111456102465,-0.6570668080647591,0.9802190713734721,-1.4925721499022395,3.132032144187599,4.451580736888147,4.62483613735351,9.991935492524405,-2.3026541965165066,3.729070455873131,-1.9843992541334496
0.0054556351356508555,-3.813874636310126,0.2856782654849449,-2.934489578238102,-3.0006070054112945,0.6479849048756094,3.612902884370552,2.584172123542748,3.0447546438133424,-1.340420244964735,-6.8106065077894264,-2.594514675366139
-0.7669543573246926,-0.18355271873145662,0.14245546018403188,-1.6562765282617535,0.23497478308970587,-0.6289592655309012,0.1288298177551619,-1.4412827681242009,-1.6155375304741997,-0.17139403891027316,-6.515138240054581,-1.1745168460831663
1.6051926689906386,-0.03802559219344885,1.6030385440802888,2.4703920357333877,0.7636200708490537,1.922539474663305,2.6075827349682776,2.8352795049934825,9.418720055000827,0.7583140630573881,4.255633255975631,2.690456017781334
-0.2642488636390927,-3.2601001491113366,-1.4602867962176094,-1.8366932579036062,-2.6713991893364524,-2.464702735556173,-4.758605937235403,-5.818847836752683,-12.663212289678741,-9.351490665049713,-18.44619424974403,-3.0439822646363437
0.09113520161781821,-0.6546451535033744,1.0548596664413195,1.1472248350864485,0.025315414303415718,1.4910482879651554,1.75491004737753,0.03569083159002773,2.7875784099021566,1.2567731248109655,-1.646959267798564,1.5406419271031613
1.6763484281496805,0.735177501154433,1.813568889085077,5.190920350057164,1.7752832886188519,2.8635212007305992,5.020873139368811,8.310826772029028,17.051122890501933,4.51870675814222,15.780690853686844,4.41774942482431
0.28565212329738543,-1.2938267212961834,0.0017854656822025583,-1.114423269649461,0.5555467156690765,-0.26587943014236787,-3.706253016498396,-1.415872270884805,-3.043353331354016,0.4970237087167395,-1.8033008833638973,-0.23675326121095353
-1.4533059904921193,0.07323786470491289,-0.8690501756177791,-1.917803770753813,0.30790109127524135,-0.24659136987745367,-0.014112309962686642,1.380401551719113,-1.1683049537455856,5.524282536436248,3.6828185428853395,-0.7440613036684993
2.117469503372263,-0.8430315712075399,1.2356734592853675,2.2407577498241107,-2.983690096044069,0.630703785749402,1.1569018470270767,-0.6676933280274624,2.984652575663308,-0.7951325949933462,-4.044372231590771,-2.3393028466529158
0.29492974837488095,-3.7196872053108225,-0.1072646490915668,-3.7218040385999096,-1.6648969266442462,-0.2007386238617877,1.2427972558484608,-3.001950555647756,-2.713939888267005,-1.7297314181002343,-9.782700624491566,-1.3428129641892648
-0.40075935358763065,-0.7289755904715773,1.4439370436426273,-2.3139021978100205,-0.9023696381327504,0.4360192767816834,-0.3453433493935918,0.04507752273034549,-0.9257046156914663,0.15384093629590323,-2.5611112230653124,-0.5221914546053442
-1.2781787211286828,3.0313078425829327,-1.683838326982824,0.10849797552742857,5.062449464433,-0.32164316584651886,0.37124460154362704,6.775178674746691,5.250900517407888,-0.1807468025656851,18.707517134711374,3.394817403392148
0.8868542151203214,0.9240059774016023,0.7296689252776417,2.161469779275484,1.28291029647286,2.519785538643129,5.3094677264398245,4.599383887282785,7.4118121491239775,1.1524612188804995,10.367509957652839,2.0934033631455686
0.274628327002907,2.515200369631288,1.7605334783405744,3.752475360381581,5.663087144297025,3.2458689840232795,4.340851921368259,7.9436856886179985,16.336335478129403,6.581072243505414,21.598614314242045,4.266303937637915
0.069266677489083,-0.024591827620304207,0.5987250348169207,-1.3321508821627286,0.744415873158409,-0.6725577540745016,-1.4098564473849444,-1.6514265493552043,-1.4992062388426888,2.88723749504838,-0.4156561269027803,0.38477526000498063
1.5501561499765,-1.5165288067433917,-0.7005961447436333,1.934120337660963,-0.6635879542057221,0.9413276221837221,0.5779885940710121,-1.7158222709115667,1.7873533092101557,1.6998240358155305,-1.222286068500309,-0.7834386091150951
0.8608428331361266,0.10083629644174914,-0.45376349804375526,1.6124259213103391,0.7820381619409241,0.35722584440617905,-0.04604094127457492,0.13177978449563893,0.7335104656642124,-0.8697945964072513,3.6203500979893875,1.9535531592942141
-1.1928688175214486,-0.09568011218895878,-5.219871613066762,-2.6575636728252396,3.2111985022321132,-3.981872929440753,-7.646079155359307,-6.129216692450878,-13.937105681948722,-3.2739130873055067,-3.0476585796770985,1.5883240782486006
-0.4724961159658554,1.1670437068398642,-0.11813091037848783,0.20662602860943896,1.7549500292564784,-2.080359078104806,-3.540268639212042,-2.196717438624352,-5.804587690686439,0.49763971258019785,1.8460578201185505,1.558880835166435
-0.699208956800407,-1.628798313527408,-0.7346290085368092,-3.1225350679871737,-3.3261836948242274,-1.0880649848939052,-2.1090437825486363,-3.533801884550551,-6.618079153006645,-4.453958660989175,-11.178512566009509,-4.0020245321466605
0.6692208813084662,-0.023798681371323713,-0.7174004698980838,1.3268997320591864,1.0041671614019752,1.2860986569389066,4.520630804953859,8.032272097149935,12.713536131988349,1.042638653638813,12.919835271576963,0.9599990193656698
-2.7020949269274683,-1.2036484256491597,0.06359329873522857,-5.776071010726403,-3.215500869702515,0.3499370096604074,-0.7598144507081244,-1.7102100559210067,-6.126664780018418,-1.5603700059597148,-13.108104418250482,-5.343772476525641
0.15056637582619756,-0.43178056160587325,0.19554097648146496,-1.2351696864012476,-4.473748578867252,0.7072135802747437,4.188808084341969,2.674323092897959,1.95295571259638,-3.5865501748567317,-4.718153332582975,-6.4709395920889055
0.7442665352998337,0.6438126974648454,-0.06180996151953133,0.36933219831875763,0.7955077186551414,-0.7040157427355828,-2.0121985217672322,-1.242248425324843,-2.5352066280027215,0.25456018512640743,2.486971761400098,0.9051020312593745
1.4005201638259923,-0.049152158006886264,1.251254083995573,2.428914402650731,0.23192183761048946,1.3686806126265822,3.196765455804443,2.412664956451869,3.896784738219396,1.1856300357111138,1.057483963296387,2.3284142163484542
-0.3795583585899613,-0.28531611315341643,0.1063232967896342,0.7406524996304302,0.531455918958395,-2.810855703555083,-5.333306865295057,-4.647334946199096,-9.612088540250555,1.1013478295590877,-1.32799877494406,1.6873796992382242
1.0286607829810577,-0.23704909031163018,-0.962592144754406,1.1619289769179488,0.1866582506619811,-0.8953778561265519,-2.826264413130213,-0.3584746434374555,-2.4181084487257394,-1.213815648876736,0.3670528086830851,1.0753166998924781
-1.508401097918247,-0.08458501011416668,-1.9452508773425268,-2.0034845983620455,-0.0992954060530109,-0.9374221740880284,-0.3910296888144089,-0.8131883114482485,-3.8904685542278696,1.2968346498473373,-3.63555188009035,-1.4739114370507866
1.1805967766517418,0.8440470213345186,2.005490840091854,3.1220041790925555,-5.255052059973524,0.03753432354627573,-0.4156900060825023,1.43926364422608,0.49834977152206955,-2.851964948800044,-4.337594843916901,-6.0377071248592316
-1.3665806606639976,1.5332613357638007,-1.3038636366590965,1.0148717133977507,-0.37397261373551893,0.21417382280595543,0.7590574303567306,0.4600304189713409,-0.47909651338563264,-2.236075285957877,-2.1903744860195324,-0.06109817324841571
-0.2299484256417129,2.415410882462355,-0.10745948070983768,2.7525283611493903,0.851269994089496,-0.8228254673458993,-1.304855796821699,0.4055247078879449,-2.4482162275519337,0.3445636004659907,3.0360826238743863,-3.155531014228309
0.9028581827665445,0.8528624498957521,0.6615583705478248,2.4201769362383927,0.5160813226818936,0.7814520316386446,1.3165161505391787,2.1507119250093885,4.126277195341002,1.1659324879838608,4.154331509723615,3.40012191759162
-1.2045234402395772,-0.46074456063189917,-3.507802750754913,-2.0682021380438433,-3.2062066304010575,-2.4278730524615137,-4.2792969624110055,-7.696957418661919,-17.086978444611052,-6.8941506366372085,-17.773436116927197,-3.6644965101692284
-0.7797889012293656,0.47203675412107504,-1.8001360297058209,0.6850354095990443,-1.2110485316801274,-0.9247478259592175,-1.0022257984519896,-1.344399818364191,-5.3819475033762485,-2.42433394722577,-5.885972909801209,-2.0358553581019696
0.58789591708496,-0.1332957082736512,0.4094141222723837,0.6554219573125001,0.4509438901412381,-1.2787450500340782,-3.9893109751473146,-3.2123703162450115,-5.737030195058346,2.1821008785695453,-2.5815804997628473,2.7597640756971566
0.5799489914317494,-0.6746370664499531,-0.3537484289448499,-0.03303050655379086,-0.6045415326768994,-3.61017771057187,-5.940689696324063,-9.913411681477328,-14.816074463919332,1.2788365363955823,-13.055778232655957,-3.0116534907560695
0.33169702817744545,1.1448965456306335,-2.0069455973672543,-2.2692144151598694,0.8906061976893939,0.4411760949742052,2.3444902997807464,2.198245567521397,2.047947233367429,-1.0791933970542487,9.806911737501842,1.187112227795679
0.4908545285276716,-2.5658647032422435,1.6006252600961217,-0.3561982730443325,-1.7813383850567244,0.39436050771154296,-1.4640992237159902,-3.2668626714570217,-3.3351712973988987,2.1672697899469373,-3.434603081542905,-0.921023929494121
0.0893219206356929,1.6272149124804274,3.3600789644219904,2.497564030877613,2.636739906167681,3.144105880158947,4.262524738102246,6.300695424890275,15.421251329232238,6.005927184481797,12.217694523096778,1.3948587852483247
-0.6859767142813885,-0.08017487638717873,0.27030539131022124,-2.798811330583203,1.1045010197348826,6.816740899750085,12.559272570972201,13.353677024070143,23.76234899589233,2.0732639248653673,17.925891616254425,0.1526049129771684
-0.3690483410789271,0.3207604507746122,0.9001321785195753,-0.17775575721422207,-0.05171491792011862,-0.2916431287522312,-0.6470635508961672,0.12360799649169002,1.5775044756873793,0.6192362670074627,-2.6058202356175157,0.0030836454788247813
-1.0128142050134097,0.383764055156317,-1.6297608330907183,-1.4554425546356398,-0.8774611956346859,-1.6645716555840908,-3.1424791883947587,-2.643269326028606,-4.801251348634706,-2.8437308487215485,-9.039929955715138,-0.9800972401680492
1.6977289587637057,1.5617697174990757,4.0568496306079505,2.807400552103532,0.8276661987129321,2.9588562100991367,3.9100888866522294,7.725126046267224,14.905354990954846,5.231176632608589,12.976582136716168,-4.4119161520714885
0.1824618740766532,0.3192957114443259,-0.7689236742667958,3.8365833445067343,2.737551512257118,2.186046216593052,3.8591328397714957,4.779134858502784,9.333720908528388,0.6183338322862578,14.09187808609214,4.450251055160749
-0.22101727154097417,0.25859868355092674,2.134327287622508,-0.9935593622137591,-2.0908257814799174,3.130908823090723,4.133611795117482,3.705806383218285,8.157404138042978,0.8925788969856385,2.5932188037459536,-3.000508225483039
-0.07903064541906696,-2.0151224362017706,4.499127275076586,-3.905031479840768,-2.035143552898922,2.850123312000571,4.9657986670676815,1.1986576928225097,8.763928068084027,7.074590590007159,-4.5200727691662745,-2.4824396853121464
2.2496765564372647,0.037510861429272825,2.5586535914239485,4.056444063782335,1.1540364496297342,2.5097212408149883,5.1640284243600325,5.030336749549154,14.95866703920133,3.503111280773212,10.706097148158515,2.235744228555473
-1.1818760581412846,-1.2028467664310245,2.222869156965415,-2.407064163543581,-2.1795175635185506,0.10147785276810906,-0.4821134808519946,-1.351298423765316,-2.5262055380070523,-0.1174477393339608,-8.958023584770793,-5.370911919056526
0.1892974285486086,0.6441047385827997,0.31871221572540875,-1.8502026124121713,-0.5083953501294007,3.2998395751505925,5.765602096919152,6.9426415355710365,13.64202689783916,0.1525069334143222,8.259255175043702,-1.6518447507501786
0.011847260233232099,0.024747551765482916,-0.6451160214853676,0.4236507695391333,0.8620276258339779,2.233106261029793,8.065448873389597,6.738092543875975,11.846833962721657,-2.46871239801267,10.051800186065666,4.311339858764165
0.2521971374431276,0.4469991661115629,0.09041638683401654,0.8856813799914428,-0.8986251142508821,-1.059234345041217,-1.3960232341192327,-0.7126080648935011,-1.4519386031730275,-1.9412658432096532,-2.716024568069272,-0.9739834321779794
-3.3181336763387086,-2.4847570465219047,-2.754454418707717,-9.377525748846686,-3.9092540045144553,-2.25412101088789,-2.817301184788413,-2.0471546161876506,-12.660976189499518,-6.724803035023861,-15.619587108401475,-7.502523036032636
1.3635463419807512,-1.7744067104600256,-0.7059870803433821,-0.30668251195054963,-1.6834686215926093,-2.054215331914126,-3.8002918155782925,-5.278128063786258,-8.289179762772813,-2.0017191974844724,-8.965796426488104,-1.734227904188465
1.9968413561313074,0.5667731994229813,2.062920199528376,4.027137573656954,-0.088826299963221,0.6943367358528877,1.988687560330604,0.6939089362944573,7.557192307483103,2.4380628597992535,5.9681022123967535,2.226744503032365
0.13956828338345248,-1.9367713315668678,3.4041458885532387,-1.9825041299335555,0.40850423895948795,3.151538730307791,3.030830119162907,2.7597067408966742,9.811106935159673,5.5126327723657615,3.6478658675029405,1.6870407536596477
0.499723559966013,-1.948318858955611,-0.5209850850044435,1.233475171703346,-2.012021410338063,-0.6082469401036698,-2.4731206226503204,-4.543505261107555,-7.7581620196651855,-1.2396961850470878,-9.772965340552135,-1.8694836291750274
1.8643221772856808,-3.7207024583726227,2.543951909404983,0.9165181646531491,-0.3021601543880843,-0.1244798520080197,-1.1200284399040927,-3.825316509573039,-0.8827634460749062,2.9064787194800386,-3.5848867486928406,-1.81306618031424
0.5352502728325726,2.441879305659844,2.169462252739816,6.460948417558697,2.2523007616069206,0.9923994586164733,1.5274662449667833,6.525540329206766,10.59801347427694,3.739673720036847,15.411720215020532,1.4839329156674435
-1.1871875160321146,0.6443888624557158,1.1243075164076186,-2.103209827215928,-2.260939808972708,4.001339973351647,8.214805621398945,8.432879937987913,12.038226361268187,-0.39872487430491826,4.113276596459967,-5.039956222562193
0.16555496929261487,-0.34742808959851423,2.6768920131864617,2.7806165614076783,2.2874569427237503,1.9925858484121004,3.137781103452634,2.910308675689162,11.518701843889092,5.607766497546618,7.500673621695191,0.4248445921119872
0.24007367647406977,-0.522440882841506,0.25814734820700247,-0.1985297945913272,-0.9081006592041653,-0.02033484401725294,0.3341950246544696,-0.45075678296124455,-1.5870091517009293,-2.485526270191466,-0.10829341033027928,-0.6781038036922187
-0.16456650363617376,-0.3575232186338594,2.9457063684501255,-0.9558169508639769,0.8913603904191139,0.7628989126823733,1.8843901409216461,0.8755322561910797,4.948820663458738,0.6429572497810825,1.1649424426451016,-0.1946235444276544
0.640343123323447,0.7969690191717053,1.294367757198374,-0.5123158881943679,-0.04093424705077653,4.406560989134148,7.940817253753253,7.839955982161703,17.41134972531188,2.522931225435201,8.511737645151591,0.5510488238528837
2.0305297052025293,0.3897018370685582,0.6833246057790712,1.5343002160667236,2.996717787121261,1.458378065321519,2.2292556732728213,2.929991189199569,6.777726737765422,2.65223835463429,12.447882568609952,3.505153461340467
1.9047290324941721,-0.9931957080976231,1.6527810870499196,2.8433593407682656,-2.9590886639359533,0.47033463966097944,0.9947333658460409,0.5246891456374092,5.154207404383858,-1.0319248376883017,-1.5377172268664137,1.3670721357121978
-0.10349698332634184,-1.0549246325566612,0.4814989835191,-1.187123084329015,-0.8154305751283659,-1.6607275200014697,-3.30042687849576,-3.614844144317612,-5.875054697856493,-0.6343598171823576,-5.922291850975287,0.9191036619057802
-1.485115895120441,-1.625611505570987,-2.0293957669465055,-4.732622935767976,-1.4880268213708119,-3.4611350165479133,-7.873819879347564,-9.352346865368434,-20.0622167571887,-1.4968375204624165,-15.63743097605291,-2.3453441535231647
3.4960268085607575,0.38655322947356774,3.450622905621962,6.523041870745223,4.871966486514486,0.7575194177345828,5.573641291638705,4.091917661217361,15.815071719357757,8.646480318324324,19.80273391219127,6.6267250517881795
1.1325709302584974,0.7523566186637707,1.4161524046123328,1.8967932688644031,3.0783231909826583,1.071478906396947,0.515866062264221,2.6346103680748025,5.9200073258785935,4.228958280202857,9.533538442127266,3.205370471621648
-1.3889965591445401,-0.6347030865554817,-2.362462379721995,-2.741459979809144,-0.4550237705261826,0.45504905864130163,-1.1326326984117636,-1.0868677487669753,-4.839253941092069,-3.331624037550319,-4.500583298404281,-1.7607104773039812
1.8431607604033307,-3.172710004568595,1.784587057905197,0.015145789201148951,0.5482500145821938,1.12168442920716,3.3881155504760643,-0.5949253254961794,5.4925545010927515,2.6554672910376995,2.182158480476371,2.641188783531322
1.346276750666918,-1.8057975336774825,1.9852582431114687,1.7422117690484915,-1.2434440162905935,2.4130986378010784,3.7401821956152665,2.5582105136081448,8.891646162048747,4.784135198463304,0.22217247910214422,0.0484770136352084
0.03840420540870375,2.744507822277396,0.03206688731740379,3.4939928547723627,1.4497609827740976,-0.09427065532227823,0.19169115512578488,3.3242007363244577,6.508603589597602,3.6058940959027317,7.316401103015502,2.460686080020075
0.20156660626912956,-0.5261261572889554,-3.5412351012839514,-0.16542708687170585,-0.7818245548059309,-1.698919921432753,-3.407123449095865,-3.786705860983008,-8.880658391579523,-5.843220965514886,-9.788334733900829,1.729560564946745
-0.22563990493842162,0.7731568627440746,-4.214515108864429,-0.059747096735927374,0.11253954864203614,-2.0412770211250546,-3.8355744132780134,-1.1193406032959592,-6.1586781115067675,-4.342255960173497,-0.871737221460706,-0.5007074401959307
-2.2116181710934515,0.28678532492809256,-2.3107887780159007,-3.8190219100807457,-1.6487471892801866,-2.5166458778219125,-5.072894602094264,-5.331538822747257,-14.676835384125072,-4.886977623249622,-11.398332454359826,-3.1160626446058557
-0.3998889588281312,-0.2693455136805835,1.556244696995557,0.03159251859877543,-0.39389720959811975,0.6587286419413174,0.7820281332311774,5.29586197807361,5.848262376001441,0.8973615129472942,5.408098572525519,-2.3247686555805203
0.9306607305062333,-0.8882512278636704,0.048370634787469946,0.3785998239451337,-1.1029949338717546,0.35161799289418383,0.4217913484671386,-1.9057466387996325,0.7455905242849299,-0.1761598180778705,-0.11692684525651664,-1.0078583404427972
-4.681614391712436,-1.4156291028313615,-3.865645894417384,-10.047098661686526,-3.9642291947535493,-4.400078200533413,-7.158925050290276,-11.891529515535172,-29.0055786076228,-7.564861107810798,-32.106136674529004,-7.445292525425005
-0.4049677167543228,0.2613984479195351,-1.1730464032400947,-2.2331522704567552,-1.199978580782011,-1.065836761041758,-1.8515835742339903,0.05084853962262792,-2.4727148219806803,-0.2414046344273999,-1.0122674082610312,-2.209576321661479
-0.22773232969459,0.7968813777809721,-0.6443463876813909,0.24288297906841347,-0.06663745925662179,-0.33521731669655835,1.5918375896154895,0.8344811193925445,0.29636187451625406,-2.5896512994097347,1.9836433965362215,1.1484492118284828
0.0777358435639363,0.33940845300376377,1.2603883111121794,0.3925946242905377,0.3092149954435964,5.682892997397135,7.517055278549623,8.876196785971622,17.24212998971734,1.8219473684608012,11.311206606368776,-0.8320149433409244
1.8307782955930962,0.06251844712652696,2.2460549012885718,4.303087095764967,2.2819296020158335,1.367683856379743,2.412064712980279,3.2897482132945477,11.548724172903716,6.0742011792198465,14.099672040078122,3.3387474044937617
-0.36716983929846597,-2.4781005018904665,-1.9842576657403104,-3.6078040853690116,-1.4102919166823917,-0.25447011231647765,-0.26317810059756286,-1.6488215227385725,-3.8807142708397984,-1.7428983320276197,-7.163905396561658,-1.2246046676066518
-0.3654181924227843,2.7642643491936085,-0.48000313366633424,1.529447861796658,2.0779104956861096,-0.4494855412494493,1.0443513913911957,7.312134148170899,8.661448555718534,-0.508422640441976,15.331626546740555,1.857110695202724
0.6443617711056201,0.9098822682844145,-2.2663448248667786,2.8482212094816486,-0.03663459474636199,-0.5343816816551799,-3.259595105212608,-1.794957905462856,-2.486926137055631,-3.2279218766604343,0.6770530637294135,0.25920179411429567
-0.10044386468642257,-0.5350430572102275,-0.12862126761155346,0.40319504750192536,-0.3618971729718161,0.13043118054512898,0.38843782053192794,0.289845794656454,-1.9871152691688625,-0.11271366086793655,-0.05076873066141563,0.9596117678449096
-0.8002655828845449,3.217393392157273,-0.3214367824153419,1.1986340273897356,0.0005331957806735677,1.2804336464675221,3.480896212568421,4.7282198049737225,6.408349156281623,-1.553549502670684,6.504562889051555,-0.5423674010142758
-0.09995401022140499,0.22785862390953468,-1.5288878020147143,-0.05517575942549359,-0.18951043493857728,-1.1627200546933185,-2.771323927449187,-2.2975714176628466,-6.1571097306718,0.6808597169255273,-4.625153062868531,-0.36904806025269593
-1.2668627623898532,0.18013832148490508,-1.6793287841901674,-2.4895451171320087,-0.985399592837747,-0.8277115026007699,-0.05935031762234466,0.827415479623677,-2.69179486052003,-0.9768623025395948,-2.619576508511999,-3.898684045928446
-1.0419277302112933,0.6854694476450692,-1.1585481447625137,0.8374701820962678,-2.795752885641383,-0.4312804624103911,-4.02655768768619,-2.186347662581036,-7.39313577796918,-4.280599279403887,-9.453833049298535,-3.242364798550562
-0.0032697944772302045,0.9769423532839314,1.8238179047995404,-0.5885148097290799,0.10327021454046381,0.9724167099008623,2.335908893998325,3.1870500567358926,5.6164413186894535,0.9754091640378857,5.524757361827959,1.10682082705584
-0.17691511914069902,0.3753587101881045,4.147901797445152,2.0499912044051967,2.564897475958562,1.379680172432627,4.43861880197938,3.832696441746525,10.858935672634352,5.094896102912257,10.135684224698247,2.191284696930193
1.7701455546928675,-1.3618300956430294,-0.8299601809218795,2.2663220496300442,2.6859285894760707,-2.2007136887212333,-3.4938478921761904,-4.483544515401007,-4.4599959214792575,2.284986162247166,3.2026723878917682,4.799148680936784
-0.32187635906219925,-0.3907710781074181,0.450884211269334,-0.8225604795659245,-0.8681606171560716,-3.115854647881263,-5.611179549697311,-2.69124898328024,-10.655979992648021,-0.9016762924264832,-9.15463160546079,-0.9947117009292085
0.17575520322532673,1.9391043258642608,-0.13958447131181492,-0.7324995737506437,-0.9189643068158706,1.2863911579590401,-0.1476869935551326,0.5625757693544808,2.179184463063865,-0.9215328039501861,1.3083210335590931,-2.0350593841515954
0.3072435919579027,-0.8002175489883254,0.032054788665110884,-0.23000625018473056,-1.3813999524103582,-0.7285008852748293,0.5524904528368857,-0.8168610271239723,-1.0584700980735244,-0.908717615390773,-1.4499472664825066,-4.458986879888567
-3.6424191189689563,-0.29526535610384097,-2.540717968022842,-6.636503811196571,-3.118587284603876,-2.466597271534644,-4.400266339877505,-3.1042107869884594,-12.944015542448966,-4.925519360797916,-14.572517021236624,-6.17280725920443
0.3961210164760437,-0.14600455623459224,2.166664002703786,-0.5882681597670847,2.4429528076021176,2.0085616466359184,0.6858604696323374,1.4624498055469612,5.962500359119088,2.3150007731611266,5.526508711564616,2.8300800918752866
-1.032622507475675,-0.12918658283644827,1.399655583249411,-1.488289037774014,-2.1126442524208233,0.43862781371624965,1.2490542535773232,-0.9898805098474802,-2.866465103949399,-0.2899294114174976,-8.638794852341098,-1.7374455051515945
2.55285109171248,0.2560272999922864,2.4460947693906108,7.40387214469988,2.7998092985539706,1.5585881964145336,2.704729597727604,2.937893039498397,11.637960734846517,6.818695277869201,9.746690290616396,3.949551514968842
-1.212927930355452,2.1728882032202517,-1.419142157607204,-0.02031707060697638,-0.8397474332087919,-2.0210460134397277,-4.946791993964219,-2.252930945928594,-11.418353559014538,-0.6274334760841989,-4.689908095816639,-1.7362790171857099
-0.18723571456806476,-0.7310870331422501,0.6887782956818966,-0.3963293434579557,2.6177623153789527,2.954838573704933,4.350529407383124,2.4261669124351997,11.792834188899272,3.301939263496008,7.443664245008539,1.7934681678152697
-1.767851538133137,-1.4146825081261727,-2.26706061066304,-6.223885441253607,-2.5862781423859347,-0.2186680119653619,-2.4327489103169904,-1.8324677334267918,-10.682827912010273,-7.721492598631633,-6.960166839434459,-3.821785825953842
5.074934434590796,-0.9290189436757581,4.666811656866443,7.60865875119766,3.836072892084756,4.250773531137996,7.63844501772275,6.1468056529789905,25.568715375952745,7.874951688366358,21.812864433142444,6.7194590946901815
0.004399685098280644,1.4865559005406062,-0.3285336252851939,-0.14869497040898638,0.7012244384810926,-0.41405046668837353,-0.4485692746323629,3.056991299121274,2.3171711520394433,0.30317526703279907,5.4885599662227005,-0.7257982053611168
0.21167214352900054,0.34477690051628246,0.5647324187675018,0.9163667170875098,0.6991001853696788,1.1008810472400419,1.948124176882678,3.1248077655745727,5.609584336475604,0.5503223960867444,5.943010522662423,-0.1826409763140675
-2.0087746764354044,-0.5589422524743044,-2.525257381314516,-1.7991033701934018,-2.829745518749331,-2.842127075116345,-3.9939397984794454,-4.1883544643395165,-16.082981623136725,-3.240220206807237,-12.785463784267591,-6.2312826064351645
0.6929890746560536,0.9993840072147755,-0.34070174449655277,2.440699038672376,-0.0009582498209319557,-4.276030932875755,-6.241819937667632,-9.836793192654703,-15.529111363939315,-0.12417401225159963,-8.361088128325651,-0.32919533432447057
-0.8679502254733131,1.28279955863975,1.0361124276837443,-2.221208633326311,2.3827529699961105,-2.565198129896033,-4.249483067132754,-2.8717819503126036,-6.676736672485111,0.8363701386242528,1.2151321623507338,-2.8077403520634383
1.590167676251685,1.18100094742113,-0.17224410009585212,3.3861430406989665,3.8206665274666776,0.08130365022914093,-3.5255465122178795,-1.6767159704424244,-0.43960280353337955,3.8118741465795525,8.028501966383528,4.767944653332518
-0.890917178093906,1.819252362714287,-0.7832083450647751,0.18983413382557796,2.157161992689807,-0.5885887375524166,-0.54034396939437,2.9538038962405566,3.0639242254060663,2.7852733420779865,7.590536882220983,0.5268353455704934
-0.9639709787454926,-0.6842230387384367,-1.6775122748274214,-2.448283633676111,-0.9109708518593349,-1.0238301930240297,-1.9801605755646274,-3.557049907791356,-8.383092564908864,-4.559793780889797,-6.694680201469262,1.3533059440208317
-2.61593599987112,0.7135210402631104,-4.88771985797767,-2.7087595362200343,-0.4368463396051533,-7.29465634700612,-12.691573467531873,-11.715226840574704,-31.128498529113255,-6.443579153326254,-18.86670723268435,-3.557668245078344
-0.057487290033797614,-0.08220947599417408,-2.681877337058109,0.8230422829213024,-2.0814903162498286,-1.8634643139213845,-2.9239910046081743,-2.9096247138781535,-8.538144561537287,-5.194252605270138,-8.413264871439257,-2.1091051752228918
0.13889692311623528,1.1520039065135064,-0.9245820247228093,1.4974126421836436,0.5343112172834139,-0.011579515235932147,-0.3763687962759183,0.3440906022517134,-1.5906241026462946,-1.0968248423512665,1.2001035955987707,0.21923819946716738
-2.029377683428313,0.6106116213748116,-0.4888045517033719,-3.1969289856330825,-1.5073254103678297,-0.4307530275837051,1.039212160580898,0.10477369469527587,-1.1736310733883362,-2.566547416530253,-13.547177837902177,-7.053789623067174
0.8008554130384267,0.8049615733056474,0.14380553345769043,1.3903476483638222,1.4844762977047916,0.7153534816254297,-0.05856894350698982,1.480280271000407,3.44379339589985,1.2580543413003409,6.848873012543949,3.0306375825047125
-0.09807857182213546,0.37443701012426406,2.2242700665169153,-1.3907055495817917,-0.1404314057657392,0.6426989423273238,1.550686662252811,-0.03427061842631285,0.6736257356944517,5.2324876693003874,-1.7491083724344623,-2.9476550982135112
0.05001047403265172,-1.0360388688108326,0.2228607435812523,-1.1652708597265848,-1.9273891378984347,1.1251520813240685,-2.762963794379743,-4.133535665754714,-5.571934558512063,-0.8835705947094282,-9.879859492830224,0.6006574767800716
-0.12610135654544982,0.09436984363225925,-0.24811099509374618,-0.32184761464193706,0.19050075364776756,0.03777581777118813,1.9589307402139526,0.9607904248821197,2.1969386454358584,-1.99768972246569,0.8722186361091041,1.5792358606420904
-0.22123771638356723,3.4847794144569963,-0.02290268930912359,3.1099431605435166,3.35177802099469,-0.8783524651105139,-3.0367385487152454,1.93652673186351,0.44002315423065713,2.2875792190906807,10.357714877063339,2.6058255557422703
0.12701627657792947,2.0776522074474864,0.14733663898522983,2.4149640663756933,1.3279244085716957,-0.6545816143841747,-2.8134329897506296,0.26154338580362685,-0.7555674472712206,0.6123904820954174,3.9300658978493592,1.2794362153205419
-1.1696342077259327,-2.4493757557211735,-0.3150837959542935,-6.092047898688803,-3.9576394451392707,0.09659964692991568,-0.23651308306590182,-2.81678831851798,-8.42926794184093,-1.5698377232698162,-13.584868309321834,-3.855520209339518
-1.0109963767225731,-1.109785583716841,-1.473316909090819,-2.9205685382165503,-2.475220092420433,0.14702101475167428,-0.03288619733832454,-0.9517774667699944,-4.6058947545013655,-3.5305052033692235,-10.164042329492101,-3.1381374777885367
1.285802147736195,-1.333863036280041,0.7996563699334316,-0.00042044024191345564,-0.7703315000351538,0.32072608024767757,-0.2830377438883852,-1.677601030151009,1.2523110890418916,-0.40054945543124154,-3.63841623130069,0.8311827075834333
2.22776452870474,0.6014066735004416,3.5404692699538547,3.1432070708801794,1.552337126026396,1.5778057647553534,2.9621599234920017,5.390575129730159,11.684420160097206,4.507251323371731,13.299848623492487,0.7679673225205828
-0.29220075626403297,1.009422600135901,1.9733076601928472,1.4517310594289665,0.8534385499890214,2.571874595769189,4.40298335221045,3.00767844652058,10.095887266068631,3.8122064839995033,4.996759574117044,-1.783291642712164
-0.6134318871813443,-0.8509180291815084,0.9901351878563883,-4.263890263815098,-0.8387741579805149,1.0392656967996183,-0.8549116628800666,-0.31206183364873846,-2.3164504753881996,0.12117696165456271,-3.900522118941839,-1.299493299081465
0.3396760845345118,0.01177443327958372,0.12751223349871088,0.4097685459608848,0.7546185603986749,-0.029010620420379205,-0.49840793177154735,1.2317825253972743,2.7303782384088158,1.3872999297117923,1.4399113367553156,1.0102896379741317
-0.20154310210283807,1.1438378899178583,0.6427542969330448,-0.4293916735675116,0.3591188458374527,0.3818530934375891,1.6415874989108032,3.3259344430864513,4.297665364260349,0.1526987122206741,6.646304645228405,1.6125084641922678
-2.9803962474564636,0.626616438087231,-2.7086632510973607,-3.0815579820215264,-0.6805199337787406,-2.6076530654832903,-4.110080473075753,-4.350550492978822,-14.037575914431928,-4.316152126438498,-10.39818324003497,-4.685407546962251
-1.1637743810422008,0.0882569643938496,-1.0436691858940483,-1.7742067188950466,-1.6827158854398871,-0.3673087008797558,-0.04876967649504593,-0.6898772551508291,-5.009948622883486,-2.4302206900844783,-7.1493913500475275,-1.3334973287052518
0.5655360792931001,0.19929932401008688,-0.38838573255733844,0.3625789692734954,0.49367115030216274,-0.5775413076880599,-0.5113915555762721,0.12143316211226762,-1.9848701338582415,1.9796345840308363,0.01897904143269713,0.021174056026729504
0.38250260175759043,0.01686246950846064,0.5426175412784437,0.6679832534426018,1.212753667661851,5.08636776010054,8.47258891217756,6.32109390193854,16.06261740132417,3.423367228187599,13.60485699293161,1.0767989426257385
-2.915222259571821,-0.5190310251211465,-3.590137540219861,-4.774176188157351,-3.52707320155211,-2.310130608087916,-5.676582956348241,-4.296984893358901,-18.20250185981805,-7.618296055246944,-16.205622318853134,-5.834703526418749
-0.8120561211111615,0.13931262690821017,-1.1355927513660513,1.2252954275910573,-2.0080192111297803,-0.7465584875655484,-1.9203699534319427,-0.8557398556274881,-5.760657397787553,-3.0078197651368046,-6.149352004202687,-2.5538492283193963
-0.7718666455570504,0.4744464505368672,0.5491465096092124,-1.711812697847072,1.2376181147823355,0.48839344648431615,1.948505759829788,2.545809974481961,3.934112594721912,0.2477159373184301,5.009435587339989,-0.8605446902218361
0.4212675422679067,1.3729668945475066,-0.5055172077187857,3.3963728543854486,0.9246559046649276,1.4732432706599266,5.834297202924071,4.1318549958437405,9.67787272202428,-0.062213410585026496,8.935246535588634,1.1213842549747264
-3.233454694303305,0.318254974314909,-4.83574888865026,-3.172508887965545,-1.6743383625347925,-2.1367787891464545,-3.771215645832129,-2.612463525004411,-13.184970915123602,-7.280272452869323,-10.34488338955281,-3.222413639748207
-1.5691736863858536,0.7386531990255807,-3.3809709139486808,-0.22413374247067797,-3.5940227959606976,-2.240307775849024,-7.883398042151745,-4.740334596117956,-16.472011927084633,-4.892294156630461,-14.569161348948375,-4.396367485441431
0.9158712467362966,-1.1389866649182907,2.9508938023535185,0.870855886556848,0.3230683689298184,2.440743693910546,3.020896018217625,3.16267961728541,9.979735790798346,5.932959696133477,5.111763940305252,1.032851305255335
-1.0297693209118928,-0.08000151394579824,-0.9051918328293518,-1.5149187336519396,-1.2690631233057559,-0.38295264300034604,-1.1134629616170977,-3.4543545987710953,-6.735754047944336,-2.194819626167965,-12.057984015511398,-0.7226539357648933
0.36455190836063145,-3.981199483724086,0.12549797480998912,-3.0835692162017434,-4.8093496623273335,0.06395640017365162,0.28349730387900535,-7.052306101570416,-8.024984936454977,-2.7868984972794975,-17.354778991386418,-3.061443100521746
-0.7415697319109986,-0.7065207513513981,0.3103244745549578,-1.1728936041424416,-0.8054269035649644,-0.7592817836795233,-3.231533892900589,-3.37952643595612,-7.133806423882727,1.4781608687452434,-6.96289762846416,-1.3126965881137656
-1.6150396452906157,0.6031665050513406,-0.32783658627134704,-2.144701429738361,-1.4743603574160198,-0.2821197484871233,1.6815647069887694,0.21758227106454786,-0.7508255896987235,-0.3668199942137196,-5.546965301450282,-3.252470705382092
-0.7208383010875571,4.1116882603261935,-1.0522882652522394,2.8170891143327537,2.192838887727704,-1.3752726595167184,-2.7337402454488124,2.001291553689575,-2.291560945541638,-4.926300978394176,9.556605390735726,2.6291204575723492
0.5879476325370866,-1.6176908787948747,1.0145532686359853,-0.5744462699792591,-2.5666507932209317,2.411503750426411,5.98603758058196,5.072341566858242,5.97439581965118,-0.713942985387896,3.221679084941792,-1.4109963796082572
1.2426891568939844,-0.21941472239265566,1.8905953541605138,2.535987716471915,-0.4736750411737306,0.795973560998906,2.2235618877694883,1.309142539535459,5.961490111861245,1.9565559965642645,6.366175114603381,-0.12953437788950362
1.080103819415619,0.9166456383418028,1.3341075643439768,3.6803148951162994,0.935338848586632,3.1923475713952616,6.330833369388209,7.7935082989640705,15.4313605942083,1.4965701659664508,14.873912190949072,1.0712740365164923
-0.2302096333283062,-0.8963134402792464,-1.3988706847709826,-2.403131624528914,-2.5345410771054073,-0.8159711081343572,-1.1952994104546102,-9.78165943000147,-10.98545628218784,-4.249976387600682,-12.157620717525162,-1.3252584427991598
0.40972959784464974,0.11672473178767036,1.7590917479304853,1.8929102947196395,2.1079663897417666,1.4173885239700241,2.785795508858292,1.5334394509616602,8.171601804172237,0.9490999536576554,5.79043034913352,-0.36158180368919046
-0.8916747299460079,0.6276265020081901,-0.7144567022678496,-0.8777682306007806,-4.612396389740844,-0.3618863058871197,-0.31362574003930827,-2.548000648806135,-8.503943716411099,-3.3853974018603417,-11.585004375500205,-0.36861739652787584
-0.5339314176276033,0.26392765660482054,-1.0475921972606197,0.49512626203826016,-0.23198531515949478,-2.0141390311093663,-3.2454409136281024,-3.281659584512826,-9.649556405209113,-2.1240270491056408,-4.0998171015532,-1.993002416452263
1.5734514480709596,-0.9780345771431574,1.2424153379309728,1.6627680458295246,-0.9584311451127071,0.4999624727621121,0.9931699989283047,1.5548829807202638,4.5840786271172815,-1.2534823809134739,1.246738249085255,1.4743498199526561
-3.6495107895416954,-0.3414076032117161,-5.845775185618496,-6.7619377736583015,-3.399931371929479,-5.313722151950733,-5.741863093839785,-8.645771864961727,-25.122235236988534,-10.312279779695304,-24.420148917779105,-6.14360889340563
-1.7659919513811286,0.8383661943340422,-2.939870164121631,-0.486564955224416,1.2275448885981324,-1.5763497384657288,-2.1482699171589585,-1.1091958257310468,-7.462074796646165,-2.081917613949809,1.8406137851400324,-0.5405461080905216
-0.8776170185574943,0.11479715463623114,-0.0259726591763364,-2.075533171486663,-1.6872065900951596,-0.12875094381996324,0.5807086075118812,0.27385735840486536,-0.8963127170977964,0.15267355046180442,-4.626286418961544,-0.6944345422975684
-2.9362488627155976,-4.560270715444037,-13.289140562268752,-7.804330117005893,-2.7636914763385287,-7.58955352035687,-11.984674970516688,-14.377231088617163,-38.94315298157736,-18.696020822315553,-28.5549598723018,-4.967108558248289
-1.0137082375368427,0.7381058862676785,-1.0873575276143674,-1.1043778599668648,-1.0943033072333925,-1.5062735047697697,-3.490702730661978,-3.5927772120633414,-9.596130524047458,-2.23971579760528,-12.399974647213494,-1.6846879276936135
0.18162154818442133,-2.6504035165123874,0.2081731216393049,-1.9845148429543473,-1.125852478960461,-0.9796886475756882,-3.5095075724419953,-6.2850571280372876,-11.94311484358583,2.696852967541478,-14.183204889949302,-3.0747410226462355
-0.17096733915610887,0.6762262807930988,-2.366542367507182,-0.1806098892749013,0.46255509284955,-1.7035689517485957,-3.0315787083770824,-4.938145923209911,-8.354035322958644,-3.654986470274755,-5.152864050216506,-5.132863749593338
1.5387158402618824,-0.9039642156678273,4.295064297426279,1.9744771345917518,1.9353672830344921,4.633831764419143,8.179994852860247,6.540227544590835,19.447562000034083,5.824162818264788,12.76649295578834,2.1841917614341515
1.0075487224595332,2.4786895389998405,0.10577751238100985,3.4482770650916503,2.644900282621345,0.6130554863157155,2.1524414452194476,3.644800700588114,8.94900616424318,1.2084904424588299,12.830396999323156,3.46506212072429
-0.380331563383019,-0.30668617511196705,-0.8363951070133269,-3.4573982001414203,-0.4283442537708537,-0.7056898385946538,-1.3606585920339942,-0.20448266958279837,-2.980569500155289,-2.392265908861732,-1.670901858625729,-2.092390254125239
-0.6561464935679798,-0.42485707374286585,-1.0834186662018963,-2.093042088913413,-1.7263502213030137,-0.649783962533122,-0.9902341621878226,-1.1901441389184497,-4.365099839467554,-2.712174779116049,-7.794983735414322,-3.4484072522913674
-0.2752466256764835,-1.2114134149248352,-1.0203925763888666,-5.888976027260904,-2.1793144438389866,-2.426352528901804,-4.212563289808242,-4.968640581562415,-9.873569939749213,-0.9074500466061697,-12.382234354987562,-2.203697683908865
0.19917056958335988,-0.49231724708159136,-5.648977623290293,3.046299172703319,1.5788195749034688,-0.09261631206537002,-2.73462218340944,-2.09090804401305,-4.310852568815819,-5.992522469929772,0.15104762573048053,1.804722984748857
-0.6233836803448642,1.399588431616694,0.057355971900623026,2.849813135847927,0.13543818112189993,0.4409478646150127,1.0375997978441704,0.6518602060742358,0.6551420594472577,-0.03791053433977648,-0.12025907025374971,0.12464700602815598
0.28541506498714225,4.915599050149111,2.968179287932855,4.553054762164385,3.4713777589625137,1.3157856946563231,3.3819797938859004,7.826700849087529,13.106483429246817,7.938465035362887,20.148171312292046,2.0356595964400355
-0.19988696397022634,-0.3056843982849383,-0.9800635247332399,0.0036691843918291722,0.36587027862045707,-0.4313183582187639,-1.9139164844114656,5.220110379432848,3.2545339457462674,-3.3629182296273807,6.417673197831502,-1.71280491380386
0.10992018595489916,-0.10845277854611947,0.49277541201064873,-0.2773850443182957,-0.3872998440882028,-1.2073111757892336,-1.9147232937260041,-0.8669653860670417,-3.0039322777264377,-0.47264222132277633,-3.3516122559130452,1.907017143412713
-0.13667569273552074,0.5872421906849644,0.5392557059267762,0.7014142925625151,2.66990896935862,3.0243735620665,5.52750814460553,7.2529256208071065,13.173950727467814,2.4571349111713765,13.950476646165907,1.3997315069942362
-0.5294453685011589,1.4801284989030692,0.7209690699799032,1.342545988100067,1.3304697097999716,-0.5952536874712453,-2.160732414763575,0.9721826317849529,0.9916033262218457,1.9945925422691488,1.9726168480467907,1.8510282176453012
2.2721200405922595,0.20590384811867143,1.8598872068044638,6.271331625356417,2.026364313294601,1.526886811753286,1.2873030639255698,0.33700684061657205,6.380588146861738,1.0740033097495978,6.474988108184629,4.902597423401787
0.7491073231726907,-0.2445569448445953,0.16751877478349597,0.832981493849833,1.805060505458237,-0.6055910118006245,2.156173902019887,-0.17642184914924697,-0.28917045540995856,1.0983473680236924,3.432511931117501,2.8995244524766783
-1.2721576040590235,-0.19207656450686533,-1.5653503388984709,-1.4884521688144046,-3.3792936252530583,-0.4184702063893644,-0.9751061959513188,-6.103924155731998,-13.771335829390939,-3.7047146057530926,-14.58996880433712,-4.9272859190862075
1.3353577471593787,0.4963250881958988,1.7456922973907436,2.066712875842351,0.6699348422607484,1.9102651484926034,2.572568484863921,2.705709647091662,8.935262347247466,3.1428439896737537,8.812186015644453,2.7268299223958916
-0.02545894974018836,-5.045766137644845,0.9811939674265823,-0.5159221559392972,-3.7435991771028867,1.0462447683738325,0.769413366096614,-5.7272977229374264,-4.738986173714728,-0.7042804508409848,-15.813323586948453,-2.289770796965178
1.5563923097297987,0.27335673833263996,0.3764465049800767,-0.08791428807516466,0.5456123634181445,0.498055605557969,1.2844098111399607,1.2858221665563436,4.362609324392844,0.36886760596495655,4.761908843287807,1.9996137576297202
0.9155672733699552,-0.34110251057792595,0.5186323194914073,1.4852073715506724,1.0912872627264885,1.864710000345767,3.527273898608133,3.2862935666408473,8.356762926728129,-0.34888031663944963,6.685199809614911,1.2816756403170222
-0.1620166921830321,0.8876903075508504,1.4844211887189862,0.8869407100498148,2.3468967710645185,-0.9114431026866633,-1.2649104738758659,1.0127405410967323,0.6749720431185802,3.168934928473058,5.959753091248987,1.1225352255554564
-3.102457795070018,-1.6821092573972865,-1.8187939671464688,-6.26000976191133,-3.65048329696266,-1.562591802011744,-4.485976870013695,-4.649626273833525,-14.662457513678582,-5.904711564167126,-17.677110585884982,-7.050861775095181
-0.6210968461760891,0.19407580881789124,2.9427970728422945,-2.3067120704946227,-0.6928517863716714,1.1604203231216894,3.588097274604104,5.102481265818522,6.126285704312899,5.593530569116725,8.437739708326408,-1.0784320831991123
0.08694057511985107,-0.03879719188793754,0.7878858093042213,2.2094467482368683,2.6007246644192437,4.228968337352514,7.18888502394223,4.536579318660621,16.158939180570083,2.540373987297418,9.18142978797934,2.3745822941344437
0.31055015137459097,0.33498481591469936,0.036882270099571624,-0.19536279720271488,0.3525869180387481,-0.22671022030760998,-0.8660340734028178,-4.005758602258055,-4.546090219970263,-0.1929221765377333,-5.903578184166424,0.22373405757632603
-0.662083936061506,-2.042475761547863,-0.3909408190570446,-2.6291376781640117,-1.984526102771117,0.37875649695358793,0.5880139603669303,-1.1787262913544911,4.944821023406178,-0.9481248327044071,-6.824525325716493,-2.2332908561670606
-1.2775757568340422,0.17431478652819896,-0.751661094014048,-2.8217612990824152,-1.1595061804847613,-0.014038036835642864,-0.2729864541380188,-0.5305410849466274,-4.318768887617497,-1.6709369268657734,-3.603305429928101,-2.361810974594374
1.1082399066024466,0.1312131400429354,-0.8629035045040012,1.5063390606142457,2.614732789292603,-1.403167717790753,-1.1694814809991245,-2.0960225012152667,-0.7758050661424889,0.012954486514940744,5.269196474611365,3.4105296380545274
3.4674769826272884,0.1293347125407385,3.1881318489715955,6.088230163578006,2.776223845817224,1.277387951301861,4.202679246257138,2.953367230851483,13.088993904525061,6.742672209890938,14.690935099616846,6.8658712990954225
0.0527473664121416,0.2319009521474664,0.58946805439119,0.11142589328272501,0.9494887760100903,-0.2025785852965803,-0.8557390783597406,-0.9950996130395113,-2.5815037617378356,2.6570462472143697,3.1444960600501592,-0.29845177195021744
-1.0689799793323351,0.4353098772638087,-2.048819352675461,-2.568768291077941,0.5109842959303581,-1.4909722204743932,-1.3213058887406668,-1.2169790198086503,-3.9889299342249274,-1.8814254705798097,-1.9363332158450839,-0.7769574202290916
-0.6076767930472635,0.9415521295560475,0.28146902296821985,-1.278823178058719,-0.1427940551492728,-0.5799535978715837,-0.19227542070026193,0.38736782075583276,0.2961540353061983,-2.0926387370758786,1.55332251376083,-1.90651522673209
-3.302764271604639,-0.6168503594942671,-2.764533622093542,-6.317215760120578,-3.002614977259904,-4.984198012694363,-6.790044701705439,-7.669596815026156,-22.869388900257185,-5.219153597956614,-17.731502335389155,-4.998177167912377
1.7637413471336112,1.0501045082512859,3.9222807068947096,4.6318708666254755,3.243009860355854,3.901743564503562,6.153312076297189,7.527900430979325,20.496901445010945,7.7348162514607495,19.78512531282414,4.766572798826151
-1.446035169048707,-0.0034947349518619562,-3.7576049917733068,-0.8648331630208299,-1.378866408376912,0.30127330828189125,0.6971128610950343,0.33225397831123327,-3.346371909014575,-6.938991936219644,-4.88571213245465,-0.3725903772748864
0.16609348830821055,-1.8700460909771504,-0.4854001623427157,-3.1383433499049893,-0.34587163146602906,-0.6879251111106065,-1.809631785885154,-4.129548395441191,-4.44400884827928,-1.6132030730343878,-7.439290935679888,-0.7216730823220094
-0.6012784769848766,-2.144711137556855,-0.3096404162926568,-3.1378419368739863,0.14499517935716666,-0.5858188640029154,0.01414009876440181,-3.7127504832562224,-5.1039317315532395,1.14090002761102,-6.325520258179,1.9063828805003171
0.11468833484703998,-0.40275383085618083,-0.41999278456623,-1.765278297706648,0.07519792963426725,-4.521187240017789,-12.495622387034656,-10.838467122317821,-21.66410391213569,-3.703547517712004,-13.302947714430445,-1.9073797455251533
0.36074145342608177,0.843491008837063,0.8820833394229903,-2.055547109830513,1.534434156468555,1.0047253501823765,1.9062709131080544,3.278351786107257,6.690284911640949,2.766023534488594,9.320262440440079,1.7881117916131253
1.0772920118624145,0.5367622034608387,1.6913792541026338,2.6868076665689022,2.1179947264835928,2.121631728354389,3.3441798738409356,4.546306825411216,11.01916302668224,3.3975345043587604,9.884501734314407,0.4797989445312125
-0.8846890092695535,0.8609268159136522,-2.374226282712609,-0.5163662323664082,1.1480666917070739,-2.727833456484306,-5.23650021120736,-3.425543492150277,-9.040257123825194,-2.446176074972349,-3.619294905609622,1.7191864937401569
-3.8170921104086135,0.03514865265524274,-3.3788780431753036,-7.560016370527658,-2.999865330307457,-3.277654039043455,-5.423534269515898,-5.910606079956799,-20.79871914098104,-10.399642332625412,-18.043540702065137,-5.665288348314925
-1.2954623382638522,-0.1273812056716068,-1.1383348601862413,-3.067472406547025,-3.316626330473281,0.14823990190037672,1.474689025912313,1.005745297020701,-3.1356735142148526,-2.4569425363945547,-8.682156421323933,-3.3972267143117403
1.6096243482932362,-1.2211018272868113,1.133633086266324,-1.389778236496897,0.07400577069025768,0.9814076934197916,1.9728064913252852,0.6250488075869755,5.5007364976799025,1.1643755752523925,2.274671520793249,2.535510902809712
1.3774541714931776,-0.4210069992015664,3.238253117602065,3.074481359524971,1.1289193127238923,-0.3638201863894226,0.5853524537720227,-0.3633339394579665,4.115277837113384,4.9099761984843955,3.3024253070283587,0.9023525040861531
0.216697129636547,-0.141518942796892,1.2576623700991214,3.2268100971320997,-0.048651029507088925,1.0762582366007123,1.2568590779804998,1.3572156354234501,2.9115296738493024,2.0149660252103616,2.1127977170507632,-2.4143320034793327
0.2244365379454017,-1.7304713911658367,0.7018893065886166,-2.440887228702365,-0.3996058294675381,-0.037797550832859794,-0.026705397280905166,-1.8734080282545214,-1.5210334965803474,1.1728280518680394,-4.81814805770248,1.2866512224564606
0.40058704884756724,-0.8182028103362091,0.9173064089609899,-0.8076331127184517,-0.6364284561893829,0.27536605402579356,0.3802308287080875,-0.3268905141831959,3.0853941142149632,3.2140623038367035,-0.14573369360101274,-0.6339960998445484
-1.0477027797631244,0.21871659989881578,-1.0147938518733348,-0.24943537818779427,-0.2933801148866492,0.133807380272431,-3.524357649296288,-1.161153104698386,-5.913817246155411,-1.410488105691096,-3.5861855498876762,-2.49626580929682
1.7650623802113563,0.6373837263497555,3.420512370832379,5.4668081107206286,0.7647742735913667,3.134971798820062,5.635381049969697,4.37361673149166,15.058647376745972,4.612037913222567,11.685968877454043,2.077356036613441
-0.17728500181645784,5.7123257000741985,0.3347334929412884,4.526551212961968,4.696064607076459,-0.010633316060028902,0.3714506728007238,6.900285787415619,9.379707987122897,5.668718699222588,20.074915755373905,3.8809590206400753
-0.26621148207909606,2.011608423844369,0.37481006885200197,-0.9798776344132007,1.357432276474698,2.484161483862421,4.573049569272457,5.010100028423879,10.020077523177228,1.640369210885602,8.792302964744382,-1.9083013747008195
0.038569752062735725,0.33565512924292723,1.3195428513456482,-2.181739171273291,-0.6250117367624143,0.627101274806457,1.7428611934785416,-0.26233302825405413,3.937702719631049,0.7879199496707532,-2.495587796750786,-1.0727013748046457
-2.3651848701762956,-0.17138623802666153,-2.712284671694092,-3.9990727871709533,-2.390815643758305,-0.9301672509267805,-1.48232549112168,1.420308676193792,-5.46140319087144,-6.296560822484274,-11.371913416155573,-6.704830651770414
-1.1009147247043707,0.3179416152199091,-0.030345468933057562,-1.8287181445543548,0.11314380787373834,-0.05196126489709543,-2.105055670707251,1.5370794908075247,-1.4744513017903342,1.1857048586155048,0.6304989019132397,-1.0304845715986473
0.6463919098640182,0.8470054541831474,-0.36343282909391306,-1.0219971152350276,1.0501234495567104,1.3552978973573224,0.9269363320731292,0.16107403914990615,3.219860535352831,-0.14687501662630398,2.092306596861233,2.971769778233491
-1.7981961250211802,-1.4410784492581161,-1.9750682884397095,-4.127809908660056,-3.196555041098456,0.44158628148410894,0.9911683595548904,-0.7845565163394819,-4.10398090780283,-4.08401334874698,-10.759094457474768,-0.7853645920423231
0.23105503842517017,-0.19868294198503017,-0.19242682890136478,-3.571924545016701,2.751397465167593,-1.8655730825675365,-3.879664770834615,-4.607867073878821,-6.4358151119525315,1.3705832600065526,-0.09014693245302477,2.754566310480096
-0.7119259646626984,1.1381993312780847,2.5123048523342297,0.6450567589718657,0.8661598265416025,3.6517464433688267,4.586803976943681,6.104366609219332,13.83731060092269,2.81572680698919,8.03862098348431,-1.0392129141207418
-0.25026911013696673,-0.2644006614912519,1.0251526678644558,-1.1453573620929096,2.0822465877093554,1.7009862460907716,2.840478244097998,3.5096476481210996,7.38347648878945,2.8058630507362237,6.592576732172783,3.1455220545277753
-0.5492417065826761,0.15518651565009964,0.02450241759736188,-3.314378991811345,-0.446655814732846,0.8892520927496342,1.6793067997560676,4.0057808795368075,4.00929993212051,-2.3498090333491737,4.114035595142899,-0.8031775048484635
-0.34059712619108706,0.1930251019717935,0.3013413740822406,-0.21384719610042163,-0.16028154196000607,-0.721235870923713,-1.6880574338035994,-0.9123542849416248,-3.7335156059767742,0.09697929474829603,0.4023446359272196,-1.603038264348394
0.5764168060787415,-0.9970873525281307,0.6470411336911124,-0.12506135096008797,1.2887046505639175,1.3512805237920786,2.9584224936158754,1.163934529011335,3.2607190840006046,1.7097617298270447,2.554638375684399,3.3980717725084943
-0.5204662266584602,-0.32231370670451887,1.7814817820563775,1.7844120018153213,-0.562300071440516,2.3311138097429636,4.439723623406095,3.9198432828556773,5.921474713162281,1.7964344702610742,1.6047135296849238,-0.18187681395099242
0.14249635014575693,-0.4019374713159427,0.11967570366378671,-0.01789187719963302,0.3485791303135261,-0.47200218024007967,-1.2373159453615117,-1.904893291304256,-1.1411264578856326,1.053147299556878,0.8329298480375331,1.0285022839451219
-0.04908436282350309,-2.9489743240942126,-0.31688604503643336,-3.262588974956759,-2.8550529671365252,2.1485042395385685,4.492289444041016,2.5581702219967783,5.808359765497736,-1.0778796844183887,-6.492450664103945,-1.819693916913272
0.39651874253273317,-3.0285958582546386,-0.7667249459105324,-1.4372448649965193,-2.0151883696439183,-2.7901108573168876,-4.55516422036366,-6.212145141605607,-11.440569949917428,-1.4255303068246015,-9.351243886137794,-2.2098805089866276
2.0687744669530237,1.0888424315791938,2.696095825353674,3.8494443463590464,0.9013755029018982,0.49989825406452404,1.2008100017847387,2.2750085583663497,7.958914612396527,1.4377892237906362,3.6169469769593485,1.65251949457749
0.6257580906950976,-0.6048769596798907,1.1913078202277596,2.183779328014456,-0.8673484644976173,0.8312837558795503,1.5753280641536451,0.36466226646211936,4.227675807080924,0.04734998836528381,0.8414843099311959,0.3072758459444407
-0.8442474176319474,0.03682741315857533,-1.0165816238313077,-1.6871919528442383,-6.863216513136069,-0.47829926831825453,-4.623283471461448,-3.467938155579989,-11.64236033728435,-5.404783371900599,-18.799932026391126,-7.12518838165609
-2.774730692660283,-0.5150827605651176,-5.4646350248757605,-5.0492202837286095,-4.945039899880118,-3.111838091856116,-4.974821748002281,-8.07161911474348,-20.606118065035865,-7.957096461781601,-21.606227401531292,-6.539396103105214
-0.6452562994821793,2.1316488555985775,0.5572581242482804,-1.5182230509555783,4.1629909379891,-3.0309128241160646,-5.61662310548381,-1.9077626226186828,-6.68766335640499,4.3570336610298765,5.145597602362892,3.6557927862469786
0.21091347131315202,-0.6566349055092074,-3.5911658730048983,-0.37739760267533595,-1.0453848787273963,0.2645993296097884,2.6301928467696576,0.8926777868997057,2.514959967192592,-4.069488562472391,-0.5225228860386557,0.17167313210646817
-2.2744678441604442,-0.1516213183033121,-1.506860765416941,-2.895237930427519,-1.3766016799175873,-3.36978111098665,-4.9173048403664525,-5.5428505014957885,-14.871345692771127,-3.264104708648675,-14.812828658920449,-3.1767051512519706
-0.0072940425662142115,1.3682992525556468,2.815507617501275,2.130799915332496,2.1189688556014596,0.5286382252653199,1.1227773206443445,2.358073448537875,5.160146019839018,4.736027751263113,6.86932744331382,2.5930366133079614
0.21528165942761499,1.151592690422183,0.05898876998518637,0.5718180978025257,1.0977760937907934,-3.5372215424304247,-6.906826182955562,-3.9844282706327707,-10.089502389104036,0.6839137950746369,-1.0699346942442296,2.208177346582562
-0.40273715989375025,-0.9883163160696543,-1.114602246552906,-2.341842098004317,-2.192983260677643,-0.561109895463712,-1.8849295741842762,-3.86898886769208,-7.29200972320695,-3.9162456621346826,-9.949022467566015,-1.758156708048567
0.7805027785867896,0.9295953966888486,1.223839992844993,3.1438095740903886,1.8525746747590222,2.7727465373721514,4.493040617893342,6.566997561147199,12.432401560803402,-0.08604890577443669,15.176078209712783,1.3942275629223786
-1.5455409739375527,-0.08733094789156934,-0.37366335250867433,-0.7243811406182832,-0.9690027461278181,0.16707834588801918,0.24591173595984692,1.7399002626934215,-0.5742947765571093,1.1746532607630724,-2.2732320667840735,-2.7206541595576703
-1.8952845804607634,-0.03465589387466808,-1.594193228106832,-4.8998367061535415,-0.7894262603915787,0.0286734460300051,-0.47358754627581934,1.946431710561434,-2.6254625378534975,-3.248698206865186,-0.7003540950786948,-2.7373107680233586
0.6095002296564475,-1.3206566511921431,3.26318468218051,-0.2286153279281172,0.26489162887011297,-1.5652676078047802,-2.7231672726783724,-4.171447189666779,-6.48984466839238,3.596104700705328,-4.52832833596718,-0.7136179186531875
-0.009058270121161251,-1.825090667980207,-2.277840533160832,-2.006767306089359,1.6845269038661037,-1.352282217789022,-3.4852360906523874,-5.613439220091973,-6.493070223873323,-3.6747994790229153,-1.6119576985477262,0.7560627739907416
0.4728954751731953,0.6085829208914938,0.43172437645395195,2.6868889997085192,0.9452971812446991,0.18860475219069278,3.4423730447240333,2.4571211149913976,6.225105782852663,3.072582413501028,8.371914377045934,0.3056901727368766
-0.139659068878202,-0.007102860988439733,0.44965817418469683,-2.032408327790844,-0.4880586788124748,0.28220839329338426,-1.0367394934836456,-0.8372366814232592,0.03393220607534486,0.45079023236876326,-2.5741744502021184,-0.6104292382706171
-0.7076436150147835,-0.13501660331225426,0.6603929702001542,-2.179859111298706,-0.26261871280076055,-1.5174839237513484,-0.6751450108837245,-2.5253027592963875,-4.237136464130024,1.0902340409035092,-3.2844409124177445,0.8743547827452114
1.016676518011251,0.6143664207550924,-0.1183520177860411,2.964360568069459,-0.8008783944582145,0.385422219166911,2.4333668298835396,2.535540448868111,4.641955003480633,1.0932609100852098,4.734649579919866,-1.3399616969038581
0.9133743834002445,0.7572075184074398,1.7315482338161534,-0.0657594714135703,2.7994065564568276,1.1011493057100676,1.9890975111849003,2.5871926444821516,8.049022288062375,3.548680500981251,9.363086532369989,3.642074124953061
0.493301639149176,-1.1462816248830061,0.5516949905568399,-0.18268556058558366,-1.9015222111530727,1.104438670004382,2.540342149716774,2.2710234875777275,4.9952342398157725,-0.17545986247138412,-0.34443205577458724,-0.650227575760999
-0.6082725816789725,0.24903883235690158,-0.7747155555460676,-0.9360077861931929,-0.6863569003274912,-0.5196365912308167,-1.0509540786297427,-3.416954224634514,-3.1588246009669767,-3.964168348261212,-8.202105920227297,-2.734633842760813
0.199013699163519,-1.3067139219176689,-1.156336010065029,-1.2092258705645909,0.19784212913730792,-1.939141279532707,-3.1099682539475686,-4.045770428114055,-8.22574734158537,-2.3414369890996554,-3.9022408302935765,2.1975046978817803
-0.32580245034898975,0.6986627072674039,1.0207287753226906,-0.17722779433053415,0.48407820663453,0.9970135849204242,1.3698886373341463,2.8965746934773056,6.084879279761125,2.685167045843327,3.2883689280919426,0.2597177736873929
-1.6973725519361453,0.3767469200559988,-2.6716279682999007,-2.4854170052012563,-1.2069898025402073,-2.7538774497414185,-5.351348691968717,-3.6912227937235187,-11.393389229520904,-3.3860339620166946,-11.153873823690779,-2.76161253106949
1.7995526629776963,2.4444856054003807,1.1274857112816115,4.059997485291332,3.0301108016888945,2.078463444520003,3.8263975537494805,7.560880243943602,15.820358379503624,2.931967949348612,18.862433713431347,4.732127364364189
-1.2959519115788036,-1.981110237613582,-1.7012831084512003,-3.77605374903917,-1.1464630754640777,-0.8190701724046456,-1.444583880691471,-2.816598106555064,-5.2665236330944944,-3.1549311278891246,-8.550388220869593,-2.7123752072589986
2.3073434725628172,-2.1705972709148686,3.417449511072721,2.954030201287865,-0.27056730666973783,1.0034526934398502,1.9384358440703937,1.4044595936758515,7.685522727158451,4.270553664320277,4.820775402261266,2.258249757923282
-0.1142762026339799,-0.5720378619900512,0.3217418662315911,0.04000463931969145,0.8467803413195649,2.7893637336670825,4.3504941474808865,3.253716947446161,10.950613818091083,-6.710522628653151,8.032853695790905,-1.9435854016153342
